{
  "type": "FeatureCollection",
  "name": "Calgary final downtown residential permits",
  "metadata": {
    "city": "Calgary",
    "dtuid": "825060161",
    "spatial_coverage": "downtown",
    "coordinate_reference_system": "urn:ogc:def:crs:OGC::CRS84",
    "report_start_date": "2026-01-01",
    "report_end_date": "2026-07-17",
    "retrieved_at_utc": "2026-07-17T18:30:45.175912+00:00",
    "selection": "Residential records inside the downtown DTUID used by the active inventory and/or reporting-period flow metrics.",
    "feature_count": 177
  },
  "features": [
    {
      "type": "Feature",
      "id": "building_permits:BP2018-11149",
      "geometry": {
        "type": "Point",
        "coordinates": [
          -114.07444130211563,
          51.045985794718085
        ]
      },
      "properties": {
        "city": "Calgary",
        "dtuid": "825060161",
        "feed": "building_permits",
        "source_record_id": "BP2018-11149",
        "status": "Issued Permit",
        "permit_type": "Commercial / Multi Family Project",
        "permit_class": "Apartment",
        "work_type": "New",
        "description": "Barron Building Conversion - New Parkade",
        "address": "604 8 AV SW",
        "applied_date": "2018-08-21T00:00:00.000",
        "issued_date": "2018-10-03T00:00:00.000",
        "completed_date": null,
        "period_date": "2018-10-03T00:00:00.000",
        "longitude": -114.07444130211563,
        "latitude": 51.045985794718085,
        "units_created": 94.0,
        "units_lost": null,
        "net_units": 94.0,
        "is_residential": true,
        "is_active": true,
        "in_period": false,
        "requested_geography": "downtown",
        "in_requested_geography": true,
        "spatial_qa": "point_in_polygon_tested",
        "metric_roles": "active_inventory|period_flow",
        "source_page": "https://data.calgary.ca/d/c2es-76ed",
        "retrieved_at_utc": "2026-07-17T18:30:45.175912+00:00",
        "metric_membership": "active"
      }
    },
    {
      "type": "Feature",
      "id": "building_permits:BP2018-12206",
      "geometry": {
        "type": "Point",
        "coordinates": [
          -114.07444130211563,
          51.045985794718085
        ]
      },
      "properties": {
        "city": "Calgary",
        "dtuid": "825060161",
        "feed": "building_permits",
        "source_record_id": "BP2018-12206",
        "status": "Issued Permit",
        "permit_type": "Commercial / Multi Family Project",
        "permit_class": "Apartment",
        "work_type": "Alteration",
        "description": "Barron Building Redevelopment - Residential",
        "address": "604 8 AV SW",
        "applied_date": "2018-09-11T00:00:00.000",
        "issued_date": "2019-01-31T00:00:00.000",
        "completed_date": null,
        "period_date": "2019-01-31T00:00:00.000",
        "longitude": -114.07444130211563,
        "latitude": 51.045985794718085,
        "units_created": 93.0,
        "units_lost": null,
        "net_units": 93.0,
        "is_residential": true,
        "is_active": true,
        "in_period": false,
        "requested_geography": "downtown",
        "in_requested_geography": true,
        "spatial_qa": "point_in_polygon_tested",
        "metric_roles": "active_inventory|period_flow",
        "source_page": "https://data.calgary.ca/d/c2es-76ed",
        "retrieved_at_utc": "2026-07-17T18:30:45.175912+00:00",
        "metric_membership": "active"
      }
    },
    {
      "type": "Feature",
      "id": "building_permits:BP2018-14190",
      "geometry": {
        "type": "Point",
        "coordinates": [
          -114.07629560214184,
          51.05241674923738
        ]
      },
      "properties": {
        "city": "Calgary",
        "dtuid": "825060161",
        "feed": "building_permits",
        "source_record_id": "BP2018-14190",
        "status": "Hold",
        "permit_type": "Commercial / Multi Family Project",
        "permit_class": "Apartment",
        "work_type": "New",
        "description": null,
        "address": "#1001 708 1 AV SW",
        "applied_date": "2018-10-24T00:00:00.000",
        "issued_date": null,
        "completed_date": null,
        "period_date": null,
        "longitude": -114.07629560214184,
        "latitude": 51.05241674923738,
        "units_created": 113.0,
        "units_lost": null,
        "net_units": 113.0,
        "is_residential": true,
        "is_active": true,
        "in_period": false,
        "requested_geography": "downtown",
        "in_requested_geography": true,
        "spatial_qa": "point_in_polygon_tested",
        "metric_roles": "active_inventory|period_flow",
        "source_page": "https://data.calgary.ca/d/c2es-76ed",
        "retrieved_at_utc": "2026-07-17T18:30:45.175912+00:00",
        "metric_membership": "active"
      }
    },
    {
      "type": "Feature",
      "id": "building_permits:BP2019-00699",
      "geometry": {
        "type": "Point",
        "coordinates": [
          -114.07393356921557,
          51.052643010216464
        ]
      },
      "properties": {
        "city": "Calgary",
        "dtuid": "825060161",
        "feed": "building_permits",
        "source_record_id": "BP2019-00699",
        "status": "Issued Permit",
        "permit_type": "Commercial / Multi Family Project",
        "permit_class": "Apartment",
        "work_type": "Alteration",
        "description": "Interior Alteration - Existing Tenant",
        "address": "#703 600 PRINCETON WY SW",
        "applied_date": "2019-01-22T00:00:00.000",
        "issued_date": "2019-02-21T00:00:00.000",
        "completed_date": null,
        "period_date": "2019-02-21T00:00:00.000",
        "longitude": -114.07393356921557,
        "latitude": 51.052643010216464,
        "units_created": 0.0,
        "units_lost": null,
        "net_units": 0.0,
        "is_residential": true,
        "is_active": true,
        "in_period": false,
        "requested_geography": "downtown",
        "in_requested_geography": true,
        "spatial_qa": "point_in_polygon_tested",
        "metric_roles": "active_inventory|period_flow",
        "source_page": "https://data.calgary.ca/d/c2es-76ed",
        "retrieved_at_utc": "2026-07-17T18:30:45.175912+00:00",
        "metric_membership": "active"
      }
    },
    {
      "type": "Feature",
      "id": "building_permits:BP2019-02394",
      "geometry": {
        "type": "Point",
        "coordinates": [
          -114.08953140061655,
          51.03919694674169
        ]
      },
      "properties": {
        "city": "Calgary",
        "dtuid": "825060161",
        "feed": "building_permits",
        "source_record_id": "BP2019-02394",
        "status": "Issued Permit",
        "permit_type": "Commercial / Multi Family Project",
        "permit_class": "Apartment",
        "work_type": "Repair",
        "description": "Exterior Repairs",
        "address": "1201 15 AV SW",
        "applied_date": "2019-03-08T00:00:00.000",
        "issued_date": "2019-03-18T00:00:00.000",
        "completed_date": null,
        "period_date": "2019-03-18T00:00:00.000",
        "longitude": -114.08953140061655,
        "latitude": 51.03919694674169,
        "units_created": 0.0,
        "units_lost": null,
        "net_units": 0.0,
        "is_residential": true,
        "is_active": true,
        "in_period": false,
        "requested_geography": "downtown",
        "in_requested_geography": true,
        "spatial_qa": "point_in_polygon_tested",
        "metric_roles": "active_inventory|period_flow",
        "source_page": "https://data.calgary.ca/d/c2es-76ed",
        "retrieved_at_utc": "2026-07-17T18:30:45.175912+00:00",
        "metric_membership": "active"
      }
    },
    {
      "type": "Feature",
      "id": "building_permits:BP2019-06780",
      "geometry": {
        "type": "Point",
        "coordinates": [
          -114.07316919398005,
          51.041823451331574
        ]
      },
      "properties": {
        "city": "Calgary",
        "dtuid": "825060161",
        "feed": "building_permits",
        "source_record_id": "BP2019-06780",
        "status": "Issued Permit",
        "permit_type": "Commercial / Multi Family Project",
        "permit_class": "Apartment",
        "work_type": "Alteration",
        "description": "Emergency Generator fueling and ventilation improvements",
        "address": "530 12 AV SW",
        "applied_date": "2019-06-03T00:00:00.000",
        "issued_date": "2019-08-08T00:00:00.000",
        "completed_date": null,
        "period_date": "2019-08-08T00:00:00.000",
        "longitude": -114.07316919398005,
        "latitude": 51.041823451331574,
        "units_created": 0.0,
        "units_lost": null,
        "net_units": 0.0,
        "is_residential": true,
        "is_active": true,
        "in_period": false,
        "requested_geography": "downtown",
        "in_requested_geography": true,
        "spatial_qa": "point_in_polygon_tested",
        "metric_roles": "active_inventory|period_flow",
        "source_page": "https://data.calgary.ca/d/c2es-76ed",
        "retrieved_at_utc": "2026-07-17T18:30:45.175912+00:00",
        "metric_membership": "active"
      }
    },
    {
      "type": "Feature",
      "id": "building_permits:BP2019-12653",
      "geometry": {
        "type": "Point",
        "coordinates": [
          -114.08182470986384,
          51.046914208970016
        ]
      },
      "properties": {
        "city": "Calgary",
        "dtuid": "825060161",
        "feed": "building_permits",
        "source_record_id": "BP2019-12653",
        "status": "Issued Permit",
        "permit_type": "Commercial / Multi Family Project",
        "permit_class": "Apartment",
        "work_type": "Alteration",
        "description": "Exterior Alteration",
        "address": "909 7 AV SW",
        "applied_date": "2019-09-16T00:00:00.000",
        "issued_date": "2019-09-26T00:00:00.000",
        "completed_date": null,
        "period_date": "2019-09-26T00:00:00.000",
        "longitude": -114.08182470986384,
        "latitude": 51.046914208970016,
        "units_created": 0.0,
        "units_lost": null,
        "net_units": 0.0,
        "is_residential": true,
        "is_active": true,
        "in_period": false,
        "requested_geography": "downtown",
        "in_requested_geography": true,
        "spatial_qa": "point_in_polygon_tested",
        "metric_roles": "active_inventory|period_flow",
        "source_page": "https://data.calgary.ca/d/c2es-76ed",
        "retrieved_at_utc": "2026-07-17T18:30:45.175912+00:00",
        "metric_membership": "active"
      }
    },
    {
      "type": "Feature",
      "id": "building_permits:BP2019-14412",
      "geometry": {
        "type": "Point",
        "coordinates": [
          -114.07133721302057,
          51.036890114036176
        ]
      },
      "properties": {
        "city": "Calgary",
        "dtuid": "825060161",
        "feed": "building_permits",
        "source_record_id": "BP2019-14412",
        "status": "Issued Permit",
        "permit_type": "Commercial / Multi Family Project",
        "permit_class": "Apartment",
        "work_type": "Alteration",
        "description": "C - Apartment Rooftop Telecommunications Antennae Installation",
        "address": "1800 4 ST SW",
        "applied_date": "2019-10-21T00:00:00.000",
        "issued_date": "2019-10-31T00:00:00.000",
        "completed_date": null,
        "period_date": "2019-10-31T00:00:00.000",
        "longitude": -114.07133721302057,
        "latitude": 51.036890114036176,
        "units_created": 0.0,
        "units_lost": null,
        "net_units": 0.0,
        "is_residential": true,
        "is_active": true,
        "in_period": false,
        "requested_geography": "downtown",
        "in_requested_geography": true,
        "spatial_qa": "point_in_polygon_tested",
        "metric_roles": "active_inventory|period_flow",
        "source_page": "https://data.calgary.ca/d/c2es-76ed",
        "retrieved_at_utc": "2026-07-17T18:30:45.175912+00:00",
        "metric_membership": "active"
      }
    },
    {
      "type": "Feature",
      "id": "building_permits:BP2019-14436",
      "geometry": {
        "type": "Point",
        "coordinates": [
          -114.07584812299808,
          51.03976817208514
        ]
      },
      "properties": {
        "city": "Calgary",
        "dtuid": "825060161",
        "feed": "building_permits",
        "source_record_id": "BP2019-14436",
        "status": "Issued Permit",
        "permit_type": "Commercial / Multi Family Project",
        "permit_class": "Apartment",
        "work_type": "Alteration",
        "description": "Evergreen Estates - Interior Alteration",
        "address": "#1001 639 14 AV SW",
        "applied_date": "2019-10-22T00:00:00.000",
        "issued_date": "2020-03-17T00:00:00.000",
        "completed_date": null,
        "period_date": "2020-03-17T00:00:00.000",
        "longitude": -114.07584812299808,
        "latitude": 51.03976817208514,
        "units_created": 0.0,
        "units_lost": null,
        "net_units": 0.0,
        "is_residential": true,
        "is_active": true,
        "in_period": false,
        "requested_geography": "downtown",
        "in_requested_geography": true,
        "spatial_qa": "point_in_polygon_tested",
        "metric_roles": "active_inventory|period_flow",
        "source_page": "https://data.calgary.ca/d/c2es-76ed",
        "retrieved_at_utc": "2026-07-17T18:30:45.175912+00:00",
        "metric_membership": "active"
      }
    },
    {
      "type": "Feature",
      "id": "building_permits:BP2020-03336",
      "geometry": {
        "type": "Point",
        "coordinates": [
          -114.08461846913195,
          51.04000968389823
        ]
      },
      "properties": {
        "city": "Calgary",
        "dtuid": "825060161",
        "feed": "building_permits",
        "source_record_id": "BP2020-03336",
        "status": "Issued Permit",
        "permit_type": "Commercial / Multi Family Project",
        "permit_class": "Apartment",
        "work_type": "Alteration",
        "description": "Parkade Repairs",
        "address": "1001 14 AV SW",
        "applied_date": "2020-03-19T00:00:00.000",
        "issued_date": "2020-03-31T00:00:00.000",
        "completed_date": null,
        "period_date": "2020-03-31T00:00:00.000",
        "longitude": -114.08461846913195,
        "latitude": 51.04000968389823,
        "units_created": 0.0,
        "units_lost": null,
        "net_units": 0.0,
        "is_residential": true,
        "is_active": true,
        "in_period": false,
        "requested_geography": "downtown",
        "in_requested_geography": true,
        "spatial_qa": "point_in_polygon_tested",
        "metric_roles": "active_inventory|period_flow",
        "source_page": "https://data.calgary.ca/d/c2es-76ed",
        "retrieved_at_utc": "2026-07-17T18:30:45.175912+00:00",
        "metric_membership": "active"
      }
    },
    {
      "type": "Feature",
      "id": "building_permits:BP2020-05063",
      "geometry": {
        "type": "Point",
        "coordinates": [
          -114.0826654513761,
          51.04716784697483
        ]
      },
      "properties": {
        "city": "Calgary",
        "dtuid": "825060161",
        "feed": "building_permits",
        "source_record_id": "BP2020-05063",
        "status": "Issued Permit",
        "permit_type": "Commercial / Multi Family Project",
        "permit_class": "Apartment",
        "work_type": "Alteration",
        "description": "Emergency Generator Replacement.",
        "address": "920 7 AV SW",
        "applied_date": "2020-04-30T00:00:00.000",
        "issued_date": "2020-05-15T00:00:00.000",
        "completed_date": null,
        "period_date": "2020-05-15T00:00:00.000",
        "longitude": -114.0826654513761,
        "latitude": 51.04716784697483,
        "units_created": 0.0,
        "units_lost": null,
        "net_units": 0.0,
        "is_residential": true,
        "is_active": true,
        "in_period": false,
        "requested_geography": "downtown",
        "in_requested_geography": true,
        "spatial_qa": "point_in_polygon_tested",
        "metric_roles": "active_inventory|period_flow",
        "source_page": "https://data.calgary.ca/d/c2es-76ed",
        "retrieved_at_utc": "2026-07-17T18:30:45.175912+00:00",
        "metric_membership": "active"
      }
    },
    {
      "type": "Feature",
      "id": "building_permits:BP2020-06029",
      "geometry": {
        "type": "Point",
        "coordinates": [
          -114.08285894616459,
          51.03901197734302
        ]
      },
      "properties": {
        "city": "Calgary",
        "dtuid": "825060161",
        "feed": "building_permits",
        "source_record_id": "BP2020-06029",
        "status": "Issued Permit",
        "permit_type": "Commercial / Multi Family Project",
        "permit_class": "Apartment",
        "work_type": "Alteration",
        "description": "Exterior Alterations",
        "address": "#112 923 15 AV SW",
        "applied_date": "2020-05-19T00:00:00.000",
        "issued_date": "2020-06-03T00:00:00.000",
        "completed_date": null,
        "period_date": "2020-06-03T00:00:00.000",
        "longitude": -114.08285894616459,
        "latitude": 51.03901197734302,
        "units_created": 0.0,
        "units_lost": null,
        "net_units": 0.0,
        "is_residential": true,
        "is_active": true,
        "in_period": false,
        "requested_geography": "downtown",
        "in_requested_geography": true,
        "spatial_qa": "point_in_polygon_tested",
        "metric_roles": "active_inventory|period_flow",
        "source_page": "https://data.calgary.ca/d/c2es-76ed",
        "retrieved_at_utc": "2026-07-17T18:30:45.175912+00:00",
        "metric_membership": "active"
      }
    },
    {
      "type": "Feature",
      "id": "building_permits:BP2020-11248",
      "geometry": {
        "type": "Point",
        "coordinates": [
          -114.07132481893757,
          51.05299972522486
        ]
      },
      "properties": {
        "city": "Calgary",
        "dtuid": "825060161",
        "feed": "building_permits",
        "source_record_id": "BP2020-11248",
        "status": "New",
        "permit_type": "Residential Improvement Project",
        "permit_class": "Single Family",
        "work_type": "Alteration",
        "description": "Improvements",
        "address": "400 EAU CLAIRE AV SW",
        "applied_date": "2020-08-16T00:00:00.000",
        "issued_date": null,
        "completed_date": null,
        "period_date": null,
        "longitude": -114.07132481893757,
        "latitude": 51.05299972522486,
        "units_created": 0.0,
        "units_lost": null,
        "net_units": 0.0,
        "is_residential": true,
        "is_active": true,
        "in_period": false,
        "requested_geography": "downtown",
        "in_requested_geography": true,
        "spatial_qa": "point_in_polygon_tested",
        "metric_roles": "active_inventory|period_flow",
        "source_page": "https://data.calgary.ca/d/c2es-76ed",
        "retrieved_at_utc": "2026-07-17T18:30:45.175912+00:00",
        "metric_membership": "active"
      }
    },
    {
      "type": "Feature",
      "id": "building_permits:BP2020-12143",
      "geometry": {
        "type": "Point",
        "coordinates": [
          -114.08179716606756,
          51.04809343818985
        ]
      },
      "properties": {
        "city": "Calgary",
        "dtuid": "825060161",
        "feed": "building_permits",
        "source_record_id": "BP2020-12143",
        "status": "Issued Permit",
        "permit_type": "Commercial / Multi Family Project",
        "permit_class": "Apartment",
        "work_type": "Alteration",
        "description": "Interior Alterations",
        "address": "912 6 AV SW",
        "applied_date": "2020-08-31T00:00:00.000",
        "issued_date": "2020-09-16T00:00:00.000",
        "completed_date": null,
        "period_date": "2020-09-16T00:00:00.000",
        "longitude": -114.08179716606756,
        "latitude": 51.04809343818985,
        "units_created": 0.0,
        "units_lost": null,
        "net_units": 0.0,
        "is_residential": true,
        "is_active": true,
        "in_period": false,
        "requested_geography": "downtown",
        "in_requested_geography": true,
        "spatial_qa": "point_in_polygon_tested",
        "metric_roles": "active_inventory|period_flow",
        "source_page": "https://data.calgary.ca/d/c2es-76ed",
        "retrieved_at_utc": "2026-07-17T18:30:45.175912+00:00",
        "metric_membership": "active"
      }
    },
    {
      "type": "Feature",
      "id": "building_permits:BP2020-16602",
      "geometry": {
        "type": "Point",
        "coordinates": [
          -114.08939465482071,
          51.04038115339007
        ]
      },
      "properties": {
        "city": "Calgary",
        "dtuid": "825060161",
        "feed": "building_permits",
        "source_record_id": "BP2020-16602",
        "status": "Issued Permit",
        "permit_type": "Commercial / Multi Family Project",
        "permit_class": "Apartment",
        "work_type": "Alteration",
        "description": "leasehold improvements",
        "address": "#102 1208 14 AV SW",
        "applied_date": "2020-11-12T00:00:00.000",
        "issued_date": "2020-12-03T00:00:00.000",
        "completed_date": null,
        "period_date": "2020-12-03T00:00:00.000",
        "longitude": -114.08939465482071,
        "latitude": 51.04038115339007,
        "units_created": 1.0,
        "units_lost": null,
        "net_units": 1.0,
        "is_residential": true,
        "is_active": true,
        "in_period": false,
        "requested_geography": "downtown",
        "in_requested_geography": true,
        "spatial_qa": "point_in_polygon_tested",
        "metric_roles": "active_inventory|period_flow",
        "source_page": "https://data.calgary.ca/d/c2es-76ed",
        "retrieved_at_utc": "2026-07-17T18:30:45.175912+00:00",
        "metric_membership": "active"
      }
    },
    {
      "type": "Feature",
      "id": "building_permits:BP2020-16607",
      "geometry": {
        "type": "Point",
        "coordinates": [
          -114.08762895044619,
          51.042230763263774
        ]
      },
      "properties": {
        "city": "Calgary",
        "dtuid": "825060161",
        "feed": "building_permits",
        "source_record_id": "BP2020-16607",
        "status": "Issued Permit",
        "permit_type": "Commercial / Multi Family Project",
        "permit_class": "Apartment",
        "work_type": "Alteration",
        "description": "Parkade Repairs and sevice room coating",
        "address": "1118 12 AV SW",
        "applied_date": "2020-11-12T00:00:00.000",
        "issued_date": "2020-12-01T00:00:00.000",
        "completed_date": null,
        "period_date": "2020-12-01T00:00:00.000",
        "longitude": -114.08762895044619,
        "latitude": 51.042230763263774,
        "units_created": 0.0,
        "units_lost": null,
        "net_units": 0.0,
        "is_residential": true,
        "is_active": true,
        "in_period": false,
        "requested_geography": "downtown",
        "in_requested_geography": true,
        "spatial_qa": "point_in_polygon_tested",
        "metric_roles": "active_inventory|period_flow",
        "source_page": "https://data.calgary.ca/d/c2es-76ed",
        "retrieved_at_utc": "2026-07-17T18:30:45.175912+00:00",
        "metric_membership": "active"
      }
    },
    {
      "type": "Feature",
      "id": "building_permits:BP2020-17296",
      "geometry": {
        "type": "Point",
        "coordinates": [
          -114.05571827104575,
          51.041905890344836
        ]
      },
      "properties": {
        "city": "Calgary",
        "dtuid": "825060161",
        "feed": "building_permits",
        "source_record_id": "BP2020-17296",
        "status": "Issued Permit",
        "permit_type": "Commercial / Multi Family Project",
        "permit_class": "Apartment",
        "work_type": "Alteration",
        "description": "leasehold improvement",
        "address": "#1001 1122 3 ST SE",
        "applied_date": "2020-11-25T00:00:00.000",
        "issued_date": "2020-12-17T00:00:00.000",
        "completed_date": null,
        "period_date": "2020-12-17T00:00:00.000",
        "longitude": -114.05571827104575,
        "latitude": 51.041905890344836,
        "units_created": 0.0,
        "units_lost": null,
        "net_units": 0.0,
        "is_residential": true,
        "is_active": true,
        "in_period": false,
        "requested_geography": "downtown",
        "in_requested_geography": true,
        "spatial_qa": "point_in_polygon_tested",
        "metric_roles": "active_inventory|period_flow",
        "source_page": "https://data.calgary.ca/d/c2es-76ed",
        "retrieved_at_utc": "2026-07-17T18:30:45.175912+00:00",
        "metric_membership": "active"
      }
    },
    {
      "type": "Feature",
      "id": "building_permits:BP2020-18902",
      "geometry": {
        "type": "Point",
        "coordinates": [
          -114.07711232390338,
          51.039804256702965
        ]
      },
      "properties": {
        "city": "Calgary",
        "dtuid": "825060161",
        "feed": "building_permits",
        "source_record_id": "BP2020-18902",
        "status": "Issued Permit",
        "permit_type": "Commercial / Multi Family Project",
        "permit_class": "Apartment",
        "work_type": "Alteration",
        "description": "Exterior railing replacement (Lincoln Towers).",
        "address": "703 14 AV SW",
        "applied_date": "2020-12-31T00:00:00.000",
        "issued_date": "2021-01-27T00:00:00.000",
        "completed_date": null,
        "period_date": "2021-01-27T00:00:00.000",
        "longitude": -114.07711232390338,
        "latitude": 51.039804256702965,
        "units_created": 0.0,
        "units_lost": null,
        "net_units": 0.0,
        "is_residential": true,
        "is_active": true,
        "in_period": false,
        "requested_geography": "downtown",
        "in_requested_geography": true,
        "spatial_qa": "point_in_polygon_tested",
        "metric_roles": "active_inventory|period_flow",
        "source_page": "https://data.calgary.ca/d/c2es-76ed",
        "retrieved_at_utc": "2026-07-17T18:30:45.175912+00:00",
        "metric_membership": "active"
      }
    },
    {
      "type": "Feature",
      "id": "building_permits:BP2021-02183",
      "geometry": {
        "type": "Point",
        "coordinates": [
          -114.08215961760725,
          51.04907206657751
        ]
      },
      "properties": {
        "city": "Calgary",
        "dtuid": "825060161",
        "feed": "building_permits",
        "source_record_id": "BP2021-02183",
        "status": "Issued Permit",
        "permit_type": "Commercial / Multi Family Project",
        "permit_class": "Apartment",
        "work_type": "Repair",
        "description": "Parkade repair (Five West Phase 1).",
        "address": "920 5 AV SW",
        "applied_date": "2021-02-11T00:00:00.000",
        "issued_date": "2021-02-12T00:00:00.000",
        "completed_date": null,
        "period_date": "2021-02-12T00:00:00.000",
        "longitude": -114.08215961760725,
        "latitude": 51.04907206657751,
        "units_created": 0.0,
        "units_lost": null,
        "net_units": 0.0,
        "is_residential": true,
        "is_active": true,
        "in_period": false,
        "requested_geography": "downtown",
        "in_requested_geography": true,
        "spatial_qa": "point_in_polygon_tested",
        "metric_roles": "active_inventory|period_flow",
        "source_page": "https://data.calgary.ca/d/c2es-76ed",
        "retrieved_at_utc": "2026-07-17T18:30:45.175912+00:00",
        "metric_membership": "active"
      }
    },
    {
      "type": "Feature",
      "id": "building_permits:BP2021-02399",
      "geometry": {
        "type": "Point",
        "coordinates": [
          -114.07818216478609,
          51.0410120278976
        ]
      },
      "properties": {
        "city": "Calgary",
        "dtuid": "825060161",
        "feed": "building_permits",
        "source_record_id": "BP2021-02399",
        "status": "Issued Permit",
        "permit_type": "Commercial / Multi Family Project",
        "permit_class": "Apartment",
        "work_type": "Alteration",
        "description": "Interior alterations within a residential suite - The Estate Condo",
        "address": "#1920 720 13 AV SW",
        "applied_date": "2021-02-17T00:00:00.000",
        "issued_date": "2021-03-12T00:00:00.000",
        "completed_date": null,
        "period_date": "2021-03-12T00:00:00.000",
        "longitude": -114.07818216478609,
        "latitude": 51.0410120278976,
        "units_created": 0.0,
        "units_lost": null,
        "net_units": 0.0,
        "is_residential": true,
        "is_active": true,
        "in_period": false,
        "requested_geography": "downtown",
        "in_requested_geography": true,
        "spatial_qa": "point_in_polygon_tested",
        "metric_roles": "active_inventory|period_flow",
        "source_page": "https://data.calgary.ca/d/c2es-76ed",
        "retrieved_at_utc": "2026-07-17T18:30:45.175912+00:00",
        "metric_membership": "active"
      }
    },
    {
      "type": "Feature",
      "id": "building_permits:BP2021-03797",
      "geometry": {
        "type": "Point",
        "coordinates": [
          -114.07379181935373,
          51.039939960953234
        ]
      },
      "properties": {
        "city": "Calgary",
        "dtuid": "825060161",
        "feed": "building_permits",
        "source_record_id": "BP2021-03797",
        "status": "Issued Permit",
        "permit_type": "Commercial / Multi Family Project",
        "permit_class": "Apartment",
        "work_type": "Alteration",
        "description": "#1430  14th Ave SW-interior & exterior alteration",
        "address": "#1430 540 14 AV SW",
        "applied_date": "2021-03-12T00:00:00.000",
        "issued_date": "2021-04-16T00:00:00.000",
        "completed_date": null,
        "period_date": "2021-04-16T00:00:00.000",
        "longitude": -114.07379181935373,
        "latitude": 51.039939960953234,
        "units_created": 0.0,
        "units_lost": null,
        "net_units": 0.0,
        "is_residential": true,
        "is_active": true,
        "in_period": false,
        "requested_geography": "downtown",
        "in_requested_geography": true,
        "spatial_qa": "point_in_polygon_tested",
        "metric_roles": "active_inventory|period_flow",
        "source_page": "https://data.calgary.ca/d/c2es-76ed",
        "retrieved_at_utc": "2026-07-17T18:30:45.175912+00:00",
        "metric_membership": "active"
      }
    },
    {
      "type": "Feature",
      "id": "building_permits:BP2021-09242",
      "geometry": {
        "type": "Point",
        "coordinates": [
          -114.07295590663284,
          51.03968694803916
        ]
      },
      "properties": {
        "city": "Calgary",
        "dtuid": "825060161",
        "feed": "building_permits",
        "source_record_id": "BP2021-09242",
        "status": "Issued Permit",
        "permit_type": "Commercial / Multi Family Project",
        "permit_class": "Apartment",
        "work_type": "Alteration",
        "description": "Leasehold Improvements",
        "address": "523 14 AV SW",
        "applied_date": "2021-05-27T00:00:00.000",
        "issued_date": "2021-06-22T00:00:00.000",
        "completed_date": null,
        "period_date": "2021-06-22T00:00:00.000",
        "longitude": -114.07295590663284,
        "latitude": 51.03968694803916,
        "units_created": 0.0,
        "units_lost": null,
        "net_units": 0.0,
        "is_residential": true,
        "is_active": true,
        "in_period": false,
        "requested_geography": "downtown",
        "in_requested_geography": true,
        "spatial_qa": "point_in_polygon_tested",
        "metric_roles": "active_inventory|period_flow",
        "source_page": "https://data.calgary.ca/d/c2es-76ed",
        "retrieved_at_utc": "2026-07-17T18:30:45.175912+00:00",
        "metric_membership": "active"
      }
    },
    {
      "type": "Feature",
      "id": "building_permits:BP2021-11673",
      "geometry": {
        "type": "Point",
        "coordinates": [
          -114.07439413531796,
          51.048849053903524
        ]
      },
      "properties": {
        "city": "Calgary",
        "dtuid": "825060161",
        "feed": "building_permits",
        "source_record_id": "BP2021-11673",
        "status": "Issued Permit",
        "permit_type": "Commercial / Multi Family Project",
        "permit_class": "Apartment",
        "work_type": "Alteration",
        "description": "Leasehold Improvements",
        "address": "618 5 AV SW",
        "applied_date": "2021-06-30T00:00:00.000",
        "issued_date": "2021-08-27T00:00:00.000",
        "completed_date": null,
        "period_date": "2021-08-27T00:00:00.000",
        "longitude": -114.07439413531796,
        "latitude": 51.048849053903524,
        "units_created": 0.0,
        "units_lost": null,
        "net_units": 0.0,
        "is_residential": true,
        "is_active": true,
        "in_period": false,
        "requested_geography": "downtown",
        "in_requested_geography": true,
        "spatial_qa": "point_in_polygon_tested",
        "metric_roles": "active_inventory|period_flow",
        "source_page": "https://data.calgary.ca/d/c2es-76ed",
        "retrieved_at_utc": "2026-07-17T18:30:45.175912+00:00",
        "metric_membership": "active"
      }
    },
    {
      "type": "Feature",
      "id": "building_permits:BP2021-15268",
      "geometry": {
        "type": "Point",
        "coordinates": [
          -114.09219865644734,
          51.040228693529535
        ]
      },
      "properties": {
        "city": "Calgary",
        "dtuid": "825060161",
        "feed": "building_permits",
        "source_record_id": "BP2021-15268",
        "status": "Issued Permit",
        "permit_type": "Commercial / Multi Family Project",
        "permit_class": "Apartment",
        "work_type": "Repair",
        "description": "joint Expansion and Waterproofing Membrane Replacement",
        "address": "1309 14 AV SW",
        "applied_date": "2021-08-31T00:00:00.000",
        "issued_date": "2021-09-01T00:00:00.000",
        "completed_date": null,
        "period_date": "2021-09-01T00:00:00.000",
        "longitude": -114.09219865644734,
        "latitude": 51.040228693529535,
        "units_created": 0.0,
        "units_lost": null,
        "net_units": 0.0,
        "is_residential": true,
        "is_active": true,
        "in_period": false,
        "requested_geography": "downtown",
        "in_requested_geography": true,
        "spatial_qa": "point_in_polygon_tested",
        "metric_roles": "active_inventory|period_flow",
        "source_page": "https://data.calgary.ca/d/c2es-76ed",
        "retrieved_at_utc": "2026-07-17T18:30:45.175912+00:00",
        "metric_membership": "active"
      }
    },
    {
      "type": "Feature",
      "id": "building_permits:BP2021-16114",
      "geometry": {
        "type": "Point",
        "coordinates": [
          -114.06414144859657,
          51.04321297620415
        ]
      },
      "properties": {
        "city": "Calgary",
        "dtuid": "825060161",
        "feed": "building_permits",
        "source_record_id": "BP2021-16114",
        "status": "Issued Permit",
        "permit_type": "Commercial / Multi Family Project",
        "permit_class": "Apartment",
        "work_type": "Repair",
        "description": "Parkade repair.",
        "address": "123 10 AV SW",
        "applied_date": "2021-09-14T00:00:00.000",
        "issued_date": "2021-09-16T00:00:00.000",
        "completed_date": null,
        "period_date": "2021-09-16T00:00:00.000",
        "longitude": -114.06414144859657,
        "latitude": 51.04321297620415,
        "units_created": 0.0,
        "units_lost": null,
        "net_units": 0.0,
        "is_residential": true,
        "is_active": true,
        "in_period": false,
        "requested_geography": "downtown",
        "in_requested_geography": true,
        "spatial_qa": "point_in_polygon_tested",
        "metric_roles": "active_inventory|period_flow",
        "source_page": "https://data.calgary.ca/d/c2es-76ed",
        "retrieved_at_utc": "2026-07-17T18:30:45.175912+00:00",
        "metric_membership": "active"
      }
    },
    {
      "type": "Feature",
      "id": "building_permits:BP2022-00978",
      "geometry": {
        "type": "Point",
        "coordinates": [
          -114.07965581436129,
          51.05158211314138
        ]
      },
      "properties": {
        "city": "Calgary",
        "dtuid": "825060161",
        "feed": "building_permits",
        "source_record_id": "BP2022-00978",
        "status": "Issued Permit",
        "permit_type": "Commercial / Multi Family Project",
        "permit_class": "Apartment",
        "work_type": "Alteration",
        "description": "Interior alterations",
        "address": "837 2 AV SW",
        "applied_date": "2022-01-21T00:00:00.000",
        "issued_date": "2022-03-09T00:00:00.000",
        "completed_date": null,
        "period_date": "2022-03-09T00:00:00.000",
        "longitude": -114.07965581436129,
        "latitude": 51.05158211314138,
        "units_created": 0.0,
        "units_lost": null,
        "net_units": 0.0,
        "is_residential": true,
        "is_active": true,
        "in_period": false,
        "requested_geography": "downtown",
        "in_requested_geography": true,
        "spatial_qa": "point_in_polygon_tested",
        "metric_roles": "active_inventory|period_flow",
        "source_page": "https://data.calgary.ca/d/c2es-76ed",
        "retrieved_at_utc": "2026-07-17T18:30:45.175912+00:00",
        "metric_membership": "active"
      }
    },
    {
      "type": "Feature",
      "id": "building_permits:BP2022-03465",
      "geometry": {
        "type": "Point",
        "coordinates": [
          -114.06071002816911,
          51.03972339205464
        ]
      },
      "properties": {
        "city": "Calgary",
        "dtuid": "825060161",
        "feed": "building_permits",
        "source_record_id": "BP2022-03465",
        "status": "Issued Permit",
        "permit_type": "Commercial / Multi Family Project",
        "permit_class": "Apartment",
        "work_type": "Alteration",
        "description": "Podium Repairs",
        "address": "211 13 AV SE",
        "applied_date": "2022-03-08T00:00:00.000",
        "issued_date": "2022-04-01T00:00:00.000",
        "completed_date": null,
        "period_date": "2022-04-01T00:00:00.000",
        "longitude": -114.06071002816911,
        "latitude": 51.03972339205464,
        "units_created": 0.0,
        "units_lost": null,
        "net_units": 0.0,
        "is_residential": true,
        "is_active": true,
        "in_period": false,
        "requested_geography": "downtown",
        "in_requested_geography": true,
        "spatial_qa": "point_in_polygon_tested",
        "metric_roles": "active_inventory|period_flow",
        "source_page": "https://data.calgary.ca/d/c2es-76ed",
        "retrieved_at_utc": "2026-07-17T18:30:45.175912+00:00",
        "metric_membership": "active"
      }
    },
    {
      "type": "Feature",
      "id": "building_permits:BP2022-09393",
      "geometry": {
        "type": "Point",
        "coordinates": [
          -114.06049451908754,
          51.03912331264628
        ]
      },
      "properties": {
        "city": "Calgary",
        "dtuid": "825060161",
        "feed": "building_permits",
        "source_record_id": "BP2022-09393",
        "status": "Issued Permit",
        "permit_type": "Commercial / Multi Family Project",
        "permit_class": "Apartment",
        "work_type": "Repair",
        "description": "Exterior Repairs",
        "address": "1410 1 ST SE",
        "applied_date": "2022-06-01T00:00:00.000",
        "issued_date": "2022-07-22T00:00:00.000",
        "completed_date": null,
        "period_date": "2022-07-22T00:00:00.000",
        "longitude": -114.06049451908754,
        "latitude": 51.03912331264628,
        "units_created": 0.0,
        "units_lost": null,
        "net_units": 0.0,
        "is_residential": true,
        "is_active": true,
        "in_period": false,
        "requested_geography": "downtown",
        "in_requested_geography": true,
        "spatial_qa": "point_in_polygon_tested",
        "metric_roles": "active_inventory|period_flow",
        "source_page": "https://data.calgary.ca/d/c2es-76ed",
        "retrieved_at_utc": "2026-07-17T18:30:45.175912+00:00",
        "metric_membership": "active"
      }
    },
    {
      "type": "Feature",
      "id": "building_permits:BP2022-09470",
      "geometry": {
        "type": "Point",
        "coordinates": [
          -114.0730546593096,
          51.05262108853944
        ]
      },
      "properties": {
        "city": "Calgary",
        "dtuid": "825060161",
        "feed": "building_permits",
        "source_record_id": "BP2022-09470",
        "status": "Issued Permit",
        "permit_type": "Commercial / Multi Family Project",
        "permit_class": "Apartment",
        "work_type": "Repair",
        "description": "C Apartment - Parkade Repairs - Eau Claire Estates Slab Restoration",
        "address": "#163V 500 EAU CLAIRE AV SW",
        "applied_date": "2022-06-02T00:00:00.000",
        "issued_date": "2022-06-09T00:00:00.000",
        "completed_date": null,
        "period_date": "2022-06-09T00:00:00.000",
        "longitude": -114.0730546593096,
        "latitude": 51.05262108853944,
        "units_created": 0.0,
        "units_lost": null,
        "net_units": 0.0,
        "is_residential": true,
        "is_active": true,
        "in_period": false,
        "requested_geography": "downtown",
        "in_requested_geography": true,
        "spatial_qa": "point_in_polygon_tested",
        "metric_roles": "active_inventory|period_flow",
        "source_page": "https://data.calgary.ca/d/c2es-76ed",
        "retrieved_at_utc": "2026-07-17T18:30:45.175912+00:00",
        "metric_membership": "active"
      }
    },
    {
      "type": "Feature",
      "id": "building_permits:BP2022-15828",
      "geometry": {
        "type": "Point",
        "coordinates": [
          -114.07965581436129,
          51.05158211314138
        ]
      },
      "properties": {
        "city": "Calgary",
        "dtuid": "825060161",
        "feed": "building_permits",
        "source_record_id": "BP2022-15828",
        "status": "Issued Permit",
        "permit_type": "Commercial / Multi Family Project",
        "permit_class": "Apartment",
        "work_type": "Fire/ Security Alarm",
        "description": "Fire Alarm Modifications",
        "address": "#1001 837 2 AV SW",
        "applied_date": "2022-09-15T00:00:00.000",
        "issued_date": "2022-09-18T00:00:00.000",
        "completed_date": null,
        "period_date": "2022-09-18T00:00:00.000",
        "longitude": -114.07965581436129,
        "latitude": 51.05158211314138,
        "units_created": 0.0,
        "units_lost": null,
        "net_units": 0.0,
        "is_residential": true,
        "is_active": true,
        "in_period": false,
        "requested_geography": "downtown",
        "in_requested_geography": true,
        "spatial_qa": "point_in_polygon_tested",
        "metric_roles": "active_inventory|period_flow",
        "source_page": "https://data.calgary.ca/d/c2es-76ed",
        "retrieved_at_utc": "2026-07-17T18:30:45.175912+00:00",
        "metric_membership": "active"
      }
    },
    {
      "type": "Feature",
      "id": "building_permits:BP2022-16102",
      "geometry": {
        "type": "Point",
        "coordinates": [
          -114.08616395246614,
          51.0410101917565
        ]
      },
      "properties": {
        "city": "Calgary",
        "dtuid": "825060161",
        "feed": "building_permits",
        "source_record_id": "BP2022-16102",
        "status": "Issued Permit",
        "permit_type": "Commercial / Multi Family Project",
        "permit_class": "Apartment",
        "work_type": "Alteration",
        "description": "Exterior Alterations",
        "address": "1039 13 AV SW",
        "applied_date": "2022-09-20T00:00:00.000",
        "issued_date": "2022-10-21T00:00:00.000",
        "completed_date": null,
        "period_date": "2022-10-21T00:00:00.000",
        "longitude": -114.08616395246614,
        "latitude": 51.0410101917565,
        "units_created": 0.0,
        "units_lost": null,
        "net_units": 0.0,
        "is_residential": true,
        "is_active": true,
        "in_period": false,
        "requested_geography": "downtown",
        "in_requested_geography": true,
        "spatial_qa": "point_in_polygon_tested",
        "metric_roles": "active_inventory|period_flow",
        "source_page": "https://data.calgary.ca/d/c2es-76ed",
        "retrieved_at_utc": "2026-07-17T18:30:45.175912+00:00",
        "metric_membership": "active"
      }
    },
    {
      "type": "Feature",
      "id": "building_permits:BP2022-16255",
      "geometry": {
        "type": "Point",
        "coordinates": [
          -114.0794139751962,
          51.04964711337877
        ]
      },
      "properties": {
        "city": "Calgary",
        "dtuid": "825060161",
        "feed": "building_permits",
        "source_record_id": "BP2022-16255",
        "status": "Issued Permit",
        "permit_type": "Commercial / Multi Family Project",
        "permit_class": "Apartment",
        "work_type": "Alteration",
        "description": "leasehold Improvements",
        "address": "815 4 AV SW",
        "applied_date": "2022-09-22T00:00:00.000",
        "issued_date": "2022-10-27T00:00:00.000",
        "completed_date": null,
        "period_date": "2022-10-27T00:00:00.000",
        "longitude": -114.0794139751962,
        "latitude": 51.04964711337877,
        "units_created": 0.0,
        "units_lost": null,
        "net_units": 0.0,
        "is_residential": true,
        "is_active": true,
        "in_period": false,
        "requested_geography": "downtown",
        "in_requested_geography": true,
        "spatial_qa": "point_in_polygon_tested",
        "metric_roles": "active_inventory|period_flow",
        "source_page": "https://data.calgary.ca/d/c2es-76ed",
        "retrieved_at_utc": "2026-07-17T18:30:45.175912+00:00",
        "metric_membership": "active"
      }
    },
    {
      "type": "Feature",
      "id": "building_permits:BP2022-20304",
      "geometry": {
        "type": "Point",
        "coordinates": [
          -114.0696885758596,
          51.038875594926814
        ]
      },
      "properties": {
        "city": "Calgary",
        "dtuid": "825060161",
        "feed": "building_permits",
        "source_record_id": "BP2022-20304",
        "status": "Issued Permit",
        "permit_type": "Commercial / Multi Family Project",
        "permit_class": "Townhouse",
        "work_type": "New",
        "description": "3 Unit Residential Rowhouse",
        "address": "#3 322 15 AV SW",
        "applied_date": "2022-12-20T00:00:00.000",
        "issued_date": "2024-09-17T00:00:00.000",
        "completed_date": null,
        "period_date": "2024-09-17T00:00:00.000",
        "longitude": -114.0696885758596,
        "latitude": 51.038875594926814,
        "units_created": 3.0,
        "units_lost": null,
        "net_units": 3.0,
        "is_residential": true,
        "is_active": true,
        "in_period": false,
        "requested_geography": "downtown",
        "in_requested_geography": true,
        "spatial_qa": "point_in_polygon_tested",
        "metric_roles": "active_inventory|period_flow",
        "source_page": "https://data.calgary.ca/d/c2es-76ed",
        "retrieved_at_utc": "2026-07-17T18:30:45.175912+00:00",
        "metric_membership": "active"
      }
    },
    {
      "type": "Feature",
      "id": "building_permits:BP2023-00602",
      "geometry": {
        "type": "Point",
        "coordinates": [
          -114.07869471803004,
          51.04992293720766
        ]
      },
      "properties": {
        "city": "Calgary",
        "dtuid": "825060161",
        "feed": "building_permits",
        "source_record_id": "BP2023-00602",
        "status": "Issued Permit",
        "permit_type": "Commercial / Multi Family Project",
        "permit_class": "Apartment",
        "work_type": "Alteration",
        "description": "10 Storey Residential Building (Group C) - Interior Demolition Only",
        "address": "#105 808 4 AV SW",
        "applied_date": "2023-01-17T00:00:00.000",
        "issued_date": "2023-06-27T00:00:00.000",
        "completed_date": null,
        "period_date": "2023-06-27T00:00:00.000",
        "longitude": -114.07869471803004,
        "latitude": 51.04992293720766,
        "units_created": 0.0,
        "units_lost": null,
        "net_units": 0.0,
        "is_residential": true,
        "is_active": true,
        "in_period": false,
        "requested_geography": "downtown",
        "in_requested_geography": true,
        "spatial_qa": "point_in_polygon_tested",
        "metric_roles": "active_inventory|period_flow",
        "source_page": "https://data.calgary.ca/d/c2es-76ed",
        "retrieved_at_utc": "2026-07-17T18:30:45.175912+00:00",
        "metric_membership": "active"
      }
    },
    {
      "type": "Feature",
      "id": "building_permits:BP2023-04723",
      "geometry": {
        "type": "Point",
        "coordinates": [
          -114.09453692803817,
          51.04168475485644
        ]
      },
      "properties": {
        "city": "Calgary",
        "dtuid": "825060161",
        "feed": "building_permits",
        "source_record_id": "BP2023-04723",
        "status": "Issued Permit",
        "permit_type": "Commercial / Multi Family Project",
        "permit_class": "Apartment",
        "work_type": "Alteration",
        "description": "Convert Office to Apartment",
        "address": "1350 13 AV SW",
        "applied_date": "2023-04-11T00:00:00.000",
        "issued_date": "2023-05-24T00:00:00.000",
        "completed_date": null,
        "period_date": "2023-05-24T00:00:00.000",
        "longitude": -114.09453692803817,
        "latitude": 51.04168475485644,
        "units_created": 0.0,
        "units_lost": null,
        "net_units": 0.0,
        "is_residential": true,
        "is_active": true,
        "in_period": false,
        "requested_geography": "downtown",
        "in_requested_geography": true,
        "spatial_qa": "point_in_polygon_tested",
        "metric_roles": "active_inventory|period_flow",
        "source_page": "https://data.calgary.ca/d/c2es-76ed",
        "retrieved_at_utc": "2026-07-17T18:30:45.175912+00:00",
        "metric_membership": "active"
      }
    },
    {
      "type": "Feature",
      "id": "building_permits:BP2023-05347",
      "geometry": {
        "type": "Point",
        "coordinates": [
          -114.08584614465633,
          51.04768838788497
        ]
      },
      "properties": {
        "city": "Calgary",
        "dtuid": "825060161",
        "feed": "building_permits",
        "source_record_id": "BP2023-05347",
        "status": "Issued Permit",
        "permit_type": "Commercial / Multi Family Project",
        "permit_class": "Apartment",
        "work_type": "Fire/ Security Alarm",
        "description": "Fire Alarm Repair / Modification",
        "address": "650 10 ST SW",
        "applied_date": "2023-04-20T00:00:00.000",
        "issued_date": "2023-04-24T00:00:00.000",
        "completed_date": null,
        "period_date": "2023-04-24T00:00:00.000",
        "longitude": -114.08584614465633,
        "latitude": 51.04768838788497,
        "units_created": 0.0,
        "units_lost": null,
        "net_units": 0.0,
        "is_residential": true,
        "is_active": true,
        "in_period": false,
        "requested_geography": "downtown",
        "in_requested_geography": true,
        "spatial_qa": "point_in_polygon_tested",
        "metric_roles": "active_inventory|period_flow",
        "source_page": "https://data.calgary.ca/d/c2es-76ed",
        "retrieved_at_utc": "2026-07-17T18:30:45.175912+00:00",
        "metric_membership": "active"
      }
    },
    {
      "type": "Feature",
      "id": "building_permits:BP2023-05837",
      "geometry": {
        "type": "Point",
        "coordinates": [
          -114.07918835954227,
          51.04993815603708
        ]
      },
      "properties": {
        "city": "Calgary",
        "dtuid": "825060161",
        "feed": "building_permits",
        "source_record_id": "BP2023-05837",
        "status": "Issued Permit",
        "permit_type": "Commercial / Multi Family Project",
        "permit_class": "Apartment",
        "work_type": "Alteration",
        "description": "United Place Conversion Project (Group C)",
        "address": "#105 808 4 AV SW",
        "applied_date": "2023-04-27T00:00:00.000",
        "issued_date": "2024-08-12T00:00:00.000",
        "completed_date": null,
        "period_date": "2024-08-12T00:00:00.000",
        "longitude": -114.07918835954227,
        "latitude": 51.04993815603708,
        "units_created": 81.0,
        "units_lost": null,
        "net_units": 81.0,
        "is_residential": true,
        "is_active": true,
        "in_period": false,
        "requested_geography": "downtown",
        "in_requested_geography": true,
        "spatial_qa": "point_in_polygon_tested",
        "metric_roles": "active_inventory|period_flow",
        "source_page": "https://data.calgary.ca/d/c2es-76ed",
        "retrieved_at_utc": "2026-07-17T18:30:45.175912+00:00",
        "metric_membership": "active"
      }
    },
    {
      "type": "Feature",
      "id": "building_permits:BP2023-06104",
      "geometry": {
        "type": "Point",
        "coordinates": [
          -114.06132056546646,
          51.05129612285173
        ]
      },
      "properties": {
        "city": "Calgary",
        "dtuid": "825060161",
        "feed": "building_permits",
        "source_record_id": "BP2023-06104",
        "status": "Issued Permit",
        "permit_type": "Commercial / Multi Family Project",
        "permit_class": "Apartment",
        "work_type": "Alteration",
        "description": "Interior alteration",
        "address": "128 2 AV SE",
        "applied_date": "2023-05-02T00:00:00.000",
        "issued_date": "2023-06-29T00:00:00.000",
        "completed_date": null,
        "period_date": "2023-06-29T00:00:00.000",
        "longitude": -114.06132056546646,
        "latitude": 51.05129612285173,
        "units_created": 0.0,
        "units_lost": null,
        "net_units": 0.0,
        "is_residential": true,
        "is_active": true,
        "in_period": false,
        "requested_geography": "downtown",
        "in_requested_geography": true,
        "spatial_qa": "point_in_polygon_tested",
        "metric_roles": "active_inventory|period_flow",
        "source_page": "https://data.calgary.ca/d/c2es-76ed",
        "retrieved_at_utc": "2026-07-17T18:30:45.175912+00:00",
        "metric_membership": "active"
      }
    },
    {
      "type": "Feature",
      "id": "building_permits:BP2023-06794",
      "geometry": {
        "type": "Point",
        "coordinates": [
          -114.0813071821504,
          51.047680279453104
        ]
      },
      "properties": {
        "city": "Calgary",
        "dtuid": "825060161",
        "feed": "building_permits",
        "source_record_id": "BP2023-06794",
        "status": "Issued Permit",
        "permit_type": "Commercial / Multi Family Project",
        "permit_class": "Apartment",
        "work_type": "Repair",
        "description": "Exterior Repairs",
        "address": "609 8 ST SW",
        "applied_date": "2023-05-11T00:00:00.000",
        "issued_date": "2023-06-22T00:00:00.000",
        "completed_date": null,
        "period_date": "2023-06-22T00:00:00.000",
        "longitude": -114.0813071821504,
        "latitude": 51.047680279453104,
        "units_created": 0.0,
        "units_lost": null,
        "net_units": 0.0,
        "is_residential": true,
        "is_active": true,
        "in_period": false,
        "requested_geography": "downtown",
        "in_requested_geography": true,
        "spatial_qa": "point_in_polygon_tested",
        "metric_roles": "active_inventory|period_flow",
        "source_page": "https://data.calgary.ca/d/c2es-76ed",
        "retrieved_at_utc": "2026-07-17T18:30:45.175912+00:00",
        "metric_membership": "active"
      }
    },
    {
      "type": "Feature",
      "id": "building_permits:BP2023-10894",
      "geometry": {
        "type": "Point",
        "coordinates": [
          -114.06261138885195,
          51.039392798019286
        ]
      },
      "properties": {
        "city": "Calgary",
        "dtuid": "825060161",
        "feed": "building_permits",
        "source_record_id": "BP2023-10894",
        "status": "Issued Permit",
        "permit_type": "Commercial / Multi Family Project",
        "permit_class": "Apartment",
        "work_type": "Alteration",
        "description": "Interior Alterations",
        "address": "#507 111 14 AV SE",
        "applied_date": "2023-07-07T00:00:00.000",
        "issued_date": "2023-08-09T00:00:00.000",
        "completed_date": null,
        "period_date": "2023-08-09T00:00:00.000",
        "longitude": -114.06261138885195,
        "latitude": 51.039392798019286,
        "units_created": 0.0,
        "units_lost": null,
        "net_units": 0.0,
        "is_residential": true,
        "is_active": true,
        "in_period": false,
        "requested_geography": "downtown",
        "in_requested_geography": true,
        "spatial_qa": "point_in_polygon_tested",
        "metric_roles": "active_inventory|period_flow",
        "source_page": "https://data.calgary.ca/d/c2es-76ed",
        "retrieved_at_utc": "2026-07-17T18:30:45.175912+00:00",
        "metric_membership": "active"
      }
    },
    {
      "type": "Feature",
      "id": "building_permits:BP2023-11114",
      "geometry": {
        "type": "Point",
        "coordinates": [
          -114.08598771521687,
          51.04195540394543
        ]
      },
      "properties": {
        "city": "Calgary",
        "dtuid": "825060161",
        "feed": "building_permits",
        "source_record_id": "BP2023-11114",
        "status": "Issued Permit",
        "permit_type": "Commercial / Multi Family Project",
        "permit_class": "Apartment",
        "work_type": "Alteration",
        "description": "Exterior repair work.",
        "address": "1033 12 AV SW",
        "applied_date": "2023-07-11T00:00:00.000",
        "issued_date": "2024-11-19T00:00:00.000",
        "completed_date": null,
        "period_date": "2024-11-19T00:00:00.000",
        "longitude": -114.08598771521687,
        "latitude": 51.04195540394543,
        "units_created": 0.0,
        "units_lost": null,
        "net_units": 0.0,
        "is_residential": true,
        "is_active": true,
        "in_period": false,
        "requested_geography": "downtown",
        "in_requested_geography": true,
        "spatial_qa": "point_in_polygon_tested",
        "metric_roles": "active_inventory|period_flow",
        "source_page": "https://data.calgary.ca/d/c2es-76ed",
        "retrieved_at_utc": "2026-07-17T18:30:45.175912+00:00",
        "metric_membership": "active"
      }
    },
    {
      "type": "Feature",
      "id": "building_permits:BP2023-12742",
      "geometry": {
        "type": "Point",
        "coordinates": [
          -114.06049451908754,
          51.03912331264628
        ]
      },
      "properties": {
        "city": "Calgary",
        "dtuid": "825060161",
        "feed": "building_permits",
        "source_record_id": "BP2023-12742",
        "status": "Issued Permit",
        "permit_type": "Commercial / Multi Family Project",
        "permit_class": "Apartment",
        "work_type": "Repair",
        "description": "Exterior Repairs",
        "address": "1410 1 ST SE",
        "applied_date": "2023-08-04T00:00:00.000",
        "issued_date": "2023-08-16T00:00:00.000",
        "completed_date": null,
        "period_date": "2023-08-16T00:00:00.000",
        "longitude": -114.06049451908754,
        "latitude": 51.03912331264628,
        "units_created": 0.0,
        "units_lost": null,
        "net_units": 0.0,
        "is_residential": true,
        "is_active": true,
        "in_period": false,
        "requested_geography": "downtown",
        "in_requested_geography": true,
        "spatial_qa": "point_in_polygon_tested",
        "metric_roles": "active_inventory|period_flow",
        "source_page": "https://data.calgary.ca/d/c2es-76ed",
        "retrieved_at_utc": "2026-07-17T18:30:45.175912+00:00",
        "metric_membership": "active"
      }
    },
    {
      "type": "Feature",
      "id": "building_permits:BP2023-13490",
      "geometry": {
        "type": "Point",
        "coordinates": [
          -114.0877371356255,
          51.04032590889804
        ]
      },
      "properties": {
        "city": "Calgary",
        "dtuid": "825060161",
        "feed": "building_permits",
        "source_record_id": "BP2023-13490",
        "status": "Hold - Completeness Review",
        "permit_type": "Commercial / Multi Family Project",
        "permit_class": "Townhouse",
        "work_type": "Alteration",
        "description": "(Barclay Estates)",
        "address": "1110 14 AV SW",
        "applied_date": "2023-08-14T00:00:00.000",
        "issued_date": null,
        "completed_date": null,
        "period_date": null,
        "longitude": -114.0877371356255,
        "latitude": 51.04032590889804,
        "units_created": 0.0,
        "units_lost": null,
        "net_units": 0.0,
        "is_residential": true,
        "is_active": true,
        "in_period": false,
        "requested_geography": "downtown",
        "in_requested_geography": true,
        "spatial_qa": "point_in_polygon_tested",
        "metric_roles": "active_inventory|period_flow",
        "source_page": "https://data.calgary.ca/d/c2es-76ed",
        "retrieved_at_utc": "2026-07-17T18:30:45.175912+00:00",
        "metric_membership": "active"
      }
    },
    {
      "type": "Feature",
      "id": "building_permits:BP2023-13589",
      "geometry": {
        "type": "Point",
        "coordinates": [
          -114.06006139549397,
          51.040263111667855
        ]
      },
      "properties": {
        "city": "Calgary",
        "dtuid": "825060161",
        "feed": "building_permits",
        "source_record_id": "BP2023-13589",
        "status": "Issued Permit",
        "permit_type": "Commercial / Multi Family Project",
        "permit_class": "Apartment",
        "work_type": "Repair",
        "description": "Ramp and Planter waterproofing repairs",
        "address": "211 13 AV SE",
        "applied_date": "2023-08-15T00:00:00.000",
        "issued_date": "2023-08-21T00:00:00.000",
        "completed_date": null,
        "period_date": "2023-08-21T00:00:00.000",
        "longitude": -114.06006139549397,
        "latitude": 51.040263111667855,
        "units_created": 0.0,
        "units_lost": null,
        "net_units": 0.0,
        "is_residential": true,
        "is_active": true,
        "in_period": false,
        "requested_geography": "downtown",
        "in_requested_geography": true,
        "spatial_qa": "point_in_polygon_tested",
        "metric_roles": "active_inventory|period_flow",
        "source_page": "https://data.calgary.ca/d/c2es-76ed",
        "retrieved_at_utc": "2026-07-17T18:30:45.175912+00:00",
        "metric_membership": "active"
      }
    },
    {
      "type": "Feature",
      "id": "building_permits:BP2023-13943",
      "geometry": {
        "type": "Point",
        "coordinates": [
          -114.08668891459253,
          51.048000896146014
        ]
      },
      "properties": {
        "city": "Calgary",
        "dtuid": "825060161",
        "feed": "building_permits",
        "source_record_id": "BP2023-13943",
        "status": "Issued Permit",
        "permit_type": "Commercial / Multi Family Project",
        "permit_class": "Apartment",
        "work_type": "Fire/ Security Alarm",
        "description": "Tarjan Point Fire Alarm Repairs",
        "address": "1111 6 AV SW",
        "applied_date": "2023-08-21T00:00:00.000",
        "issued_date": "2024-02-16T00:00:00.000",
        "completed_date": null,
        "period_date": "2024-02-16T00:00:00.000",
        "longitude": -114.08668891459253,
        "latitude": 51.048000896146014,
        "units_created": 0.0,
        "units_lost": null,
        "net_units": 0.0,
        "is_residential": true,
        "is_active": true,
        "in_period": false,
        "requested_geography": "downtown",
        "in_requested_geography": true,
        "spatial_qa": "point_in_polygon_tested",
        "metric_roles": "active_inventory|period_flow",
        "source_page": "https://data.calgary.ca/d/c2es-76ed",
        "retrieved_at_utc": "2026-07-17T18:30:45.175912+00:00",
        "metric_membership": "active"
      }
    },
    {
      "type": "Feature",
      "id": "building_permits:BP2023-15543",
      "geometry": {
        "type": "Point",
        "coordinates": [
          -114.0730546593096,
          51.05262108853944
        ]
      },
      "properties": {
        "city": "Calgary",
        "dtuid": "825060161",
        "feed": "building_permits",
        "source_record_id": "BP2023-15543",
        "status": "Issued Permit",
        "permit_type": "Commercial / Multi Family Project",
        "permit_class": "Apartment",
        "work_type": "Fire/ Security Alarm",
        "description": "fire alarm upgrade-elevator modernization",
        "address": "#163V 500 EAU CLAIRE AV SW",
        "applied_date": "2023-09-12T00:00:00.000",
        "issued_date": "2024-02-27T00:00:00.000",
        "completed_date": null,
        "period_date": "2024-02-27T00:00:00.000",
        "longitude": -114.0730546593096,
        "latitude": 51.05262108853944,
        "units_created": 0.0,
        "units_lost": null,
        "net_units": 0.0,
        "is_residential": true,
        "is_active": true,
        "in_period": false,
        "requested_geography": "downtown",
        "in_requested_geography": true,
        "spatial_qa": "point_in_polygon_tested",
        "metric_roles": "active_inventory|period_flow",
        "source_page": "https://data.calgary.ca/d/c2es-76ed",
        "retrieved_at_utc": "2026-07-17T18:30:45.175912+00:00",
        "metric_membership": "active"
      }
    },
    {
      "type": "Feature",
      "id": "building_permits:BP2023-15992",
      "geometry": {
        "type": "Point",
        "coordinates": [
          -114.07932198708602,
          51.05181956100216
        ]
      },
      "properties": {
        "city": "Calgary",
        "dtuid": "825060161",
        "feed": "building_permits",
        "source_record_id": "BP2023-15992",
        "status": "Issued Permit",
        "permit_type": "Commercial / Multi Family Project",
        "permit_class": "Apartment",
        "work_type": "Alteration",
        "description": "Interior alterations - Wall removal",
        "address": "#2 838 2 AV SW",
        "applied_date": "2023-09-18T00:00:00.000",
        "issued_date": "2023-10-17T00:00:00.000",
        "completed_date": null,
        "period_date": "2023-10-17T00:00:00.000",
        "longitude": -114.07932198708602,
        "latitude": 51.05181956100216,
        "units_created": 0.0,
        "units_lost": null,
        "net_units": 0.0,
        "is_residential": true,
        "is_active": true,
        "in_period": false,
        "requested_geography": "downtown",
        "in_requested_geography": true,
        "spatial_qa": "point_in_polygon_tested",
        "metric_roles": "active_inventory|period_flow",
        "source_page": "https://data.calgary.ca/d/c2es-76ed",
        "retrieved_at_utc": "2026-07-17T18:30:45.175912+00:00",
        "metric_membership": "active"
      }
    },
    {
      "type": "Feature",
      "id": "building_permits:BP2023-18312",
      "geometry": {
        "type": "Point",
        "coordinates": [
          -114.07933943366781,
          51.041761891323695
        ]
      },
      "properties": {
        "city": "Calgary",
        "dtuid": "825060161",
        "feed": "building_permits",
        "source_record_id": "BP2023-18312",
        "status": "Issued Permit",
        "permit_type": "Commercial / Multi Family Project",
        "permit_class": "Apartment",
        "work_type": "Alteration",
        "description": "Interior Alterations",
        "address": "#105 801 12 AV SW",
        "applied_date": "2023-10-23T00:00:00.000",
        "issued_date": "2024-01-26T00:00:00.000",
        "completed_date": null,
        "period_date": "2024-01-26T00:00:00.000",
        "longitude": -114.07933943366781,
        "latitude": 51.041761891323695,
        "units_created": 0.0,
        "units_lost": null,
        "net_units": 0.0,
        "is_residential": true,
        "is_active": true,
        "in_period": false,
        "requested_geography": "downtown",
        "in_requested_geography": true,
        "spatial_qa": "point_in_polygon_tested",
        "metric_roles": "active_inventory|period_flow",
        "source_page": "https://data.calgary.ca/d/c2es-76ed",
        "retrieved_at_utc": "2026-07-17T18:30:45.175912+00:00",
        "metric_membership": "active"
      }
    },
    {
      "type": "Feature",
      "id": "building_permits:BP2023-19747",
      "geometry": {
        "type": "Point",
        "coordinates": [
          -114.09240205988327,
          51.04117973746497
        ]
      },
      "properties": {
        "city": "Calgary",
        "dtuid": "825060161",
        "feed": "building_permits",
        "source_record_id": "BP2023-19747",
        "status": "Issued Permit",
        "permit_type": "Commercial / Multi Family Project",
        "permit_class": "Apartment",
        "work_type": "Alteration",
        "description": "interior alterations",
        "address": "1313 13 AV SW",
        "applied_date": "2023-11-16T00:00:00.000",
        "issued_date": "2024-02-20T00:00:00.000",
        "completed_date": null,
        "period_date": "2024-02-20T00:00:00.000",
        "longitude": -114.09240205988327,
        "latitude": 51.04117973746497,
        "units_created": 0.0,
        "units_lost": null,
        "net_units": 0.0,
        "is_residential": true,
        "is_active": true,
        "in_period": false,
        "requested_geography": "downtown",
        "in_requested_geography": true,
        "spatial_qa": "point_in_polygon_tested",
        "metric_roles": "active_inventory|period_flow",
        "source_page": "https://data.calgary.ca/d/c2es-76ed",
        "retrieved_at_utc": "2026-07-17T18:30:45.175912+00:00",
        "metric_membership": "active"
      }
    },
    {
      "type": "Feature",
      "id": "building_permits:BP2023-19862",
      "geometry": {
        "type": "Point",
        "coordinates": [
          -114.06331536746231,
          51.04733159650895
        ]
      },
      "properties": {
        "city": "Calgary",
        "dtuid": "825060161",
        "feed": "building_permits",
        "source_record_id": "BP2023-19862",
        "status": "Issued Permit",
        "permit_type": "Commercial / Multi Family Project",
        "permit_class": "Apartment",
        "work_type": "Alteration",
        "description": "Hanover Place Conversion",
        "address": "101 6 AV SW",
        "applied_date": "2023-11-17T00:00:00.000",
        "issued_date": "2024-04-03T00:00:00.000",
        "completed_date": null,
        "period_date": "2024-04-03T00:00:00.000",
        "longitude": -114.06331536746231,
        "latitude": 51.04733159650895,
        "units_created": 0.0,
        "units_lost": null,
        "net_units": 0.0,
        "is_residential": true,
        "is_active": true,
        "in_period": false,
        "requested_geography": "downtown",
        "in_requested_geography": true,
        "spatial_qa": "point_in_polygon_tested",
        "metric_roles": "active_inventory|period_flow",
        "source_page": "https://data.calgary.ca/d/c2es-76ed",
        "retrieved_at_utc": "2026-07-17T18:30:45.175912+00:00",
        "metric_membership": "active"
      }
    },
    {
      "type": "Feature",
      "id": "building_permits:BP2023-20715",
      "geometry": {
        "type": "Point",
        "coordinates": [
          -114.07471376536934,
          51.052664988424326
        ]
      },
      "properties": {
        "city": "Calgary",
        "dtuid": "825060161",
        "feed": "building_permits",
        "source_record_id": "BP2023-20715",
        "status": "New",
        "permit_type": "Residential Improvement Project",
        "permit_class": "Single Family",
        "work_type": "Alteration",
        "description": "Improvements",
        "address": "680 PRINCETON WY SW",
        "applied_date": "2023-11-30T00:00:00.000",
        "issued_date": null,
        "completed_date": null,
        "period_date": null,
        "longitude": -114.07471376536934,
        "latitude": 51.052664988424326,
        "units_created": 0.0,
        "units_lost": null,
        "net_units": 0.0,
        "is_residential": true,
        "is_active": true,
        "in_period": false,
        "requested_geography": "downtown",
        "in_requested_geography": true,
        "spatial_qa": "point_in_polygon_tested",
        "metric_roles": "active_inventory|period_flow",
        "source_page": "https://data.calgary.ca/d/c2es-76ed",
        "retrieved_at_utc": "2026-07-17T18:30:45.175912+00:00",
        "metric_membership": "active"
      }
    },
    {
      "type": "Feature",
      "id": "building_permits:BP2023-20791",
      "geometry": {
        "type": "Point",
        "coordinates": [
          -114.06582994461453,
          51.043087277811004
        ]
      },
      "properties": {
        "city": "Calgary",
        "dtuid": "825060161",
        "feed": "building_permits",
        "source_record_id": "BP2023-20791",
        "status": "Issued Permit",
        "permit_type": "Commercial / Multi Family Project",
        "permit_class": "Apartment",
        "work_type": "New",
        "description": "Gallery First & Tenth 18 Storey Mixed Use",
        "address": "1009 1 ST SW",
        "applied_date": "2023-12-01T00:00:00.000",
        "issued_date": "2025-02-14T00:00:00.000",
        "completed_date": null,
        "period_date": "2025-02-14T00:00:00.000",
        "longitude": -114.06582994461453,
        "latitude": 51.043087277811004,
        "units_created": 120.0,
        "units_lost": null,
        "net_units": 120.0,
        "is_residential": true,
        "is_active": true,
        "in_period": false,
        "requested_geography": "downtown",
        "in_requested_geography": true,
        "spatial_qa": "point_in_polygon_tested",
        "metric_roles": "active_inventory|period_flow",
        "source_page": "https://data.calgary.ca/d/c2es-76ed",
        "retrieved_at_utc": "2026-07-17T18:30:45.175912+00:00",
        "metric_membership": "active"
      }
    },
    {
      "type": "Feature",
      "id": "building_permits:BP2023-20976",
      "geometry": {
        "type": "Point",
        "coordinates": [
          -114.05571827104575,
          51.041905890344836
        ]
      },
      "properties": {
        "city": "Calgary",
        "dtuid": "825060161",
        "feed": "building_permits",
        "source_record_id": "BP2023-20976",
        "status": "Issued Permit",
        "permit_type": "Commercial / Multi Family Project",
        "permit_class": "Apartment",
        "work_type": "Fire/ Security Alarm",
        "description": "Fire Alarm Repair",
        "address": "1122 3 ST SE",
        "applied_date": "2023-12-05T00:00:00.000",
        "issued_date": "2023-12-13T00:00:00.000",
        "completed_date": null,
        "period_date": "2023-12-13T00:00:00.000",
        "longitude": -114.05571827104575,
        "latitude": 51.041905890344836,
        "units_created": 0.0,
        "units_lost": null,
        "net_units": 0.0,
        "is_residential": true,
        "is_active": true,
        "in_period": false,
        "requested_geography": "downtown",
        "in_requested_geography": true,
        "spatial_qa": "point_in_polygon_tested",
        "metric_roles": "active_inventory|period_flow",
        "source_page": "https://data.calgary.ca/d/c2es-76ed",
        "retrieved_at_utc": "2026-07-17T18:30:45.175912+00:00",
        "metric_membership": "active"
      }
    },
    {
      "type": "Feature",
      "id": "building_permits:BP2023-21728",
      "geometry": {
        "type": "Point",
        "coordinates": [
          -114.06331536746231,
          51.04733159650895
        ]
      },
      "properties": {
        "city": "Calgary",
        "dtuid": "825060161",
        "feed": "building_permits",
        "source_record_id": "BP2023-21728",
        "status": "Issued Permit",
        "permit_type": "Commercial / Multi Family Project",
        "permit_class": "Apartment",
        "work_type": "Alteration",
        "description": "Hanover Place Conversion - Interior Demolition Only",
        "address": "101 6 AV SW",
        "applied_date": "2023-12-19T00:00:00.000",
        "issued_date": "2024-02-12T00:00:00.000",
        "completed_date": null,
        "period_date": "2024-02-12T00:00:00.000",
        "longitude": -114.06331536746231,
        "latitude": 51.04733159650895,
        "units_created": 0.0,
        "units_lost": null,
        "net_units": 0.0,
        "is_residential": true,
        "is_active": true,
        "in_period": false,
        "requested_geography": "downtown",
        "in_requested_geography": true,
        "spatial_qa": "point_in_polygon_tested",
        "metric_roles": "active_inventory|period_flow",
        "source_page": "https://data.calgary.ca/d/c2es-76ed",
        "retrieved_at_utc": "2026-07-17T18:30:45.175912+00:00",
        "metric_membership": "active"
      }
    },
    {
      "type": "Feature",
      "id": "building_permits:BP2024-00991",
      "geometry": {
        "type": "Point",
        "coordinates": [
          -114.08851847906557,
          51.03917680815548
        ]
      },
      "properties": {
        "city": "Calgary",
        "dtuid": "825060161",
        "feed": "building_permits",
        "source_record_id": "BP2024-00991",
        "status": "Issued Permit",
        "permit_type": "Commercial / Multi Family Project",
        "permit_class": "Apartment",
        "work_type": "Alteration",
        "description": "Beltline Apartments off 17th",
        "address": "#100 1135 15 AV SW",
        "applied_date": "2024-01-19T00:00:00.000",
        "issued_date": "2024-02-23T00:00:00.000",
        "completed_date": null,
        "period_date": "2024-02-23T00:00:00.000",
        "longitude": -114.08851847906557,
        "latitude": 51.03917680815548,
        "units_created": 0.0,
        "units_lost": null,
        "net_units": 0.0,
        "is_residential": true,
        "is_active": true,
        "in_period": false,
        "requested_geography": "downtown",
        "in_requested_geography": true,
        "spatial_qa": "point_in_polygon_tested",
        "metric_roles": "active_inventory|period_flow",
        "source_page": "https://data.calgary.ca/d/c2es-76ed",
        "retrieved_at_utc": "2026-07-17T18:30:45.175912+00:00",
        "metric_membership": "active"
      }
    },
    {
      "type": "Feature",
      "id": "building_permits:BP2024-01254",
      "geometry": {
        "type": "Point",
        "coordinates": [
          -114.06313631387437,
          51.046648698577116
        ]
      },
      "properties": {
        "city": "Calgary",
        "dtuid": "825060161",
        "feed": "building_permits",
        "source_record_id": "BP2024-01254",
        "status": "Issued Permit",
        "permit_type": "Commercial / Multi Family Project",
        "permit_class": "Apartment",
        "work_type": "Fire/ Security Alarm",
        "description": "Fire Alarm System Modifications",
        "address": "#100 685 CENTRE ST SW",
        "applied_date": "2024-01-24T00:00:00.000",
        "issued_date": "2024-02-14T00:00:00.000",
        "completed_date": null,
        "period_date": "2024-02-14T00:00:00.000",
        "longitude": -114.06313631387437,
        "latitude": 51.046648698577116,
        "units_created": 0.0,
        "units_lost": null,
        "net_units": 0.0,
        "is_residential": true,
        "is_active": true,
        "in_period": false,
        "requested_geography": "downtown",
        "in_requested_geography": true,
        "spatial_qa": "point_in_polygon_tested",
        "metric_roles": "active_inventory|period_flow",
        "source_page": "https://data.calgary.ca/d/c2es-76ed",
        "retrieved_at_utc": "2026-07-17T18:30:45.175912+00:00",
        "metric_membership": "active"
      }
    },
    {
      "type": "Feature",
      "id": "building_permits:BP2024-01751",
      "geometry": {
        "type": "Point",
        "coordinates": [
          -114.07906099748827,
          51.04802792500146
        ]
      },
      "properties": {
        "city": "Calgary",
        "dtuid": "825060161",
        "feed": "building_permits",
        "source_record_id": "BP2024-01751",
        "status": "Issued Permit",
        "permit_type": "Commercial / Multi Family Project",
        "permit_class": "Apartment",
        "work_type": "Alteration",
        "description": "Place 800 Conversion (Group C)",
        "address": "#110 800 6 AV SW",
        "applied_date": "2024-02-01T00:00:00.000",
        "issued_date": "2024-08-01T00:00:00.000",
        "completed_date": null,
        "period_date": "2024-08-01T00:00:00.000",
        "longitude": -114.07906099748827,
        "latitude": 51.04802792500146,
        "units_created": 0.0,
        "units_lost": null,
        "net_units": 0.0,
        "is_residential": true,
        "is_active": true,
        "in_period": false,
        "requested_geography": "downtown",
        "in_requested_geography": true,
        "spatial_qa": "point_in_polygon_tested",
        "metric_roles": "active_inventory|period_flow",
        "source_page": "https://data.calgary.ca/d/c2es-76ed",
        "retrieved_at_utc": "2026-07-17T18:30:45.175912+00:00",
        "metric_membership": "active"
      }
    },
    {
      "type": "Feature",
      "id": "building_permits:BP2024-03594",
      "geometry": {
        "type": "Point",
        "coordinates": [
          -114.08209081753115,
          51.042092611568236
        ]
      },
      "properties": {
        "city": "Calgary",
        "dtuid": "825060161",
        "feed": "building_permits",
        "source_record_id": "BP2024-03594",
        "status": "Issued Permit",
        "permit_type": "Commercial / Multi Family Project",
        "permit_class": "Apartment",
        "work_type": "Alteration",
        "description": "Strata 906 Office to Residential Conversion",
        "address": "#811 906 12 AV SW",
        "applied_date": "2024-03-01T00:00:00.000",
        "issued_date": "2024-10-17T00:00:00.000",
        "completed_date": null,
        "period_date": "2024-10-17T00:00:00.000",
        "longitude": -114.08209081753115,
        "latitude": 51.042092611568236,
        "units_created": 0.0,
        "units_lost": null,
        "net_units": 0.0,
        "is_residential": true,
        "is_active": true,
        "in_period": false,
        "requested_geography": "downtown",
        "in_requested_geography": true,
        "spatial_qa": "point_in_polygon_tested",
        "metric_roles": "active_inventory|period_flow",
        "source_page": "https://data.calgary.ca/d/c2es-76ed",
        "retrieved_at_utc": "2026-07-17T18:30:45.175912+00:00",
        "metric_membership": "active"
      }
    },
    {
      "type": "Feature",
      "id": "building_permits:BP2024-04662",
      "geometry": {
        "type": "Point",
        "coordinates": [
          -114.06656351541179,
          51.05243168627961
        ]
      },
      "properties": {
        "city": "Calgary",
        "dtuid": "825060161",
        "feed": "building_permits",
        "source_record_id": "BP2024-04662",
        "status": "Issued Permit",
        "permit_type": "Commercial / Multi Family Project",
        "permit_class": "Apartment",
        "work_type": "Alteration",
        "description": "Exterior alterations to the existing Waterfront Tower",
        "address": "222 RIVERFRONT AV SW",
        "applied_date": "2024-03-19T00:00:00.000",
        "issued_date": "2024-04-19T00:00:00.000",
        "completed_date": null,
        "period_date": "2024-04-19T00:00:00.000",
        "longitude": -114.06656351541179,
        "latitude": 51.05243168627961,
        "units_created": 0.0,
        "units_lost": null,
        "net_units": 0.0,
        "is_residential": true,
        "is_active": true,
        "in_period": false,
        "requested_geography": "downtown",
        "in_requested_geography": true,
        "spatial_qa": "point_in_polygon_tested",
        "metric_roles": "active_inventory|period_flow",
        "source_page": "https://data.calgary.ca/d/c2es-76ed",
        "retrieved_at_utc": "2026-07-17T18:30:45.175912+00:00",
        "metric_membership": "active"
      }
    },
    {
      "type": "Feature",
      "id": "building_permits:BP2024-06219",
      "geometry": {
        "type": "Point",
        "coordinates": [
          -114.06888473517705,
          51.03511616399195
        ]
      },
      "properties": {
        "city": "Calgary",
        "dtuid": "825060161",
        "feed": "building_permits",
        "source_record_id": "BP2024-06219",
        "status": "Issued Permit",
        "permit_type": "Residential Improvement Project",
        "permit_class": "Single Family",
        "work_type": "Alteration",
        "description": "Improvements",
        "address": "2001 2 ST SW",
        "applied_date": "2024-04-09T00:00:00.000",
        "issued_date": "2024-10-23T00:00:00.000",
        "completed_date": null,
        "period_date": "2024-10-23T00:00:00.000",
        "longitude": -114.06888473517705,
        "latitude": 51.03511616399195,
        "units_created": 0.0,
        "units_lost": null,
        "net_units": 0.0,
        "is_residential": true,
        "is_active": true,
        "in_period": false,
        "requested_geography": "downtown",
        "in_requested_geography": true,
        "spatial_qa": "point_in_polygon_tested",
        "metric_roles": "active_inventory|period_flow",
        "source_page": "https://data.calgary.ca/d/c2es-76ed",
        "retrieved_at_utc": "2026-07-17T18:30:45.175912+00:00",
        "metric_membership": "active"
      }
    },
    {
      "type": "Feature",
      "id": "building_permits:BP2024-06598",
      "geometry": {
        "type": "Point",
        "coordinates": [
          -114.0813071821504,
          51.047680279453104
        ]
      },
      "properties": {
        "city": "Calgary",
        "dtuid": "825060161",
        "feed": "building_permits",
        "source_record_id": "BP2024-06598",
        "status": "Issued Permit",
        "permit_type": "Commercial / Multi Family Project",
        "permit_class": "Apartment",
        "work_type": "Repair",
        "description": "2024 Calgary Place Exterior Repairs",
        "address": "609 8 ST SW",
        "applied_date": "2024-04-14T00:00:00.000",
        "issued_date": "2024-05-06T00:00:00.000",
        "completed_date": null,
        "period_date": "2024-05-06T00:00:00.000",
        "longitude": -114.0813071821504,
        "latitude": 51.047680279453104,
        "units_created": 0.0,
        "units_lost": null,
        "net_units": 0.0,
        "is_residential": true,
        "is_active": true,
        "in_period": false,
        "requested_geography": "downtown",
        "in_requested_geography": true,
        "spatial_qa": "point_in_polygon_tested",
        "metric_roles": "active_inventory|period_flow",
        "source_page": "https://data.calgary.ca/d/c2es-76ed",
        "retrieved_at_utc": "2026-07-17T18:30:45.175912+00:00",
        "metric_membership": "active"
      }
    },
    {
      "type": "Feature",
      "id": "building_permits:BP2024-07455",
      "geometry": {
        "type": "Point",
        "coordinates": [
          -114.07315644737942,
          51.03992302816099
        ]
      },
      "properties": {
        "city": "Calgary",
        "dtuid": "825060161",
        "feed": "building_permits",
        "source_record_id": "BP2024-07455",
        "status": "Issued Permit",
        "permit_type": "Commercial / Multi Family Project",
        "permit_class": "Apartment",
        "work_type": "New",
        "description": "Construction of a 20 storey residential high-rise building with 205 dwelling units and 3 levels below-grade",
        "address": "528 14 AV SW",
        "applied_date": "2024-04-23T00:00:00.000",
        "issued_date": "2024-08-27T00:00:00.000",
        "completed_date": null,
        "period_date": "2024-08-27T00:00:00.000",
        "longitude": -114.07315644737942,
        "latitude": 51.03992302816099,
        "units_created": 205.0,
        "units_lost": null,
        "net_units": 205.0,
        "is_residential": true,
        "is_active": true,
        "in_period": false,
        "requested_geography": "downtown",
        "in_requested_geography": true,
        "spatial_qa": "point_in_polygon_tested",
        "metric_roles": "active_inventory|period_flow",
        "source_page": "https://data.calgary.ca/d/c2es-76ed",
        "retrieved_at_utc": "2026-07-17T18:30:45.175912+00:00",
        "metric_membership": "active"
      }
    },
    {
      "type": "Feature",
      "id": "building_permits:BP2024-07681",
      "geometry": {
        "type": "Point",
        "coordinates": [
          -114.07205942994499,
          51.03965401804436
        ]
      },
      "properties": {
        "city": "Calgary",
        "dtuid": "825060161",
        "feed": "building_permits",
        "source_record_id": "BP2024-07681",
        "status": "Issued Permit",
        "permit_type": "Commercial / Multi Family Project",
        "permit_class": "Apartment",
        "work_type": "New",
        "description": "Sony Residential Tower Phase 1",
        "address": "#101 509 14 AV SW",
        "applied_date": "2024-04-24T00:00:00.000",
        "issued_date": "2025-12-03T00:00:00.000",
        "completed_date": null,
        "period_date": "2025-12-03T00:00:00.000",
        "longitude": -114.07205942994499,
        "latitude": 51.03965401804436,
        "units_created": 219.0,
        "units_lost": null,
        "net_units": 219.0,
        "is_residential": true,
        "is_active": true,
        "in_period": false,
        "requested_geography": "downtown",
        "in_requested_geography": true,
        "spatial_qa": "point_in_polygon_tested",
        "metric_roles": "active_inventory|period_flow",
        "source_page": "https://data.calgary.ca/d/c2es-76ed",
        "retrieved_at_utc": "2026-07-17T18:30:45.175912+00:00",
        "metric_membership": "active"
      }
    },
    {
      "type": "Feature",
      "id": "building_permits:BP2024-08424",
      "geometry": {
        "type": "Point",
        "coordinates": [
          -114.08346199573162,
          51.046836557664136
        ]
      },
      "properties": {
        "city": "Calgary",
        "dtuid": "825060161",
        "feed": "building_permits",
        "source_record_id": "BP2024-08424",
        "status": "Issued Permit",
        "permit_type": "Commercial / Multi Family Project",
        "permit_class": "Apartment",
        "work_type": "Alteration",
        "description": "Interior alterations",
        "address": "#208 700 9 ST SW",
        "applied_date": "2024-05-02T00:00:00.000",
        "issued_date": "2024-06-20T00:00:00.000",
        "completed_date": null,
        "period_date": "2024-06-20T00:00:00.000",
        "longitude": -114.08346199573162,
        "latitude": 51.046836557664136,
        "units_created": 0.0,
        "units_lost": null,
        "net_units": 0.0,
        "is_residential": true,
        "is_active": true,
        "in_period": false,
        "requested_geography": "downtown",
        "in_requested_geography": true,
        "spatial_qa": "point_in_polygon_tested",
        "metric_roles": "active_inventory|period_flow",
        "source_page": "https://data.calgary.ca/d/c2es-76ed",
        "retrieved_at_utc": "2026-07-17T18:30:45.175912+00:00",
        "metric_membership": "active"
      }
    },
    {
      "type": "Feature",
      "id": "building_permits:BP2024-10027",
      "geometry": {
        "type": "Point",
        "coordinates": [
          -114.07128503767036,
          51.04249974568867
        ]
      },
      "properties": {
        "city": "Calgary",
        "dtuid": "825060161",
        "feed": "building_permits",
        "source_record_id": "BP2024-10027",
        "status": "Issued Permit",
        "permit_type": "Commercial / Multi Family Project",
        "permit_class": "Apartment",
        "work_type": "New",
        "description": "Truman - Imperia\", a 27 storey residential building with 5 levels of parkade below grade, and space for future retail tenancies on the main floor.",
        "address": "395 11 AV SW",
        "applied_date": "2024-05-24T00:00:00.000",
        "issued_date": "2025-06-26T00:00:00.000",
        "completed_date": null,
        "period_date": "2025-06-26T00:00:00.000",
        "longitude": -114.07128503767036,
        "latitude": 51.04249974568867,
        "units_created": 273.0,
        "units_lost": null,
        "net_units": 273.0,
        "is_residential": true,
        "is_active": true,
        "in_period": false,
        "requested_geography": "downtown",
        "in_requested_geography": true,
        "spatial_qa": "point_in_polygon_tested",
        "metric_roles": "active_inventory|period_flow",
        "source_page": "https://data.calgary.ca/d/c2es-76ed",
        "retrieved_at_utc": "2026-07-17T18:30:45.175912+00:00",
        "metric_membership": "active"
      }
    },
    {
      "type": "Feature",
      "id": "building_permits:BP2024-12346",
      "geometry": {
        "type": "Point",
        "coordinates": [
          -114.09206363122863,
          51.03950696855526
        ]
      },
      "properties": {
        "city": "Calgary",
        "dtuid": "825060161",
        "feed": "building_permits",
        "source_record_id": "BP2024-12346",
        "status": "Issued Permit",
        "permit_type": "Commercial / Multi Family Project",
        "permit_class": "Apartment",
        "work_type": "Alteration",
        "description": "additional bedroom",
        "address": "#410 1304 15 AV SW",
        "applied_date": "2024-06-20T00:00:00.000",
        "issued_date": "2024-07-18T00:00:00.000",
        "completed_date": null,
        "period_date": "2024-07-18T00:00:00.000",
        "longitude": -114.09206363122863,
        "latitude": 51.03950696855526,
        "units_created": 0.0,
        "units_lost": null,
        "net_units": 0.0,
        "is_residential": true,
        "is_active": true,
        "in_period": false,
        "requested_geography": "downtown",
        "in_requested_geography": true,
        "spatial_qa": "point_in_polygon_tested",
        "metric_roles": "active_inventory|period_flow",
        "source_page": "https://data.calgary.ca/d/c2es-76ed",
        "retrieved_at_utc": "2026-07-17T18:30:45.175912+00:00",
        "metric_membership": "active"
      }
    },
    {
      "type": "Feature",
      "id": "building_permits:BP2024-12578",
      "geometry": {
        "type": "Point",
        "coordinates": [
          -114.06946689852029,
          51.03958437934171
        ]
      },
      "properties": {
        "city": "Calgary",
        "dtuid": "825060161",
        "feed": "building_permits",
        "source_record_id": "BP2024-12578",
        "status": "Issued Permit",
        "permit_type": "Commercial / Multi Family Project",
        "permit_class": "Apartment",
        "work_type": "Alteration",
        "description": "Kitchen Re-mode unit 605",
        "address": "#605 317 14 AV SW",
        "applied_date": "2024-06-24T00:00:00.000",
        "issued_date": "2024-07-29T00:00:00.000",
        "completed_date": null,
        "period_date": "2024-07-29T00:00:00.000",
        "longitude": -114.06946689852029,
        "latitude": 51.03958437934171,
        "units_created": 0.0,
        "units_lost": null,
        "net_units": 0.0,
        "is_residential": true,
        "is_active": true,
        "in_period": false,
        "requested_geography": "downtown",
        "in_requested_geography": true,
        "spatial_qa": "point_in_polygon_tested",
        "metric_roles": "active_inventory|period_flow",
        "source_page": "https://data.calgary.ca/d/c2es-76ed",
        "retrieved_at_utc": "2026-07-17T18:30:45.175912+00:00",
        "metric_membership": "active"
      }
    },
    {
      "type": "Feature",
      "id": "building_permits:BP2024-12792",
      "geometry": {
        "type": "Point",
        "coordinates": [
          -114.07914779629265,
          51.04587033072073
        ]
      },
      "properties": {
        "city": "Calgary",
        "dtuid": "825060161",
        "feed": "building_permits",
        "source_record_id": "BP2024-12792",
        "status": "Issued Permit",
        "permit_type": "Commercial / Multi Family Project",
        "permit_class": "Apartment",
        "work_type": "Alteration",
        "description": "Taylor Building Conversion",
        "address": "807 7 ST SW",
        "applied_date": "2024-06-25T00:00:00.000",
        "issued_date": "2025-01-16T00:00:00.000",
        "completed_date": null,
        "period_date": "2025-01-16T00:00:00.000",
        "longitude": -114.07914779629265,
        "latitude": 51.04587033072073,
        "units_created": 0.0,
        "units_lost": null,
        "net_units": 0.0,
        "is_residential": true,
        "is_active": true,
        "in_period": false,
        "requested_geography": "downtown",
        "in_requested_geography": true,
        "spatial_qa": "point_in_polygon_tested",
        "metric_roles": "active_inventory|period_flow",
        "source_page": "https://data.calgary.ca/d/c2es-76ed",
        "retrieved_at_utc": "2026-07-17T18:30:45.175912+00:00",
        "metric_membership": "active"
      }
    },
    {
      "type": "Feature",
      "id": "building_permits:BP2024-12962",
      "geometry": {
        "type": "Point",
        "coordinates": [
          -114.08639268002177,
          51.04595060262873
        ]
      },
      "properties": {
        "city": "Calgary",
        "dtuid": "825060161",
        "feed": "building_permits",
        "source_record_id": "BP2024-12962",
        "status": "Pending Completeness Review",
        "permit_type": "Commercial / Multi Family Project",
        "permit_class": "Apartment",
        "work_type": "New",
        "description": null,
        "address": "1123 8 AV SW",
        "applied_date": "2024-06-27T00:00:00.000",
        "issued_date": null,
        "completed_date": null,
        "period_date": null,
        "longitude": -114.08639268002177,
        "latitude": 51.04595060262873,
        "units_created": 266.0,
        "units_lost": null,
        "net_units": 266.0,
        "is_residential": true,
        "is_active": true,
        "in_period": false,
        "requested_geography": "downtown",
        "in_requested_geography": true,
        "spatial_qa": "point_in_polygon_tested",
        "metric_roles": "active_inventory|period_flow",
        "source_page": "https://data.calgary.ca/d/c2es-76ed",
        "retrieved_at_utc": "2026-07-17T18:30:45.175912+00:00",
        "metric_membership": "active"
      }
    },
    {
      "type": "Feature",
      "id": "building_permits:BP2024-14127",
      "geometry": {
        "type": "Point",
        "coordinates": [
          -114.08067987743819,
          51.04782987174927
        ]
      },
      "properties": {
        "city": "Calgary",
        "dtuid": "825060161",
        "feed": "building_permits",
        "source_record_id": "BP2024-14127",
        "status": "Issued Permit",
        "permit_type": "Commercial / Multi Family Project",
        "permit_class": "Apartment",
        "work_type": "Alteration",
        "description": "Balcony Repair",
        "address": "835 6 AV SW",
        "applied_date": "2024-07-12T00:00:00.000",
        "issued_date": "2024-07-29T00:00:00.000",
        "completed_date": null,
        "period_date": "2024-07-29T00:00:00.000",
        "longitude": -114.08067987743819,
        "latitude": 51.04782987174927,
        "units_created": 0.0,
        "units_lost": null,
        "net_units": 0.0,
        "is_residential": true,
        "is_active": true,
        "in_period": false,
        "requested_geography": "downtown",
        "in_requested_geography": true,
        "spatial_qa": "point_in_polygon_tested",
        "metric_roles": "active_inventory|period_flow",
        "source_page": "https://data.calgary.ca/d/c2es-76ed",
        "retrieved_at_utc": "2026-07-17T18:30:45.175912+00:00",
        "metric_membership": "active"
      }
    },
    {
      "type": "Feature",
      "id": "building_permits:BP2024-15932",
      "geometry": {
        "type": "Point",
        "coordinates": [
          -114.07297221624538,
          51.049742325206545
        ]
      },
      "properties": {
        "city": "Calgary",
        "dtuid": "825060161",
        "feed": "building_permits",
        "source_record_id": "BP2024-15932",
        "status": "Issued Permit",
        "permit_type": "Commercial / Multi Family Project",
        "permit_class": "Apartment",
        "work_type": "New",
        "description": "Construction of a 34-storey residential high-rise, with four levels of below-grade parkade",
        "address": "520 4 AV SW",
        "applied_date": "2024-08-01T00:00:00.000",
        "issued_date": "2025-07-24T00:00:00.000",
        "completed_date": null,
        "period_date": "2025-07-24T00:00:00.000",
        "longitude": -114.07297221624538,
        "latitude": 51.049742325206545,
        "units_created": 270.0,
        "units_lost": null,
        "net_units": 270.0,
        "is_residential": true,
        "is_active": true,
        "in_period": false,
        "requested_geography": "downtown",
        "in_requested_geography": true,
        "spatial_qa": "point_in_polygon_tested",
        "metric_roles": "active_inventory|period_flow",
        "source_page": "https://data.calgary.ca/d/c2es-76ed",
        "retrieved_at_utc": "2026-07-17T18:30:45.175912+00:00",
        "metric_membership": "active"
      }
    },
    {
      "type": "Feature",
      "id": "building_permits:BP2024-18217",
      "geometry": {
        "type": "Point",
        "coordinates": [
          -114.08153430194962,
          51.03880369064372
        ]
      },
      "properties": {
        "city": "Calgary",
        "dtuid": "825060161",
        "feed": "building_permits",
        "source_record_id": "BP2024-18217",
        "status": "Issued Permit",
        "permit_type": "Commercial / Multi Family Project",
        "permit_class": "Apartment",
        "work_type": "Alteration",
        "description": "Interior Repairs",
        "address": "881 15 AV SW",
        "applied_date": "2024-08-29T00:00:00.000",
        "issued_date": "2024-09-23T00:00:00.000",
        "completed_date": null,
        "period_date": "2024-09-23T00:00:00.000",
        "longitude": -114.08153430194962,
        "latitude": 51.03880369064372,
        "units_created": 0.0,
        "units_lost": null,
        "net_units": 0.0,
        "is_residential": true,
        "is_active": true,
        "in_period": false,
        "requested_geography": "downtown",
        "in_requested_geography": true,
        "spatial_qa": "point_in_polygon_tested",
        "metric_roles": "active_inventory|period_flow",
        "source_page": "https://data.calgary.ca/d/c2es-76ed",
        "retrieved_at_utc": "2026-07-17T18:30:45.175912+00:00",
        "metric_membership": "active"
      }
    },
    {
      "type": "Feature",
      "id": "building_permits:BP2024-20180",
      "geometry": {
        "type": "Point",
        "coordinates": [
          -114.07132481893757,
          51.05299972522486
        ]
      },
      "properties": {
        "city": "Calgary",
        "dtuid": "825060161",
        "feed": "building_permits",
        "source_record_id": "BP2024-20180",
        "status": "Issued Permit",
        "permit_type": "Commercial / Multi Family Project",
        "permit_class": "Apartment",
        "work_type": "Alteration",
        "description": "Interior Alterations",
        "address": "#6101 400 EAU CLAIRE AV SW",
        "applied_date": "2024-09-23T00:00:00.000",
        "issued_date": "2024-10-11T00:00:00.000",
        "completed_date": null,
        "period_date": "2024-10-11T00:00:00.000",
        "longitude": -114.07132481893757,
        "latitude": 51.05299972522486,
        "units_created": 0.0,
        "units_lost": null,
        "net_units": 0.0,
        "is_residential": true,
        "is_active": true,
        "in_period": false,
        "requested_geography": "downtown",
        "in_requested_geography": true,
        "spatial_qa": "point_in_polygon_tested",
        "metric_roles": "active_inventory|period_flow",
        "source_page": "https://data.calgary.ca/d/c2es-76ed",
        "retrieved_at_utc": "2026-07-17T18:30:45.175912+00:00",
        "metric_membership": "active"
      }
    },
    {
      "type": "Feature",
      "id": "building_permits:BP2024-24726",
      "geometry": {
        "type": "Point",
        "coordinates": [
          -114.08931878431946,
          51.04300066045604
        ]
      },
      "properties": {
        "city": "Calgary",
        "dtuid": "825060161",
        "feed": "building_permits",
        "source_record_id": "BP2024-24726",
        "status": "Issued Permit",
        "permit_type": "Commercial / Multi Family Project",
        "permit_class": "Apartment",
        "work_type": "Alteration",
        "description": "Conversion of an 8 storey existing office building into a residential building with 3 live-work units, 89 residential units, and a future daycare occupancy on the main floor",
        "address": "#105 1207 11 AV SW",
        "applied_date": "2024-11-26T00:00:00.000",
        "issued_date": "2025-05-30T00:00:00.000",
        "completed_date": null,
        "period_date": "2025-05-30T00:00:00.000",
        "longitude": -114.08931878431946,
        "latitude": 51.04300066045604,
        "units_created": 92.0,
        "units_lost": null,
        "net_units": 92.0,
        "is_residential": true,
        "is_active": true,
        "in_period": false,
        "requested_geography": "downtown",
        "in_requested_geography": true,
        "spatial_qa": "point_in_polygon_tested",
        "metric_roles": "active_inventory|period_flow",
        "source_page": "https://data.calgary.ca/d/c2es-76ed",
        "retrieved_at_utc": "2026-07-17T18:30:45.175912+00:00",
        "metric_membership": "active"
      }
    },
    {
      "type": "Feature",
      "id": "building_permits:BP2024-24838",
      "geometry": {
        "type": "Point",
        "coordinates": [
          -114.06841551072068,
          51.042384594033976
        ]
      },
      "properties": {
        "city": "Calgary",
        "dtuid": "825060161",
        "feed": "building_permits",
        "source_record_id": "BP2024-24838",
        "status": "Issued Permit",
        "permit_type": "Commercial / Multi Family Project",
        "permit_class": "Apartment",
        "work_type": "New",
        "description": "Construction of a 36 storey residential building with commercial tenant space on the main floor",
        "address": "301 11 AV SW",
        "applied_date": "2024-11-27T00:00:00.000",
        "issued_date": "2026-01-09T00:00:00.000",
        "completed_date": null,
        "period_date": "2026-01-09T00:00:00.000",
        "longitude": -114.06841551072068,
        "latitude": 51.042384594033976,
        "units_created": 277.0,
        "units_lost": null,
        "net_units": 277.0,
        "is_residential": true,
        "is_active": true,
        "in_period": true,
        "requested_geography": "downtown",
        "in_requested_geography": true,
        "spatial_qa": "point_in_polygon_tested",
        "metric_roles": "active_inventory|period_flow",
        "source_page": "https://data.calgary.ca/d/c2es-76ed",
        "retrieved_at_utc": "2026-07-17T18:30:45.175912+00:00",
        "metric_membership": "both"
      }
    },
    {
      "type": "Feature",
      "id": "building_permits:BP2024-26184",
      "geometry": {
        "type": "Point",
        "coordinates": [
          -114.08492629666893,
          51.04819911018443
        ]
      },
      "properties": {
        "city": "Calgary",
        "dtuid": "825060161",
        "feed": "building_permits",
        "source_record_id": "BP2024-26184",
        "status": "Issued Permit",
        "permit_type": "Commercial / Multi Family Project",
        "permit_class": "Apartment",
        "work_type": "Alteration",
        "description": "Elevator and Fire Alarm",
        "address": "1078 6 AV SW",
        "applied_date": "2024-12-19T00:00:00.000",
        "issued_date": "2025-01-15T00:00:00.000",
        "completed_date": null,
        "period_date": "2025-01-15T00:00:00.000",
        "longitude": -114.08492629666893,
        "latitude": 51.04819911018443,
        "units_created": 0.0,
        "units_lost": null,
        "net_units": 0.0,
        "is_residential": true,
        "is_active": true,
        "in_period": false,
        "requested_geography": "downtown",
        "in_requested_geography": true,
        "spatial_qa": "point_in_polygon_tested",
        "metric_roles": "active_inventory|period_flow",
        "source_page": "https://data.calgary.ca/d/c2es-76ed",
        "retrieved_at_utc": "2026-07-17T18:30:45.175912+00:00",
        "metric_membership": "active"
      }
    },
    {
      "type": "Feature",
      "id": "building_permits:BP2024-26186",
      "geometry": {
        "type": "Point",
        "coordinates": [
          -114.08533068004189,
          51.048210834929854
        ]
      },
      "properties": {
        "city": "Calgary",
        "dtuid": "825060161",
        "feed": "building_permits",
        "source_record_id": "BP2024-26186",
        "status": "Issued Permit",
        "permit_type": "Commercial / Multi Family Project",
        "permit_class": "Apartment",
        "work_type": "Alteration",
        "description": "Elevator and Fire Alarm",
        "address": "1088 6 AV SW",
        "applied_date": "2024-12-19T00:00:00.000",
        "issued_date": "2025-01-15T00:00:00.000",
        "completed_date": null,
        "period_date": "2025-01-15T00:00:00.000",
        "longitude": -114.08533068004189,
        "latitude": 51.048210834929854,
        "units_created": 0.0,
        "units_lost": null,
        "net_units": 0.0,
        "is_residential": true,
        "is_active": true,
        "in_period": false,
        "requested_geography": "downtown",
        "in_requested_geography": true,
        "spatial_qa": "point_in_polygon_tested",
        "metric_roles": "active_inventory|period_flow",
        "source_page": "https://data.calgary.ca/d/c2es-76ed",
        "retrieved_at_utc": "2026-07-17T18:30:45.175912+00:00",
        "metric_membership": "active"
      }
    },
    {
      "type": "Feature",
      "id": "building_permits:BP2025-01448",
      "geometry": {
        "type": "Point",
        "coordinates": [
          -114.07760292529268,
          51.05084151821003
        ]
      },
      "properties": {
        "city": "Calgary",
        "dtuid": "825060161",
        "feed": "building_permits",
        "source_record_id": "BP2025-01448",
        "status": "Issued Permit",
        "permit_type": "Commercial / Multi Family Project",
        "permit_class": "Apartment",
        "work_type": "Repair",
        "description": "Parkade Repairs",
        "address": "738 3 AV SW",
        "applied_date": "2025-01-27T00:00:00.000",
        "issued_date": "2025-01-29T00:00:00.000",
        "completed_date": null,
        "period_date": "2025-01-29T00:00:00.000",
        "longitude": -114.07760292529268,
        "latitude": 51.05084151821003,
        "units_created": 0.0,
        "units_lost": null,
        "net_units": 0.0,
        "is_residential": true,
        "is_active": true,
        "in_period": false,
        "requested_geography": "downtown",
        "in_requested_geography": true,
        "spatial_qa": "point_in_polygon_tested",
        "metric_roles": "active_inventory|period_flow",
        "source_page": "https://data.calgary.ca/d/c2es-76ed",
        "retrieved_at_utc": "2026-07-17T18:30:45.175912+00:00",
        "metric_membership": "active"
      }
    },
    {
      "type": "Feature",
      "id": "building_permits:BP2025-03220",
      "geometry": {
        "type": "Point",
        "coordinates": [
          -114.06371255836017,
          51.04156918614692
        ]
      },
      "properties": {
        "city": "Calgary",
        "dtuid": "825060161",
        "feed": "building_permits",
        "source_record_id": "BP2025-03220",
        "status": "Issued Permit",
        "permit_type": "Commercial / Multi Family Project",
        "permit_class": "Apartment",
        "work_type": "Alteration",
        "description": "Office to residential conversion",
        "address": "#111 110 12 AV SW",
        "applied_date": "2025-02-25T00:00:00.000",
        "issued_date": "2025-10-27T00:00:00.000",
        "completed_date": null,
        "period_date": "2025-10-27T00:00:00.000",
        "longitude": -114.06371255836017,
        "latitude": 51.04156918614692,
        "units_created": 0.0,
        "units_lost": null,
        "net_units": 0.0,
        "is_residential": true,
        "is_active": true,
        "in_period": false,
        "requested_geography": "downtown",
        "in_requested_geography": true,
        "spatial_qa": "point_in_polygon_tested",
        "metric_roles": "active_inventory|period_flow",
        "source_page": "https://data.calgary.ca/d/c2es-76ed",
        "retrieved_at_utc": "2026-07-17T18:30:45.175912+00:00",
        "metric_membership": "active"
      }
    },
    {
      "type": "Feature",
      "id": "building_permits:BP2025-03472",
      "geometry": {
        "type": "Point",
        "coordinates": [
          -114.07965581436129,
          51.05158211314138
        ]
      },
      "properties": {
        "city": "Calgary",
        "dtuid": "825060161",
        "feed": "building_permits",
        "source_record_id": "BP2025-03472",
        "status": "New",
        "permit_type": "Residential Improvement Project",
        "permit_class": "Two Family",
        "work_type": "Alteration",
        "description": "Improvements",
        "address": "837 2 AV SW",
        "applied_date": "2025-02-28T00:00:00.000",
        "issued_date": null,
        "completed_date": null,
        "period_date": null,
        "longitude": -114.07965581436129,
        "latitude": 51.05158211314138,
        "units_created": 0.0,
        "units_lost": null,
        "net_units": 0.0,
        "is_residential": true,
        "is_active": true,
        "in_period": false,
        "requested_geography": "downtown",
        "in_requested_geography": true,
        "spatial_qa": "point_in_polygon_tested",
        "metric_roles": "active_inventory|period_flow",
        "source_page": "https://data.calgary.ca/d/c2es-76ed",
        "retrieved_at_utc": "2026-07-17T18:30:45.175912+00:00",
        "metric_membership": "active"
      }
    },
    {
      "type": "Feature",
      "id": "building_permits:BP2025-04281",
      "geometry": {
        "type": "Point",
        "coordinates": [
          -114.0730546593096,
          51.05262108853944
        ]
      },
      "properties": {
        "city": "Calgary",
        "dtuid": "825060161",
        "feed": "building_permits",
        "source_record_id": "BP2025-04281",
        "status": "Issued Permit",
        "permit_type": "Commercial / Multi Family Project",
        "permit_class": "Apartment",
        "work_type": "Alteration",
        "description": "Leasehold Improvements",
        "address": "500 EAU CLAIRE AV SW",
        "applied_date": "2025-03-13T00:00:00.000",
        "issued_date": "2025-04-01T00:00:00.000",
        "completed_date": null,
        "period_date": "2025-04-01T00:00:00.000",
        "longitude": -114.0730546593096,
        "latitude": 51.05262108853944,
        "units_created": 0.0,
        "units_lost": null,
        "net_units": 0.0,
        "is_residential": true,
        "is_active": true,
        "in_period": false,
        "requested_geography": "downtown",
        "in_requested_geography": true,
        "spatial_qa": "point_in_polygon_tested",
        "metric_roles": "active_inventory|period_flow",
        "source_page": "https://data.calgary.ca/d/c2es-76ed",
        "retrieved_at_utc": "2026-07-17T18:30:45.175912+00:00",
        "metric_membership": "active"
      }
    },
    {
      "type": "Feature",
      "id": "building_permits:BP2025-04384",
      "geometry": {
        "type": "Point",
        "coordinates": [
          -114.07024309369413,
          51.039841544080964
        ]
      },
      "properties": {
        "city": "Calgary",
        "dtuid": "825060161",
        "feed": "building_permits",
        "source_record_id": "BP2025-04384",
        "status": "Issued Permit",
        "permit_type": "Commercial / Multi Family Project",
        "permit_class": "Apartment",
        "work_type": "New",
        "description": "Construction of a 6 storey combustible residential building with 20 rental units",
        "address": "#110 334 14 AV SW",
        "applied_date": "2025-03-14T00:00:00.000",
        "issued_date": "2025-11-05T00:00:00.000",
        "completed_date": null,
        "period_date": "2025-11-05T00:00:00.000",
        "longitude": -114.07024309369413,
        "latitude": 51.039841544080964,
        "units_created": 20.0,
        "units_lost": null,
        "net_units": 20.0,
        "is_residential": true,
        "is_active": true,
        "in_period": false,
        "requested_geography": "downtown",
        "in_requested_geography": true,
        "spatial_qa": "point_in_polygon_tested",
        "metric_roles": "active_inventory|period_flow",
        "source_page": "https://data.calgary.ca/d/c2es-76ed",
        "retrieved_at_utc": "2026-07-17T18:30:45.175912+00:00",
        "metric_membership": "active"
      }
    },
    {
      "type": "Feature",
      "id": "building_permits:BP2025-04531",
      "geometry": {
        "type": "Point",
        "coordinates": [
          -114.09383299175488,
          51.03955672204404
        ]
      },
      "properties": {
        "city": "Calgary",
        "dtuid": "825060161",
        "feed": "building_permits",
        "source_record_id": "BP2025-04531",
        "status": "Issued Permit",
        "permit_type": "Commercial / Multi Family Project",
        "permit_class": "Apartment",
        "work_type": "Fire/ Security Alarm",
        "description": "Fire alarm device replacement",
        "address": "#1 1330 15 AV SW",
        "applied_date": "2025-03-18T00:00:00.000",
        "issued_date": "2025-03-19T00:00:00.000",
        "completed_date": null,
        "period_date": "2025-03-19T00:00:00.000",
        "longitude": -114.09383299175488,
        "latitude": 51.03955672204404,
        "units_created": 0.0,
        "units_lost": null,
        "net_units": 0.0,
        "is_residential": true,
        "is_active": true,
        "in_period": false,
        "requested_geography": "downtown",
        "in_requested_geography": true,
        "spatial_qa": "point_in_polygon_tested",
        "metric_roles": "active_inventory|period_flow",
        "source_page": "https://data.calgary.ca/d/c2es-76ed",
        "retrieved_at_utc": "2026-07-17T18:30:45.175912+00:00",
        "metric_membership": "active"
      }
    },
    {
      "type": "Feature",
      "id": "building_permits:BP2025-05397",
      "geometry": {
        "type": "Point",
        "coordinates": [
          -114.06371255836017,
          51.04156918614692
        ]
      },
      "properties": {
        "city": "Calgary",
        "dtuid": "825060161",
        "feed": "building_permits",
        "source_record_id": "BP2025-05397",
        "status": "Issued Permit",
        "permit_type": "Commercial / Multi Family Project",
        "permit_class": "Apartment",
        "work_type": "New",
        "description": "Construction of ancillary building serving a residential high-rise conversion building",
        "address": "110 12 AV SW",
        "applied_date": "2025-03-28T00:00:00.000",
        "issued_date": "2025-10-28T00:00:00.000",
        "completed_date": null,
        "period_date": "2025-10-28T00:00:00.000",
        "longitude": -114.06371255836017,
        "latitude": 51.04156918614692,
        "units_created": 0.0,
        "units_lost": null,
        "net_units": 0.0,
        "is_residential": true,
        "is_active": true,
        "in_period": false,
        "requested_geography": "downtown",
        "in_requested_geography": true,
        "spatial_qa": "point_in_polygon_tested",
        "metric_roles": "active_inventory|period_flow",
        "source_page": "https://data.calgary.ca/d/c2es-76ed",
        "retrieved_at_utc": "2026-07-17T18:30:45.175912+00:00",
        "metric_membership": "active"
      }
    },
    {
      "type": "Feature",
      "id": "building_permits:BP2025-05484",
      "geometry": {
        "type": "Point",
        "coordinates": [
          -114.0813071821504,
          51.047680279453104
        ]
      },
      "properties": {
        "city": "Calgary",
        "dtuid": "825060161",
        "feed": "building_permits",
        "source_record_id": "BP2025-05484",
        "status": "Issued Permit",
        "permit_type": "Commercial / Multi Family Project",
        "permit_class": "Apartment",
        "work_type": "Fire/ Security Alarm",
        "description": "Fire alarm modifications",
        "address": "609 8 ST SW",
        "applied_date": "2025-03-31T00:00:00.000",
        "issued_date": "2025-04-02T00:00:00.000",
        "completed_date": null,
        "period_date": "2025-04-02T00:00:00.000",
        "longitude": -114.0813071821504,
        "latitude": 51.047680279453104,
        "units_created": 0.0,
        "units_lost": null,
        "net_units": 0.0,
        "is_residential": true,
        "is_active": true,
        "in_period": false,
        "requested_geography": "downtown",
        "in_requested_geography": true,
        "spatial_qa": "point_in_polygon_tested",
        "metric_roles": "active_inventory|period_flow",
        "source_page": "https://data.calgary.ca/d/c2es-76ed",
        "retrieved_at_utc": "2026-07-17T18:30:45.175912+00:00",
        "metric_membership": "active"
      }
    },
    {
      "type": "Feature",
      "id": "building_permits:BP2025-05730",
      "geometry": {
        "type": "Point",
        "coordinates": [
          -114.07714372211089,
          51.04290373713961
        ]
      },
      "properties": {
        "city": "Calgary",
        "dtuid": "825060161",
        "feed": "building_permits",
        "source_record_id": "BP2025-05730",
        "status": "Issued Permit",
        "permit_type": "Commercial / Multi Family Project",
        "permit_class": "Apartment",
        "work_type": "Alteration",
        "description": "Office Conversion to Residential Suites",
        "address": "708 11 AV SW",
        "applied_date": "2025-04-02T00:00:00.000",
        "issued_date": "2025-07-11T00:00:00.000",
        "completed_date": null,
        "period_date": "2025-07-11T00:00:00.000",
        "longitude": -114.07714372211089,
        "latitude": 51.04290373713961,
        "units_created": 0.0,
        "units_lost": null,
        "net_units": 0.0,
        "is_residential": true,
        "is_active": true,
        "in_period": false,
        "requested_geography": "downtown",
        "in_requested_geography": true,
        "spatial_qa": "point_in_polygon_tested",
        "metric_roles": "active_inventory|period_flow",
        "source_page": "https://data.calgary.ca/d/c2es-76ed",
        "retrieved_at_utc": "2026-07-17T18:30:45.175912+00:00",
        "metric_membership": "active"
      }
    },
    {
      "type": "Feature",
      "id": "building_permits:BP2025-06200",
      "geometry": {
        "type": "Point",
        "coordinates": [
          -114.07132481893757,
          51.05299972522486
        ]
      },
      "properties": {
        "city": "Calgary",
        "dtuid": "825060161",
        "feed": "building_permits",
        "source_record_id": "BP2025-06200",
        "status": "Application Received",
        "permit_type": "Residential Improvement Project",
        "permit_class": "Single Family",
        "work_type": "Alteration",
        "description": "Improvements",
        "address": "400 EAU CLAIRE AV SW",
        "applied_date": "2025-04-08T00:00:00.000",
        "issued_date": null,
        "completed_date": null,
        "period_date": null,
        "longitude": -114.07132481893757,
        "latitude": 51.05299972522486,
        "units_created": 0.0,
        "units_lost": null,
        "net_units": 0.0,
        "is_residential": true,
        "is_active": true,
        "in_period": false,
        "requested_geography": "downtown",
        "in_requested_geography": true,
        "spatial_qa": "point_in_polygon_tested",
        "metric_roles": "active_inventory|period_flow",
        "source_page": "https://data.calgary.ca/d/c2es-76ed",
        "retrieved_at_utc": "2026-07-17T18:30:45.175912+00:00",
        "metric_membership": "active"
      }
    },
    {
      "type": "Feature",
      "id": "building_permits:BP2025-08015",
      "geometry": {
        "type": "Point",
        "coordinates": [
          -114.09087419397261,
          51.039474593070864
        ]
      },
      "properties": {
        "city": "Calgary",
        "dtuid": "825060161",
        "feed": "building_permits",
        "source_record_id": "BP2025-08015",
        "status": "Issued Permit",
        "permit_type": "Commercial / Multi Family Project",
        "permit_class": "Apartment",
        "work_type": "Repair",
        "description": "Concrete Entrance",
        "address": "1236 15 AV SW",
        "applied_date": "2025-05-01T00:00:00.000",
        "issued_date": "2025-05-21T00:00:00.000",
        "completed_date": null,
        "period_date": "2025-05-21T00:00:00.000",
        "longitude": -114.09087419397261,
        "latitude": 51.039474593070864,
        "units_created": 0.0,
        "units_lost": null,
        "net_units": 0.0,
        "is_residential": true,
        "is_active": true,
        "in_period": false,
        "requested_geography": "downtown",
        "in_requested_geography": true,
        "spatial_qa": "point_in_polygon_tested",
        "metric_roles": "active_inventory|period_flow",
        "source_page": "https://data.calgary.ca/d/c2es-76ed",
        "retrieved_at_utc": "2026-07-17T18:30:45.175912+00:00",
        "metric_membership": "active"
      }
    },
    {
      "type": "Feature",
      "id": "building_permits:BP2025-08361",
      "geometry": {
        "type": "Point",
        "coordinates": [
          -114.07064610469595,
          51.040566989062484
        ]
      },
      "properties": {
        "city": "Calgary",
        "dtuid": "825060161",
        "feed": "building_permits",
        "source_record_id": "BP2025-08361",
        "status": "Issued Permit",
        "permit_type": "Commercial / Multi Family Project",
        "permit_class": "Apartment",
        "work_type": "New",
        "description": "Parking garage with multi-level automated parking. The building serves a residential occupancy",
        "address": "334 14 AV SW",
        "applied_date": "2025-05-06T00:00:00.000",
        "issued_date": "2026-04-05T00:00:00.000",
        "completed_date": null,
        "period_date": "2026-04-05T00:00:00.000",
        "longitude": -114.07064610469595,
        "latitude": 51.040566989062484,
        "units_created": 0.0,
        "units_lost": null,
        "net_units": 0.0,
        "is_residential": true,
        "is_active": true,
        "in_period": true,
        "requested_geography": "downtown",
        "in_requested_geography": true,
        "spatial_qa": "point_in_polygon_tested",
        "metric_roles": "active_inventory|period_flow",
        "source_page": "https://data.calgary.ca/d/c2es-76ed",
        "retrieved_at_utc": "2026-07-17T18:30:45.175912+00:00",
        "metric_membership": "both"
      }
    },
    {
      "type": "Feature",
      "id": "building_permits:BP2025-08935",
      "geometry": {
        "type": "Point",
        "coordinates": [
          -114.07348935660369,
          51.04834170724513
        ]
      },
      "properties": {
        "city": "Calgary",
        "dtuid": "825060161",
        "feed": "building_permits",
        "source_record_id": "BP2025-08935",
        "status": "Issued Permit",
        "permit_type": "Commercial / Multi Family Project",
        "permit_class": "Apartment",
        "work_type": "Alteration",
        "description": "Office to Residential Conversion",
        "address": "#200 510 5 ST SW",
        "applied_date": "2025-05-13T00:00:00.000",
        "issued_date": "2026-01-06T00:00:00.000",
        "completed_date": null,
        "period_date": "2026-01-06T00:00:00.000",
        "longitude": -114.07348935660369,
        "latitude": 51.04834170724513,
        "units_created": 0.0,
        "units_lost": null,
        "net_units": 0.0,
        "is_residential": true,
        "is_active": true,
        "in_period": true,
        "requested_geography": "downtown",
        "in_requested_geography": true,
        "spatial_qa": "point_in_polygon_tested",
        "metric_roles": "active_inventory|period_flow",
        "source_page": "https://data.calgary.ca/d/c2es-76ed",
        "retrieved_at_utc": "2026-07-17T18:30:45.175912+00:00",
        "metric_membership": "both"
      }
    },
    {
      "type": "Feature",
      "id": "building_permits:BP2025-09042",
      "geometry": {
        "type": "Point",
        "coordinates": [
          -114.07626907536192,
          51.04191034277319
        ]
      },
      "properties": {
        "city": "Calgary",
        "dtuid": "825060161",
        "feed": "building_permits",
        "source_record_id": "BP2025-09042",
        "status": "Issued Permit",
        "permit_type": "Commercial / Multi Family Project",
        "permit_class": "Apartment",
        "work_type": "Alteration",
        "description": "Conversion to Residential Suites",
        "address": "#101 640 12 AV SW",
        "applied_date": "2025-05-14T00:00:00.000",
        "issued_date": "2025-08-28T00:00:00.000",
        "completed_date": null,
        "period_date": "2025-08-28T00:00:00.000",
        "longitude": -114.07626907536192,
        "latitude": 51.04191034277319,
        "units_created": 0.0,
        "units_lost": null,
        "net_units": 0.0,
        "is_residential": true,
        "is_active": true,
        "in_period": false,
        "requested_geography": "downtown",
        "in_requested_geography": true,
        "spatial_qa": "point_in_polygon_tested",
        "metric_roles": "active_inventory|period_flow",
        "source_page": "https://data.calgary.ca/d/c2es-76ed",
        "retrieved_at_utc": "2026-07-17T18:30:45.175912+00:00",
        "metric_membership": "active"
      }
    },
    {
      "type": "Feature",
      "id": "building_permits:BP2025-10172",
      "geometry": {
        "type": "Point",
        "coordinates": [
          -114.07656688972466,
          51.05079392727836
        ]
      },
      "properties": {
        "city": "Calgary",
        "dtuid": "825060161",
        "feed": "building_permits",
        "source_record_id": "BP2025-10172",
        "status": "Issued Permit",
        "permit_type": "Commercial / Multi Family Project",
        "permit_class": "Apartment",
        "work_type": "Fire/ Security Alarm",
        "description": "Fire alarm installation",
        "address": "#1001 702 3 AV SW",
        "applied_date": "2025-05-29T00:00:00.000",
        "issued_date": "2025-06-10T00:00:00.000",
        "completed_date": null,
        "period_date": "2025-06-10T00:00:00.000",
        "longitude": -114.07656688972466,
        "latitude": 51.05079392727836,
        "units_created": 0.0,
        "units_lost": null,
        "net_units": 0.0,
        "is_residential": true,
        "is_active": true,
        "in_period": false,
        "requested_geography": "downtown",
        "in_requested_geography": true,
        "spatial_qa": "point_in_polygon_tested",
        "metric_roles": "active_inventory|period_flow",
        "source_page": "https://data.calgary.ca/d/c2es-76ed",
        "retrieved_at_utc": "2026-07-17T18:30:45.175912+00:00",
        "metric_membership": "active"
      }
    },
    {
      "type": "Feature",
      "id": "building_permits:BP2025-10204",
      "geometry": {
        "type": "Point",
        "coordinates": [
          -114.06131544338348,
          51.04442470973159
        ]
      },
      "properties": {
        "city": "Calgary",
        "dtuid": "825060161",
        "feed": "building_permits",
        "source_record_id": "BP2025-10204",
        "status": "Issued Permit",
        "permit_type": "Commercial / Multi Family Project",
        "permit_class": "Apartment",
        "work_type": "Alteration",
        "description": "Palliser One Conversion to Residential",
        "address": "#1700 125 9 AV SE",
        "applied_date": "2025-05-29T00:00:00.000",
        "issued_date": "2025-11-22T00:00:00.000",
        "completed_date": null,
        "period_date": "2025-11-22T00:00:00.000",
        "longitude": -114.06131544338348,
        "latitude": 51.04442470973159,
        "units_created": 424.0,
        "units_lost": null,
        "net_units": 424.0,
        "is_residential": true,
        "is_active": true,
        "in_period": false,
        "requested_geography": "downtown",
        "in_requested_geography": true,
        "spatial_qa": "point_in_polygon_tested",
        "metric_roles": "active_inventory|period_flow",
        "source_page": "https://data.calgary.ca/d/c2es-76ed",
        "retrieved_at_utc": "2026-07-17T18:30:45.175912+00:00",
        "metric_membership": "active"
      }
    },
    {
      "type": "Feature",
      "id": "building_permits:BP2025-10205",
      "geometry": {
        "type": "Point",
        "coordinates": [
          -114.08584614465703,
          51.0476883885172
        ]
      },
      "properties": {
        "city": "Calgary",
        "dtuid": "825060161",
        "feed": "building_permits",
        "source_record_id": "BP2025-10205",
        "status": "Issued Permit",
        "permit_type": "Commercial / Multi Family Project",
        "permit_class": "Apartment",
        "work_type": "Alteration",
        "description": "Exterior",
        "address": "650 10 ST SW",
        "applied_date": "2025-05-29T00:00:00.000",
        "issued_date": "2025-06-24T00:00:00.000",
        "completed_date": null,
        "period_date": "2025-06-24T00:00:00.000",
        "longitude": -114.08584614465703,
        "latitude": 51.0476883885172,
        "units_created": 0.0,
        "units_lost": null,
        "net_units": 0.0,
        "is_residential": true,
        "is_active": true,
        "in_period": false,
        "requested_geography": "downtown",
        "in_requested_geography": true,
        "spatial_qa": "point_in_polygon_tested",
        "metric_roles": "active_inventory|period_flow",
        "source_page": "https://data.calgary.ca/d/c2es-76ed",
        "retrieved_at_utc": "2026-07-17T18:30:45.175912+00:00",
        "metric_membership": "active"
      }
    },
    {
      "type": "Feature",
      "id": "building_permits:BP2025-10349",
      "geometry": {
        "type": "Point",
        "coordinates": [
          -114.08052910547715,
          51.048751882095935
        ]
      },
      "properties": {
        "city": "Calgary",
        "dtuid": "825060161",
        "feed": "building_permits",
        "source_record_id": "BP2025-10349",
        "status": "Issued Permit",
        "permit_type": "Commercial / Multi Family Project",
        "permit_class": "Apartment",
        "work_type": "Alteration",
        "description": "Office to Residential Conversion Interior Alteration",
        "address": "#105 839 5 AV SW",
        "applied_date": "2025-05-30T00:00:00.000",
        "issued_date": "2026-01-15T00:00:00.000",
        "completed_date": null,
        "period_date": "2026-01-15T00:00:00.000",
        "longitude": -114.08052910547715,
        "latitude": 51.048751882095935,
        "units_created": 0.0,
        "units_lost": null,
        "net_units": 0.0,
        "is_residential": true,
        "is_active": true,
        "in_period": true,
        "requested_geography": "downtown",
        "in_requested_geography": true,
        "spatial_qa": "point_in_polygon_tested",
        "metric_roles": "active_inventory|period_flow",
        "source_page": "https://data.calgary.ca/d/c2es-76ed",
        "retrieved_at_utc": "2026-07-17T18:30:45.175912+00:00",
        "metric_membership": "both"
      }
    },
    {
      "type": "Feature",
      "id": "building_permits:BP2025-10350",
      "geometry": {
        "type": "Point",
        "coordinates": [
          -114.08058940179023,
          51.04807632531643
        ]
      },
      "properties": {
        "city": "Calgary",
        "dtuid": "825060161",
        "feed": "building_permits",
        "source_record_id": "BP2025-10350",
        "status": "Issued Permit",
        "permit_type": "Commercial / Multi Family Project",
        "permit_class": "Apartment",
        "work_type": "Alteration",
        "description": "Office to Residential Conversion Interior Alteration",
        "address": "#140 840 6 AV SW",
        "applied_date": "2025-05-30T00:00:00.000",
        "issued_date": "2026-01-15T00:00:00.000",
        "completed_date": null,
        "period_date": "2026-01-15T00:00:00.000",
        "longitude": -114.08058940179023,
        "latitude": 51.04807632531643,
        "units_created": 0.0,
        "units_lost": null,
        "net_units": 0.0,
        "is_residential": true,
        "is_active": true,
        "in_period": true,
        "requested_geography": "downtown",
        "in_requested_geography": true,
        "spatial_qa": "point_in_polygon_tested",
        "metric_roles": "active_inventory|period_flow",
        "source_page": "https://data.calgary.ca/d/c2es-76ed",
        "retrieved_at_utc": "2026-07-17T18:30:45.175912+00:00",
        "metric_membership": "both"
      }
    },
    {
      "type": "Feature",
      "id": "building_permits:BP2025-10560",
      "geometry": {
        "type": "Point",
        "coordinates": [
          -114.0776029252933,
          51.05084151884227
        ]
      },
      "properties": {
        "city": "Calgary",
        "dtuid": "825060161",
        "feed": "building_permits",
        "source_record_id": "BP2025-10560",
        "status": "Issued Permit",
        "permit_type": "Commercial / Multi Family Project",
        "permit_class": "Apartment",
        "work_type": "Alteration",
        "description": "External Remediation",
        "address": "738 3 AV SW",
        "applied_date": "2025-06-03T00:00:00.000",
        "issued_date": "2025-07-04T00:00:00.000",
        "completed_date": null,
        "period_date": "2025-07-04T00:00:00.000",
        "longitude": -114.0776029252933,
        "latitude": 51.05084151884227,
        "units_created": 0.0,
        "units_lost": null,
        "net_units": 0.0,
        "is_residential": true,
        "is_active": true,
        "in_period": false,
        "requested_geography": "downtown",
        "in_requested_geography": true,
        "spatial_qa": "point_in_polygon_tested",
        "metric_roles": "active_inventory|period_flow",
        "source_page": "https://data.calgary.ca/d/c2es-76ed",
        "retrieved_at_utc": "2026-07-17T18:30:45.175912+00:00",
        "metric_membership": "active"
      }
    },
    {
      "type": "Feature",
      "id": "building_permits:BP2025-11341",
      "geometry": {
        "type": "Point",
        "coordinates": [
          -114.07132962643271,
          51.04743845367143
        ]
      },
      "properties": {
        "city": "Calgary",
        "dtuid": "825060161",
        "feed": "building_permits",
        "source_record_id": "BP2025-11341",
        "status": "Pending Plans Review Assignment",
        "permit_type": "Commercial / Multi Family Project",
        "permit_class": "Apartment",
        "work_type": "Alteration",
        "description": null,
        "address": "#100 606 4 ST SW",
        "applied_date": "2025-06-13T00:00:00.000",
        "issued_date": null,
        "completed_date": null,
        "period_date": null,
        "longitude": -114.07132962643271,
        "latitude": 51.04743845367143,
        "units_created": 0.0,
        "units_lost": null,
        "net_units": 0.0,
        "is_residential": true,
        "is_active": true,
        "in_period": false,
        "requested_geography": "downtown",
        "in_requested_geography": true,
        "spatial_qa": "point_in_polygon_tested",
        "metric_roles": "active_inventory|period_flow",
        "source_page": "https://data.calgary.ca/d/c2es-76ed",
        "retrieved_at_utc": "2026-07-17T18:30:45.175912+00:00",
        "metric_membership": "active"
      }
    },
    {
      "type": "Feature",
      "id": "building_permits:BP2025-11945",
      "geometry": {
        "type": "Point",
        "coordinates": [
          -114.07980159558522,
          51.04898546674628
        ]
      },
      "properties": {
        "city": "Calgary",
        "dtuid": "825060161",
        "feed": "building_permits",
        "source_record_id": "BP2025-11945",
        "status": "Issued Permit",
        "permit_type": "Commercial / Multi Family Project",
        "permit_class": "Apartment",
        "work_type": "Repair",
        "description": "Parking Garage Repair",
        "address": "820 5 AV SW",
        "applied_date": "2025-06-20T00:00:00.000",
        "issued_date": "2025-06-27T00:00:00.000",
        "completed_date": null,
        "period_date": "2025-06-27T00:00:00.000",
        "longitude": -114.07980159558522,
        "latitude": 51.04898546674628,
        "units_created": 0.0,
        "units_lost": null,
        "net_units": 0.0,
        "is_residential": true,
        "is_active": true,
        "in_period": false,
        "requested_geography": "downtown",
        "in_requested_geography": true,
        "spatial_qa": "point_in_polygon_tested",
        "metric_roles": "active_inventory|period_flow",
        "source_page": "https://data.calgary.ca/d/c2es-76ed",
        "retrieved_at_utc": "2026-07-17T18:30:45.175912+00:00",
        "metric_membership": "active"
      }
    },
    {
      "type": "Feature",
      "id": "building_permits:BP2025-12989",
      "geometry": {
        "type": "Point",
        "coordinates": [
          -114.08609266831712,
          51.041217404505424
        ]
      },
      "properties": {
        "city": "Calgary",
        "dtuid": "825060161",
        "feed": "building_permits",
        "source_record_id": "BP2025-12989",
        "status": "Issued Permit",
        "permit_type": "Commercial / Multi Family Project",
        "permit_class": "Townhouse",
        "work_type": "Alteration",
        "description": "External Remediation",
        "address": "1038 13 AV SW",
        "applied_date": "2025-07-04T00:00:00.000",
        "issued_date": "2025-07-18T00:00:00.000",
        "completed_date": null,
        "period_date": "2025-07-18T00:00:00.000",
        "longitude": -114.08609266831712,
        "latitude": 51.041217404505424,
        "units_created": 0.0,
        "units_lost": null,
        "net_units": 0.0,
        "is_residential": true,
        "is_active": true,
        "in_period": false,
        "requested_geography": "downtown",
        "in_requested_geography": true,
        "spatial_qa": "point_in_polygon_tested",
        "metric_roles": "active_inventory|period_flow",
        "source_page": "https://data.calgary.ca/d/c2es-76ed",
        "retrieved_at_utc": "2026-07-17T18:30:45.175912+00:00",
        "metric_membership": "active"
      }
    },
    {
      "type": "Feature",
      "id": "building_permits:BP2025-13560",
      "geometry": {
        "type": "Point",
        "coordinates": [
          -114.06311744097003,
          51.04058962740535
        ]
      },
      "properties": {
        "city": "Calgary",
        "dtuid": "825060161",
        "feed": "building_permits",
        "source_record_id": "BP2025-13560",
        "status": "Issued Permit",
        "permit_type": "Commercial / Multi Family Project",
        "permit_class": "Apartment",
        "work_type": "New",
        "description": "Construction of an 11 storey building with two levels of underground parkade and 323 residential units",
        "address": "#117 100 13 AV SE",
        "applied_date": "2025-07-14T00:00:00.000",
        "issued_date": "2026-05-06T00:00:00.000",
        "completed_date": null,
        "period_date": "2026-05-06T00:00:00.000",
        "longitude": -114.06311744097003,
        "latitude": 51.04058962740535,
        "units_created": 323.0,
        "units_lost": null,
        "net_units": 323.0,
        "is_residential": true,
        "is_active": true,
        "in_period": true,
        "requested_geography": "downtown",
        "in_requested_geography": true,
        "spatial_qa": "point_in_polygon_tested",
        "metric_roles": "active_inventory|period_flow",
        "source_page": "https://data.calgary.ca/d/c2es-76ed",
        "retrieved_at_utc": "2026-07-17T18:30:45.175912+00:00",
        "metric_membership": "both"
      }
    },
    {
      "type": "Feature",
      "id": "building_permits:BP2025-14615",
      "geometry": {
        "type": "Point",
        "coordinates": [
          -114.07487092165483,
          51.03973506430246
        ]
      },
      "properties": {
        "city": "Calgary",
        "dtuid": "825060161",
        "feed": "building_permits",
        "source_record_id": "BP2025-14615",
        "status": "Issued Permit",
        "permit_type": "Commercial / Multi Family Project",
        "permit_class": "Apartment",
        "work_type": "Fire/ Security Alarm",
        "description": "Fire alarm installation",
        "address": "605 14 AV SW",
        "applied_date": "2025-07-28T00:00:00.000",
        "issued_date": "2025-10-01T00:00:00.000",
        "completed_date": null,
        "period_date": "2025-10-01T00:00:00.000",
        "longitude": -114.07487092165483,
        "latitude": 51.03973506430246,
        "units_created": 0.0,
        "units_lost": null,
        "net_units": 0.0,
        "is_residential": true,
        "is_active": true,
        "in_period": false,
        "requested_geography": "downtown",
        "in_requested_geography": true,
        "spatial_qa": "point_in_polygon_tested",
        "metric_roles": "active_inventory|period_flow",
        "source_page": "https://data.calgary.ca/d/c2es-76ed",
        "retrieved_at_utc": "2026-07-17T18:30:45.175912+00:00",
        "metric_membership": "active"
      }
    },
    {
      "type": "Feature",
      "id": "building_permits:BP2025-14948",
      "geometry": {
        "type": "Point",
        "coordinates": [
          -114.07336098261909,
          51.043734549953065
        ]
      },
      "properties": {
        "city": "Calgary",
        "dtuid": "825060161",
        "feed": "building_permits",
        "source_record_id": "BP2025-14948",
        "status": "Issued Permit",
        "permit_type": "Commercial / Multi Family Project",
        "permit_class": "Apartment",
        "work_type": "Alteration",
        "description": "Interior & Exterior alterations (including 3 interior pools, 3 exterior pools) & 1 new exterior sauna building",
        "address": "538 10 AV SW",
        "applied_date": "2025-07-31T00:00:00.000",
        "issued_date": "2025-12-01T00:00:00.000",
        "completed_date": null,
        "period_date": "2025-12-01T00:00:00.000",
        "longitude": -114.07336098261909,
        "latitude": 51.043734549953065,
        "units_created": 0.0,
        "units_lost": null,
        "net_units": 0.0,
        "is_residential": true,
        "is_active": true,
        "in_period": false,
        "requested_geography": "downtown",
        "in_requested_geography": true,
        "spatial_qa": "point_in_polygon_tested",
        "metric_roles": "active_inventory|period_flow",
        "source_page": "https://data.calgary.ca/d/c2es-76ed",
        "retrieved_at_utc": "2026-07-17T18:30:45.175912+00:00",
        "metric_membership": "active"
      }
    },
    {
      "type": "Feature",
      "id": "building_permits:BP2025-15021",
      "geometry": {
        "type": "Point",
        "coordinates": [
          -114.07201549327574,
          51.04878424505563
        ]
      },
      "properties": {
        "city": "Calgary",
        "dtuid": "825060161",
        "feed": "building_permits",
        "source_record_id": "BP2025-15021",
        "status": "Pending Plans Review Assignment",
        "permit_type": "Commercial / Multi Family Project",
        "permit_class": "Apartment",
        "work_type": "Alteration",
        "description": null,
        "address": "#1 500 5 AV SW",
        "applied_date": "2025-08-01T00:00:00.000",
        "issued_date": null,
        "completed_date": null,
        "period_date": null,
        "longitude": -114.07201549327574,
        "latitude": 51.04878424505563,
        "units_created": 0.0,
        "units_lost": null,
        "net_units": 0.0,
        "is_residential": true,
        "is_active": true,
        "in_period": false,
        "requested_geography": "downtown",
        "in_requested_geography": true,
        "spatial_qa": "point_in_polygon_tested",
        "metric_roles": "active_inventory|period_flow",
        "source_page": "https://data.calgary.ca/d/c2es-76ed",
        "retrieved_at_utc": "2026-07-17T18:30:45.175912+00:00",
        "metric_membership": "active"
      }
    },
    {
      "type": "Feature",
      "id": "building_permits:BP2025-15024",
      "geometry": {
        "type": "Point",
        "coordinates": [
          -114.07568027484758,
          51.04958538652646
        ]
      },
      "properties": {
        "city": "Calgary",
        "dtuid": "825060161",
        "feed": "building_permits",
        "source_record_id": "BP2025-15024",
        "status": "Pending Plans Review Assignment",
        "permit_type": "Commercial / Multi Family Project",
        "permit_class": "Apartment",
        "work_type": "New",
        "description": null,
        "address": "621 4 AV SW",
        "applied_date": "2025-08-01T00:00:00.000",
        "issued_date": null,
        "completed_date": null,
        "period_date": null,
        "longitude": -114.07568027484758,
        "latitude": 51.04958538652646,
        "units_created": 315.0,
        "units_lost": null,
        "net_units": 315.0,
        "is_residential": true,
        "is_active": true,
        "in_period": false,
        "requested_geography": "downtown",
        "in_requested_geography": true,
        "spatial_qa": "point_in_polygon_tested",
        "metric_roles": "active_inventory|period_flow",
        "source_page": "https://data.calgary.ca/d/c2es-76ed",
        "retrieved_at_utc": "2026-07-17T18:30:45.175912+00:00",
        "metric_membership": "active"
      }
    },
    {
      "type": "Feature",
      "id": "building_permits:BP2025-15544",
      "geometry": {
        "type": "Point",
        "coordinates": [
          -114.05575610991181,
          51.04146088086918
        ]
      },
      "properties": {
        "city": "Calgary",
        "dtuid": "825060161",
        "feed": "building_permits",
        "source_record_id": "BP2025-15544",
        "status": "Issued Permit",
        "permit_type": "Commercial / Multi Family Project",
        "permit_class": "Apartment",
        "work_type": "Fire/ Security Alarm",
        "description": "Group C 3.2.2.47. Residential",
        "address": "#1001 1188 3 ST SE",
        "applied_date": "2025-08-11T00:00:00.000",
        "issued_date": "2025-09-11T00:00:00.000",
        "completed_date": null,
        "period_date": "2025-09-11T00:00:00.000",
        "longitude": -114.05575610991181,
        "latitude": 51.04146088086918,
        "units_created": 0.0,
        "units_lost": null,
        "net_units": 0.0,
        "is_residential": true,
        "is_active": true,
        "in_period": false,
        "requested_geography": "downtown",
        "in_requested_geography": true,
        "spatial_qa": "point_in_polygon_tested",
        "metric_roles": "active_inventory|period_flow",
        "source_page": "https://data.calgary.ca/d/c2es-76ed",
        "retrieved_at_utc": "2026-07-17T18:30:45.175912+00:00",
        "metric_membership": "active"
      }
    },
    {
      "type": "Feature",
      "id": "building_permits:BP2025-15788",
      "geometry": {
        "type": "Point",
        "coordinates": [
          -114.07551520429853,
          51.04888326071071
        ]
      },
      "properties": {
        "city": "Calgary",
        "dtuid": "825060161",
        "feed": "building_permits",
        "source_record_id": "BP2025-15788",
        "status": "Issued Permit",
        "permit_type": "Commercial / Multi Family Project",
        "permit_class": "Apartment",
        "work_type": "Alteration",
        "description": "Downtown office to residential conversion",
        "address": "#300 640 5 AV SW",
        "applied_date": "2025-08-13T00:00:00.000",
        "issued_date": "2026-06-19T00:00:00.000",
        "completed_date": null,
        "period_date": "2026-06-19T00:00:00.000",
        "longitude": -114.07551520429853,
        "latitude": 51.04888326071071,
        "units_created": 0.0,
        "units_lost": null,
        "net_units": 0.0,
        "is_residential": true,
        "is_active": true,
        "in_period": true,
        "requested_geography": "downtown",
        "in_requested_geography": true,
        "spatial_qa": "point_in_polygon_tested",
        "metric_roles": "active_inventory|period_flow",
        "source_page": "https://data.calgary.ca/d/c2es-76ed",
        "retrieved_at_utc": "2026-07-17T18:30:45.175912+00:00",
        "metric_membership": "both"
      }
    },
    {
      "type": "Feature",
      "id": "building_permits:BP2025-15825",
      "geometry": {
        "type": "Point",
        "coordinates": [
          -114.08519860234445,
          51.040032168933024
        ]
      },
      "properties": {
        "city": "Calgary",
        "dtuid": "825060161",
        "feed": "building_permits",
        "source_record_id": "BP2025-15825",
        "status": "Issued Permit",
        "permit_type": "Commercial / Multi Family Project",
        "permit_class": "Apartment",
        "work_type": "Fire/ Security Alarm",
        "description": "Fire/ Security Alarm - Wickham Place",
        "address": "1015 14 AV SW",
        "applied_date": "2025-08-14T00:00:00.000",
        "issued_date": "2025-08-21T00:00:00.000",
        "completed_date": null,
        "period_date": "2025-08-21T00:00:00.000",
        "longitude": -114.08519860234445,
        "latitude": 51.040032168933024,
        "units_created": 0.0,
        "units_lost": null,
        "net_units": 0.0,
        "is_residential": true,
        "is_active": true,
        "in_period": false,
        "requested_geography": "downtown",
        "in_requested_geography": true,
        "spatial_qa": "point_in_polygon_tested",
        "metric_roles": "active_inventory|period_flow",
        "source_page": "https://data.calgary.ca/d/c2es-76ed",
        "retrieved_at_utc": "2026-07-17T18:30:45.175912+00:00",
        "metric_membership": "active"
      }
    },
    {
      "type": "Feature",
      "id": "building_permits:BP2025-16492",
      "geometry": {
        "type": "Point",
        "coordinates": [
          -114.06259851837136,
          51.03961901442978
        ]
      },
      "properties": {
        "city": "Calgary",
        "dtuid": "825060161",
        "feed": "building_permits",
        "source_record_id": "BP2025-16492",
        "status": "Issued Permit",
        "permit_type": "Commercial / Multi Family Project",
        "permit_class": "Apartment",
        "work_type": "Repair",
        "description": "Exterior alterations - Balmoral Manor",
        "address": "112 14 AV SE",
        "applied_date": "2025-08-25T00:00:00.000",
        "issued_date": "2025-09-17T00:00:00.000",
        "completed_date": null,
        "period_date": "2025-09-17T00:00:00.000",
        "longitude": -114.06259851837136,
        "latitude": 51.03961901442978,
        "units_created": 0.0,
        "units_lost": null,
        "net_units": 0.0,
        "is_residential": true,
        "is_active": true,
        "in_period": false,
        "requested_geography": "downtown",
        "in_requested_geography": true,
        "spatial_qa": "point_in_polygon_tested",
        "metric_roles": "active_inventory|period_flow",
        "source_page": "https://data.calgary.ca/d/c2es-76ed",
        "retrieved_at_utc": "2026-07-17T18:30:45.175912+00:00",
        "metric_membership": "active"
      }
    },
    {
      "type": "Feature",
      "id": "building_permits:BP2025-16753",
      "geometry": {
        "type": "Point",
        "coordinates": [
          -114.07818216478671,
          51.04101202852981
        ]
      },
      "properties": {
        "city": "Calgary",
        "dtuid": "825060161",
        "feed": "building_permits",
        "source_record_id": "BP2025-16753",
        "status": "Issued Permit",
        "permit_type": "Commercial / Multi Family Project",
        "permit_class": "Apartment",
        "work_type": "Alteration",
        "description": "Interior Alteration - Suite renovation",
        "address": "#1610 720 13 AV SW",
        "applied_date": "2025-08-27T00:00:00.000",
        "issued_date": "2025-09-17T00:00:00.000",
        "completed_date": null,
        "period_date": "2025-09-17T00:00:00.000",
        "longitude": -114.07818216478671,
        "latitude": 51.04101202852981,
        "units_created": 0.0,
        "units_lost": null,
        "net_units": 0.0,
        "is_residential": true,
        "is_active": true,
        "in_period": false,
        "requested_geography": "downtown",
        "in_requested_geography": true,
        "spatial_qa": "point_in_polygon_tested",
        "metric_roles": "active_inventory|period_flow",
        "source_page": "https://data.calgary.ca/d/c2es-76ed",
        "retrieved_at_utc": "2026-07-17T18:30:45.175912+00:00",
        "metric_membership": "active"
      }
    },
    {
      "type": "Feature",
      "id": "building_permits:BP2025-17059",
      "geometry": {
        "type": "Point",
        "coordinates": [
          -114.05562649038374,
          51.049474741039155
        ]
      },
      "properties": {
        "city": "Calgary",
        "dtuid": "825060161",
        "feed": "building_permits",
        "source_record_id": "BP2025-17059",
        "status": "Issued Permit",
        "permit_type": "Commercial / Multi Family Project",
        "permit_class": "Apartment",
        "work_type": "Alteration",
        "description": "Electrical and Fire alarm upgrade",
        "address": "325 3 ST SE",
        "applied_date": "2025-09-02T00:00:00.000",
        "issued_date": "2025-11-04T00:00:00.000",
        "completed_date": null,
        "period_date": "2025-11-04T00:00:00.000",
        "longitude": -114.05562649038374,
        "latitude": 51.049474741039155,
        "units_created": 0.0,
        "units_lost": null,
        "net_units": 0.0,
        "is_residential": true,
        "is_active": true,
        "in_period": false,
        "requested_geography": "downtown",
        "in_requested_geography": true,
        "spatial_qa": "point_in_polygon_tested",
        "metric_roles": "active_inventory|period_flow",
        "source_page": "https://data.calgary.ca/d/c2es-76ed",
        "retrieved_at_utc": "2026-07-17T18:30:45.175912+00:00",
        "metric_membership": "active"
      }
    },
    {
      "type": "Feature",
      "id": "building_permits:BP2025-17325",
      "geometry": {
        "type": "Point",
        "coordinates": [
          -114.07009576829633,
          51.038887029729494
        ]
      },
      "properties": {
        "city": "Calgary",
        "dtuid": "825060161",
        "feed": "building_permits",
        "source_record_id": "BP2025-17325",
        "status": "Issued Permit",
        "permit_type": "Commercial / Multi Family Project",
        "permit_class": "Apartment",
        "work_type": "Repair",
        "description": "Fire Alarm",
        "address": "330 15 AV SW",
        "applied_date": "2025-09-05T00:00:00.000",
        "issued_date": "2025-09-29T00:00:00.000",
        "completed_date": null,
        "period_date": "2025-09-29T00:00:00.000",
        "longitude": -114.07009576829633,
        "latitude": 51.038887029729494,
        "units_created": 0.0,
        "units_lost": null,
        "net_units": 0.0,
        "is_residential": true,
        "is_active": true,
        "in_period": false,
        "requested_geography": "downtown",
        "in_requested_geography": true,
        "spatial_qa": "point_in_polygon_tested",
        "metric_roles": "active_inventory|period_flow",
        "source_page": "https://data.calgary.ca/d/c2es-76ed",
        "retrieved_at_utc": "2026-07-17T18:30:45.175912+00:00",
        "metric_membership": "active"
      }
    },
    {
      "type": "Feature",
      "id": "building_permits:BP2025-18083",
      "geometry": {
        "type": "Point",
        "coordinates": [
          -114.08018245424736,
          51.03893676678804
        ]
      },
      "properties": {
        "city": "Calgary",
        "dtuid": "825060161",
        "feed": "building_permits",
        "source_record_id": "BP2025-18083",
        "status": "Issued Permit",
        "permit_type": "Commercial / Multi Family Project",
        "permit_class": "Apartment",
        "work_type": "Fire/ Security Alarm",
        "description": "Fire Alarm Upgrade",
        "address": "817 15 AV SW",
        "applied_date": "2025-09-15T00:00:00.000",
        "issued_date": "2025-10-17T00:00:00.000",
        "completed_date": null,
        "period_date": "2025-10-17T00:00:00.000",
        "longitude": -114.08018245424736,
        "latitude": 51.03893676678804,
        "units_created": 0.0,
        "units_lost": null,
        "net_units": 0.0,
        "is_residential": true,
        "is_active": true,
        "in_period": false,
        "requested_geography": "downtown",
        "in_requested_geography": true,
        "spatial_qa": "point_in_polygon_tested",
        "metric_roles": "active_inventory|period_flow",
        "source_page": "https://data.calgary.ca/d/c2es-76ed",
        "retrieved_at_utc": "2026-07-17T18:30:45.175912+00:00",
        "metric_membership": "active"
      }
    },
    {
      "type": "Feature",
      "id": "building_permits:BP2025-18391",
      "geometry": {
        "type": "Point",
        "coordinates": [
          -114.05890830754387,
          51.04719029044605
        ]
      },
      "properties": {
        "city": "Calgary",
        "dtuid": "825060161",
        "feed": "building_permits",
        "source_record_id": "BP2025-18391",
        "status": "Issued Permit",
        "permit_type": "Commercial / Multi Family Project",
        "permit_class": "Apartment",
        "work_type": "Alteration",
        "description": "Residential Interior Alteration",
        "address": "#1811 221 6 AV SE",
        "applied_date": "2025-09-18T00:00:00.000",
        "issued_date": "2025-11-03T00:00:00.000",
        "completed_date": null,
        "period_date": "2025-11-03T00:00:00.000",
        "longitude": -114.05890830754387,
        "latitude": 51.04719029044605,
        "units_created": 0.0,
        "units_lost": null,
        "net_units": 0.0,
        "is_residential": true,
        "is_active": true,
        "in_period": false,
        "requested_geography": "downtown",
        "in_requested_geography": true,
        "spatial_qa": "point_in_polygon_tested",
        "metric_roles": "active_inventory|period_flow",
        "source_page": "https://data.calgary.ca/d/c2es-76ed",
        "retrieved_at_utc": "2026-07-17T18:30:45.175912+00:00",
        "metric_membership": "active"
      }
    },
    {
      "type": "Feature",
      "id": "building_permits:BP2025-20240",
      "geometry": {
        "type": "Point",
        "coordinates": [
          -114.08394118782284,
          51.0481773481181
        ]
      },
      "properties": {
        "city": "Calgary",
        "dtuid": "825060161",
        "feed": "building_permits",
        "source_record_id": "BP2025-20240",
        "status": "Issued Permit",
        "permit_type": "Commercial / Multi Family Project",
        "permit_class": "Apartment",
        "work_type": "Fire/ Security Alarm",
        "description": "Fire Alarm Repair/Upgrade",
        "address": "1010 6 AV SW",
        "applied_date": "2025-10-15T00:00:00.000",
        "issued_date": "2025-10-16T00:00:00.000",
        "completed_date": null,
        "period_date": "2025-10-16T00:00:00.000",
        "longitude": -114.08394118782284,
        "latitude": 51.0481773481181,
        "units_created": 0.0,
        "units_lost": null,
        "net_units": 0.0,
        "is_residential": true,
        "is_active": true,
        "in_period": false,
        "requested_geography": "downtown",
        "in_requested_geography": true,
        "spatial_qa": "point_in_polygon_tested",
        "metric_roles": "active_inventory|period_flow",
        "source_page": "https://data.calgary.ca/d/c2es-76ed",
        "retrieved_at_utc": "2026-07-17T18:30:45.175912+00:00",
        "metric_membership": "active"
      }
    },
    {
      "type": "Feature",
      "id": "building_permits:BP2025-20286",
      "geometry": {
        "type": "Point",
        "coordinates": [
          -114.06371255836017,
          51.04156918614692
        ]
      },
      "properties": {
        "city": "Calgary",
        "dtuid": "825060161",
        "feed": "building_permits",
        "source_record_id": "BP2025-20286",
        "status": "Pending Prescreen Review",
        "permit_type": "Commercial / Multi Family Project",
        "permit_class": "Apartment",
        "work_type": "New",
        "description": null,
        "address": "110 12 AV SW",
        "applied_date": "2025-10-16T00:00:00.000",
        "issued_date": null,
        "completed_date": null,
        "period_date": null,
        "longitude": -114.06371255836017,
        "latitude": 51.04156918614692,
        "units_created": 335.0,
        "units_lost": null,
        "net_units": 335.0,
        "is_residential": true,
        "is_active": true,
        "in_period": false,
        "requested_geography": "downtown",
        "in_requested_geography": true,
        "spatial_qa": "point_in_polygon_tested",
        "metric_roles": "active_inventory|period_flow",
        "source_page": "https://data.calgary.ca/d/c2es-76ed",
        "retrieved_at_utc": "2026-07-17T18:30:45.175912+00:00",
        "metric_membership": "active"
      }
    },
    {
      "type": "Feature",
      "id": "building_permits:BP2025-20857",
      "geometry": {
        "type": "Point",
        "coordinates": [
          -114.0541642283306,
          51.04517121705872
        ]
      },
      "properties": {
        "city": "Calgary",
        "dtuid": "825060161",
        "feed": "building_permits",
        "source_record_id": "BP2025-20857",
        "status": "Issued Permit",
        "permit_type": "Commercial / Multi Family Project",
        "permit_class": "Apartment",
        "work_type": "New",
        "description": "81-unit Apartment building (Library Square - South Building)",
        "address": "427 8 AV SE",
        "applied_date": "2025-10-24T00:00:00.000",
        "issued_date": "2026-03-11T00:00:00.000",
        "completed_date": null,
        "period_date": "2026-03-11T00:00:00.000",
        "longitude": -114.0541642283306,
        "latitude": 51.04517121705872,
        "units_created": 81.0,
        "units_lost": null,
        "net_units": 81.0,
        "is_residential": true,
        "is_active": true,
        "in_period": true,
        "requested_geography": "downtown",
        "in_requested_geography": true,
        "spatial_qa": "point_in_polygon_tested",
        "metric_roles": "active_inventory|period_flow",
        "source_page": "https://data.calgary.ca/d/c2es-76ed",
        "retrieved_at_utc": "2026-07-17T18:30:45.175912+00:00",
        "metric_membership": "both"
      }
    },
    {
      "type": "Feature",
      "id": "building_permits:BP2025-20858",
      "geometry": {
        "type": "Point",
        "coordinates": [
          -114.05420409643584,
          51.04539911527769
        ]
      },
      "properties": {
        "city": "Calgary",
        "dtuid": "825060161",
        "feed": "building_permits",
        "source_record_id": "BP2025-20858",
        "status": "Issued Permit",
        "permit_type": "Commercial / Multi Family Project",
        "permit_class": "Apartment",
        "work_type": "New",
        "description": "81-unit Apartment building (Library Square - North Building)",
        "address": "424 8 AV SE",
        "applied_date": "2025-10-24T00:00:00.000",
        "issued_date": "2026-03-11T00:00:00.000",
        "completed_date": null,
        "period_date": "2026-03-11T00:00:00.000",
        "longitude": -114.05420409643584,
        "latitude": 51.04539911527769,
        "units_created": 81.0,
        "units_lost": null,
        "net_units": 81.0,
        "is_residential": true,
        "is_active": true,
        "in_period": true,
        "requested_geography": "downtown",
        "in_requested_geography": true,
        "spatial_qa": "point_in_polygon_tested",
        "metric_roles": "active_inventory|period_flow",
        "source_page": "https://data.calgary.ca/d/c2es-76ed",
        "retrieved_at_utc": "2026-07-17T18:30:45.175912+00:00",
        "metric_membership": "both"
      }
    },
    {
      "type": "Feature",
      "id": "building_permits:BP2025-20948",
      "geometry": {
        "type": "Point",
        "coordinates": [
          -114.07580555355185,
          51.038820753331876
        ]
      },
      "properties": {
        "city": "Calgary",
        "dtuid": "825060161",
        "feed": "building_permits",
        "source_record_id": "BP2025-20948",
        "status": "Issued Permit",
        "permit_type": "Commercial / Multi Family Project",
        "permit_class": "Apartment",
        "work_type": "Alteration",
        "description": "Exterior alterations - door addition",
        "address": "617 15 AV SW",
        "applied_date": "2025-10-27T00:00:00.000",
        "issued_date": "2025-12-17T00:00:00.000",
        "completed_date": null,
        "period_date": "2025-12-17T00:00:00.000",
        "longitude": -114.07580555355185,
        "latitude": 51.038820753331876,
        "units_created": 0.0,
        "units_lost": null,
        "net_units": 0.0,
        "is_residential": true,
        "is_active": true,
        "in_period": false,
        "requested_geography": "downtown",
        "in_requested_geography": true,
        "spatial_qa": "point_in_polygon_tested",
        "metric_roles": "active_inventory|period_flow",
        "source_page": "https://data.calgary.ca/d/c2es-76ed",
        "retrieved_at_utc": "2026-07-17T18:30:45.175912+00:00",
        "metric_membership": "active"
      }
    },
    {
      "type": "Feature",
      "id": "building_permits:BP2025-21410",
      "geometry": {
        "type": "Point",
        "coordinates": [
          -114.08046353997906,
          51.045909886763674
        ]
      },
      "properties": {
        "city": "Calgary",
        "dtuid": "825060161",
        "feed": "building_permits",
        "source_record_id": "BP2025-21410",
        "status": "Pending Plans Review Assignment",
        "permit_type": "Commercial / Multi Family Project",
        "permit_class": "Apartment",
        "work_type": "Alteration",
        "description": null,
        "address": "823 8 AV SW",
        "applied_date": "2025-11-03T00:00:00.000",
        "issued_date": null,
        "completed_date": null,
        "period_date": null,
        "longitude": -114.08046353997906,
        "latitude": 51.045909886763674,
        "units_created": 32.0,
        "units_lost": null,
        "net_units": 32.0,
        "is_residential": true,
        "is_active": true,
        "in_period": false,
        "requested_geography": "downtown",
        "in_requested_geography": true,
        "spatial_qa": "point_in_polygon_tested",
        "metric_roles": "active_inventory|period_flow",
        "source_page": "https://data.calgary.ca/d/c2es-76ed",
        "retrieved_at_utc": "2026-07-17T18:30:45.175912+00:00",
        "metric_membership": "active"
      }
    },
    {
      "type": "Feature",
      "id": "building_permits:BP2025-21546",
      "geometry": {
        "type": "Point",
        "coordinates": [
          -114.0791125188832,
          51.05211821636117
        ]
      },
      "properties": {
        "city": "Calgary",
        "dtuid": "825060161",
        "feed": "building_permits",
        "source_record_id": "BP2025-21546",
        "status": "Issued Permit",
        "permit_type": "Commercial / Multi Family Project",
        "permit_class": "Apartment",
        "work_type": "Alteration",
        "description": "Interior Alteration",
        "address": "#301 200 LA CAILLE PL SW",
        "applied_date": "2025-11-05T00:00:00.000",
        "issued_date": "2025-12-19T00:00:00.000",
        "completed_date": null,
        "period_date": "2025-12-19T00:00:00.000",
        "longitude": -114.0791125188832,
        "latitude": 51.05211821636117,
        "units_created": 0.0,
        "units_lost": null,
        "net_units": 0.0,
        "is_residential": true,
        "is_active": true,
        "in_period": false,
        "requested_geography": "downtown",
        "in_requested_geography": true,
        "spatial_qa": "point_in_polygon_tested",
        "metric_roles": "active_inventory|period_flow",
        "source_page": "https://data.calgary.ca/d/c2es-76ed",
        "retrieved_at_utc": "2026-07-17T18:30:45.175912+00:00",
        "metric_membership": "active"
      }
    },
    {
      "type": "Feature",
      "id": "building_permits:BP2025-21758",
      "geometry": {
        "type": "Point",
        "coordinates": [
          -114.08870858983721,
          51.042430636379194
        ]
      },
      "properties": {
        "city": "Calgary",
        "dtuid": "825060161",
        "feed": "building_permits",
        "source_record_id": "BP2025-21758",
        "status": "Issued Permit",
        "permit_type": "Commercial / Multi Family Project",
        "permit_class": "Apartment",
        "work_type": "Alteration",
        "description": "Interior Alterations",
        "address": "#1406 1110 11 ST SW",
        "applied_date": "2025-11-09T00:00:00.000",
        "issued_date": "2025-12-16T00:00:00.000",
        "completed_date": null,
        "period_date": "2025-12-16T00:00:00.000",
        "longitude": -114.08870858983721,
        "latitude": 51.042430636379194,
        "units_created": 0.0,
        "units_lost": null,
        "net_units": 0.0,
        "is_residential": true,
        "is_active": true,
        "in_period": false,
        "requested_geography": "downtown",
        "in_requested_geography": true,
        "spatial_qa": "point_in_polygon_tested",
        "metric_roles": "active_inventory|period_flow",
        "source_page": "https://data.calgary.ca/d/c2es-76ed",
        "retrieved_at_utc": "2026-07-17T18:30:45.175912+00:00",
        "metric_membership": "active"
      }
    },
    {
      "type": "Feature",
      "id": "building_permits:BP2025-21841",
      "geometry": {
        "type": "Point",
        "coordinates": [
          -114.07769277552516,
          51.051768569451674
        ]
      },
      "properties": {
        "city": "Calgary",
        "dtuid": "825060161",
        "feed": "building_permits",
        "source_record_id": "BP2025-21841",
        "status": "Completed",
        "permit_type": "Commercial / Multi Family Project",
        "permit_class": "Apartment",
        "work_type": "Alteration",
        "description": "Interior alterations",
        "address": "#1804 730 2 AV SW",
        "applied_date": "2025-11-11T00:00:00.000",
        "issued_date": "2026-01-28T00:00:00.000",
        "completed_date": "2026-06-15T00:00:00.000",
        "period_date": "2026-01-28T00:00:00.000",
        "longitude": -114.07769277552516,
        "latitude": 51.051768569451674,
        "units_created": 0.0,
        "units_lost": null,
        "net_units": 0.0,
        "is_residential": true,
        "is_active": false,
        "in_period": true,
        "requested_geography": "downtown",
        "in_requested_geography": true,
        "spatial_qa": "point_in_polygon_tested",
        "metric_roles": "active_inventory|period_flow",
        "source_page": "https://data.calgary.ca/d/c2es-76ed",
        "retrieved_at_utc": "2026-07-17T18:30:45.175912+00:00",
        "metric_membership": "period"
      }
    },
    {
      "type": "Feature",
      "id": "building_permits:BP2025-23065",
      "geometry": {
        "type": "Point",
        "coordinates": [
          -114.06487432631232,
          51.05107801119712
        ]
      },
      "properties": {
        "city": "Calgary",
        "dtuid": "825060161",
        "feed": "building_permits",
        "source_record_id": "BP2025-23065",
        "status": "Issued Permit",
        "permit_type": "Commercial / Multi Family Project",
        "permit_class": "Apartment",
        "work_type": "Alteration",
        "description": "Wai Kwan Manor- Emergency Generator Replacement",
        "address": "200 1 ST SW",
        "applied_date": "2025-12-02T00:00:00.000",
        "issued_date": "2026-01-08T00:00:00.000",
        "completed_date": null,
        "period_date": "2026-01-08T00:00:00.000",
        "longitude": -114.06487432631232,
        "latitude": 51.05107801119712,
        "units_created": 0.0,
        "units_lost": null,
        "net_units": 0.0,
        "is_residential": true,
        "is_active": true,
        "in_period": true,
        "requested_geography": "downtown",
        "in_requested_geography": true,
        "spatial_qa": "point_in_polygon_tested",
        "metric_roles": "active_inventory|period_flow",
        "source_page": "https://data.calgary.ca/d/c2es-76ed",
        "retrieved_at_utc": "2026-07-17T18:30:45.175912+00:00",
        "metric_membership": "both"
      }
    },
    {
      "type": "Feature",
      "id": "building_permits:BP2025-23282",
      "geometry": {
        "type": "Point",
        "coordinates": [
          -114.07305465931019,
          51.05262108917168
        ]
      },
      "properties": {
        "city": "Calgary",
        "dtuid": "825060161",
        "feed": "building_permits",
        "source_record_id": "BP2025-23282",
        "status": "Completed",
        "permit_type": "Commercial / Multi Family Project",
        "permit_class": "Apartment",
        "work_type": "Alteration",
        "description": "Interior Alterations",
        "address": "#901A 500 EAU CLAIRE AV SW",
        "applied_date": "2025-12-05T00:00:00.000",
        "issued_date": "2026-02-04T00:00:00.000",
        "completed_date": "2026-05-07T00:00:00.000",
        "period_date": "2026-02-04T00:00:00.000",
        "longitude": -114.07305465931019,
        "latitude": 51.05262108917168,
        "units_created": 0.0,
        "units_lost": null,
        "net_units": 0.0,
        "is_residential": true,
        "is_active": false,
        "in_period": true,
        "requested_geography": "downtown",
        "in_requested_geography": true,
        "spatial_qa": "point_in_polygon_tested",
        "metric_roles": "active_inventory|period_flow",
        "source_page": "https://data.calgary.ca/d/c2es-76ed",
        "retrieved_at_utc": "2026-07-17T18:30:45.175912+00:00",
        "metric_membership": "period"
      }
    },
    {
      "type": "Feature",
      "id": "building_permits:BP2025-23550",
      "geometry": {
        "type": "Point",
        "coordinates": [
          -114.09001600975499,
          51.041348314891565
        ]
      },
      "properties": {
        "city": "Calgary",
        "dtuid": "825060161",
        "feed": "building_permits",
        "source_record_id": "BP2025-23550",
        "status": "Issued Permit",
        "permit_type": "Commercial / Multi Family Project",
        "permit_class": "Apartment",
        "work_type": "Fire/ Security Alarm",
        "description": "Fire Alarm Upgrade",
        "address": "1220 13 AV SW",
        "applied_date": "2025-12-11T00:00:00.000",
        "issued_date": "2025-12-15T00:00:00.000",
        "completed_date": null,
        "period_date": "2025-12-15T00:00:00.000",
        "longitude": -114.09001600975499,
        "latitude": 51.041348314891565,
        "units_created": 0.0,
        "units_lost": null,
        "net_units": 0.0,
        "is_residential": true,
        "is_active": true,
        "in_period": false,
        "requested_geography": "downtown",
        "in_requested_geography": true,
        "spatial_qa": "point_in_polygon_tested",
        "metric_roles": "active_inventory|period_flow",
        "source_page": "https://data.calgary.ca/d/c2es-76ed",
        "retrieved_at_utc": "2026-07-17T18:30:45.175912+00:00",
        "metric_membership": "active"
      }
    },
    {
      "type": "Feature",
      "id": "building_permits:BP2025-23830",
      "geometry": {
        "type": "Point",
        "coordinates": [
          -114.04970259146286,
          51.046223676691575
        ]
      },
      "properties": {
        "city": "Calgary",
        "dtuid": "825060161",
        "feed": "building_permits",
        "source_record_id": "BP2025-23830",
        "status": "Pending Plans Review Assignment",
        "permit_type": "Commercial / Multi Family Project",
        "permit_class": "Apartment",
        "work_type": "New",
        "description": null,
        "address": "616 7 AV SE",
        "applied_date": "2025-12-17T00:00:00.000",
        "issued_date": null,
        "completed_date": null,
        "period_date": null,
        "longitude": -114.04970259146286,
        "latitude": 51.046223676691575,
        "units_created": 218.0,
        "units_lost": null,
        "net_units": 218.0,
        "is_residential": true,
        "is_active": true,
        "in_period": false,
        "requested_geography": "downtown",
        "in_requested_geography": true,
        "spatial_qa": "point_in_polygon_tested",
        "metric_roles": "active_inventory|period_flow",
        "source_page": "https://data.calgary.ca/d/c2es-76ed",
        "retrieved_at_utc": "2026-07-17T18:30:45.175912+00:00",
        "metric_membership": "active"
      }
    },
    {
      "type": "Feature",
      "id": "building_permits:BP2026-00116",
      "geometry": {
        "type": "Point",
        "coordinates": [
          -114.06197035166835,
          51.05132398154926
        ]
      },
      "properties": {
        "city": "Calgary",
        "dtuid": "825060161",
        "feed": "building_permits",
        "source_record_id": "BP2026-00116",
        "status": "Issued Permit",
        "permit_type": "Commercial / Multi Family Project",
        "permit_class": "Apartment",
        "work_type": "Alteration",
        "description": "Exterior alterations",
        "address": "110 2 AV SE",
        "applied_date": "2026-01-05T00:00:00.000",
        "issued_date": "2026-04-14T00:00:00.000",
        "completed_date": null,
        "period_date": "2026-04-14T00:00:00.000",
        "longitude": -114.06197035166835,
        "latitude": 51.05132398154926,
        "units_created": 0.0,
        "units_lost": null,
        "net_units": 0.0,
        "is_residential": true,
        "is_active": true,
        "in_period": true,
        "requested_geography": "downtown",
        "in_requested_geography": true,
        "spatial_qa": "point_in_polygon_tested",
        "metric_roles": "active_inventory|period_flow",
        "source_page": "https://data.calgary.ca/d/c2es-76ed",
        "retrieved_at_utc": "2026-07-17T18:30:45.175912+00:00",
        "metric_membership": "both"
      }
    },
    {
      "type": "Feature",
      "id": "building_permits:BP2026-00292",
      "geometry": {
        "type": "Point",
        "coordinates": [
          -114.08310871158315,
          51.04020346297943
        ]
      },
      "properties": {
        "city": "Calgary",
        "dtuid": "825060161",
        "feed": "building_permits",
        "source_record_id": "BP2026-00292",
        "status": "Issued Permit",
        "permit_type": "Commercial / Multi Family Project",
        "permit_class": "Apartment",
        "work_type": "Fire/ Security Alarm",
        "description": "Fire Alarm Control Panel Replacement",
        "address": "#1001 924 14 AV SW",
        "applied_date": "2026-01-08T00:00:00.000",
        "issued_date": "2026-01-09T00:00:00.000",
        "completed_date": null,
        "period_date": "2026-01-09T00:00:00.000",
        "longitude": -114.08310871158315,
        "latitude": 51.04020346297943,
        "units_created": 0.0,
        "units_lost": null,
        "net_units": 0.0,
        "is_residential": true,
        "is_active": true,
        "in_period": true,
        "requested_geography": "downtown",
        "in_requested_geography": true,
        "spatial_qa": "point_in_polygon_tested",
        "metric_roles": "active_inventory|period_flow",
        "source_page": "https://data.calgary.ca/d/c2es-76ed",
        "retrieved_at_utc": "2026-07-17T18:30:45.175912+00:00",
        "metric_membership": "both"
      }
    },
    {
      "type": "Feature",
      "id": "building_permits:BP2026-00436",
      "geometry": {
        "type": "Point",
        "coordinates": [
          -114.07641957295075,
          51.050542895704815
        ]
      },
      "properties": {
        "city": "Calgary",
        "dtuid": "825060161",
        "feed": "building_permits",
        "source_record_id": "BP2026-00436",
        "status": "Completed",
        "permit_type": "Commercial / Multi Family Project",
        "permit_class": "Apartment",
        "work_type": "Fire/ Security Alarm",
        "description": "Fire Alarm Repair/Upgrade",
        "address": "#1001 701 3 AV SW",
        "applied_date": "2026-01-12T00:00:00.000",
        "issued_date": "2026-01-23T00:00:00.000",
        "completed_date": "2026-02-06T00:00:00.000",
        "period_date": "2026-01-23T00:00:00.000",
        "longitude": -114.07641957295075,
        "latitude": 51.050542895704815,
        "units_created": 0.0,
        "units_lost": null,
        "net_units": 0.0,
        "is_residential": true,
        "is_active": false,
        "in_period": true,
        "requested_geography": "downtown",
        "in_requested_geography": true,
        "spatial_qa": "point_in_polygon_tested",
        "metric_roles": "active_inventory|period_flow",
        "source_page": "https://data.calgary.ca/d/c2es-76ed",
        "retrieved_at_utc": "2026-07-17T18:30:45.175912+00:00",
        "metric_membership": "period"
      }
    },
    {
      "type": "Feature",
      "id": "building_permits:BP2026-00474",
      "geometry": {
        "type": "Point",
        "coordinates": [
          -114.08230599490727,
          51.04527760545145
        ]
      },
      "properties": {
        "city": "Calgary",
        "dtuid": "825060161",
        "feed": "building_permits",
        "source_record_id": "BP2026-00474",
        "status": "Issued Permit",
        "permit_type": "Commercial / Multi Family Project",
        "permit_class": "Apartment",
        "work_type": "Alteration",
        "description": "Continental Towers Window and Patio Door Replacement - East Tower",
        "address": "#1 920 9 AV SW",
        "applied_date": "2026-01-13T00:00:00.000",
        "issued_date": "2026-02-18T00:00:00.000",
        "completed_date": null,
        "period_date": "2026-02-18T00:00:00.000",
        "longitude": -114.08230599490727,
        "latitude": 51.04527760545145,
        "units_created": 0.0,
        "units_lost": null,
        "net_units": 0.0,
        "is_residential": true,
        "is_active": true,
        "in_period": true,
        "requested_geography": "downtown",
        "in_requested_geography": true,
        "spatial_qa": "point_in_polygon_tested",
        "metric_roles": "active_inventory|period_flow",
        "source_page": "https://data.calgary.ca/d/c2es-76ed",
        "retrieved_at_utc": "2026-07-17T18:30:45.175912+00:00",
        "metric_membership": "both"
      }
    },
    {
      "type": "Feature",
      "id": "building_permits:BP2026-00478",
      "geometry": {
        "type": "Point",
        "coordinates": [
          -114.08353394955068,
          51.045372843529776
        ]
      },
      "properties": {
        "city": "Calgary",
        "dtuid": "825060161",
        "feed": "building_permits",
        "source_record_id": "BP2026-00478",
        "status": "Issued Permit",
        "permit_type": "Commercial / Multi Family Project",
        "permit_class": "Apartment",
        "work_type": "Alteration",
        "description": "COntinental Towers Window and Patio Door Replacement - West Tower",
        "address": "#1001 840 9 ST SW",
        "applied_date": "2026-01-13T00:00:00.000",
        "issued_date": "2026-02-18T00:00:00.000",
        "completed_date": null,
        "period_date": "2026-02-18T00:00:00.000",
        "longitude": -114.08353394955068,
        "latitude": 51.045372843529776,
        "units_created": 0.0,
        "units_lost": null,
        "net_units": 0.0,
        "is_residential": true,
        "is_active": true,
        "in_period": true,
        "requested_geography": "downtown",
        "in_requested_geography": true,
        "spatial_qa": "point_in_polygon_tested",
        "metric_roles": "active_inventory|period_flow",
        "source_page": "https://data.calgary.ca/d/c2es-76ed",
        "retrieved_at_utc": "2026-07-17T18:30:45.175912+00:00",
        "metric_membership": "both"
      }
    },
    {
      "type": "Feature",
      "id": "building_permits:BP2026-00681",
      "geometry": {
        "type": "Point",
        "coordinates": [
          -114.04859133310947,
          51.044704879156555
        ]
      },
      "properties": {
        "city": "Calgary",
        "dtuid": "825060161",
        "feed": "building_permits",
        "source_record_id": "BP2026-00681",
        "status": "Completed",
        "permit_type": "Commercial / Multi Family Project",
        "permit_class": "Apartment",
        "work_type": "Repair",
        "description": "Repairs After Fire",
        "address": "#303 807 6 ST SE",
        "applied_date": "2026-01-16T00:00:00.000",
        "issued_date": "2026-02-19T00:00:00.000",
        "completed_date": "2026-03-30T00:00:00.000",
        "period_date": "2026-02-19T00:00:00.000",
        "longitude": -114.04859133310947,
        "latitude": 51.044704879156555,
        "units_created": 0.0,
        "units_lost": null,
        "net_units": 0.0,
        "is_residential": true,
        "is_active": false,
        "in_period": true,
        "requested_geography": "downtown",
        "in_requested_geography": true,
        "spatial_qa": "point_in_polygon_tested",
        "metric_roles": "active_inventory|period_flow",
        "source_page": "https://data.calgary.ca/d/c2es-76ed",
        "retrieved_at_utc": "2026-07-17T18:30:45.175912+00:00",
        "metric_membership": "period"
      }
    },
    {
      "type": "Feature",
      "id": "building_permits:BP2026-01395",
      "geometry": {
        "type": "Point",
        "coordinates": [
          -114.07499714854208,
          51.05283561229703
        ]
      },
      "properties": {
        "city": "Calgary",
        "dtuid": "825060161",
        "feed": "building_permits",
        "source_record_id": "BP2026-01395",
        "status": "Hold",
        "permit_type": "Residential Improvement Project",
        "permit_class": "Single Family",
        "work_type": "Alteration",
        "description": "Improvements",
        "address": "690 PRINCETON WY SW",
        "applied_date": "2026-01-30T00:00:00.000",
        "issued_date": null,
        "completed_date": null,
        "period_date": null,
        "longitude": -114.07499714854208,
        "latitude": 51.05283561229703,
        "units_created": 0.0,
        "units_lost": null,
        "net_units": 0.0,
        "is_residential": true,
        "is_active": true,
        "in_period": false,
        "requested_geography": "downtown",
        "in_requested_geography": true,
        "spatial_qa": "point_in_polygon_tested",
        "metric_roles": "active_inventory|period_flow",
        "source_page": "https://data.calgary.ca/d/c2es-76ed",
        "retrieved_at_utc": "2026-07-17T18:30:45.175912+00:00",
        "metric_membership": "active"
      }
    },
    {
      "type": "Feature",
      "id": "building_permits:BP2026-01446",
      "geometry": {
        "type": "Point",
        "coordinates": [
          -114.07854861727914,
          51.042697358933154
        ]
      },
      "properties": {
        "city": "Calgary",
        "dtuid": "825060161",
        "feed": "building_permits",
        "source_record_id": "BP2026-01446",
        "status": "Pending Plans Review Assignment",
        "permit_type": "Commercial / Multi Family Project",
        "permit_class": "Apartment",
        "work_type": "New",
        "description": null,
        "address": "#100 735 11 AV SW",
        "applied_date": "2026-01-30T00:00:00.000",
        "issued_date": null,
        "completed_date": null,
        "period_date": null,
        "longitude": -114.07854861727914,
        "latitude": 51.042697358933154,
        "units_created": 242.0,
        "units_lost": null,
        "net_units": 242.0,
        "is_residential": true,
        "is_active": true,
        "in_period": false,
        "requested_geography": "downtown",
        "in_requested_geography": true,
        "spatial_qa": "point_in_polygon_tested",
        "metric_roles": "active_inventory|period_flow",
        "source_page": "https://data.calgary.ca/d/c2es-76ed",
        "retrieved_at_utc": "2026-07-17T18:30:45.175912+00:00",
        "metric_membership": "active"
      }
    },
    {
      "type": "Feature",
      "id": "building_permits:BP2026-01465",
      "geometry": {
        "type": "Point",
        "coordinates": [
          -114.07393356921617,
          51.0526430108487
        ]
      },
      "properties": {
        "city": "Calgary",
        "dtuid": "825060161",
        "feed": "building_permits",
        "source_record_id": "BP2026-01465",
        "status": "Completed",
        "permit_type": "Commercial / Multi Family Project",
        "permit_class": "Apartment",
        "work_type": "Fire/ Security Alarm",
        "description": "Fire Alarm System Upgrade",
        "address": "#1001 600 PRINCETON WY SW",
        "applied_date": "2026-01-31T00:00:00.000",
        "issued_date": "2026-02-02T00:00:00.000",
        "completed_date": "2026-02-12T00:00:00.000",
        "period_date": "2026-02-02T00:00:00.000",
        "longitude": -114.07393356921617,
        "latitude": 51.0526430108487,
        "units_created": 0.0,
        "units_lost": null,
        "net_units": 0.0,
        "is_residential": true,
        "is_active": false,
        "in_period": true,
        "requested_geography": "downtown",
        "in_requested_geography": true,
        "spatial_qa": "point_in_polygon_tested",
        "metric_roles": "active_inventory|period_flow",
        "source_page": "https://data.calgary.ca/d/c2es-76ed",
        "retrieved_at_utc": "2026-07-17T18:30:45.175912+00:00",
        "metric_membership": "period"
      }
    },
    {
      "type": "Feature",
      "id": "building_permits:BP2026-01702",
      "geometry": {
        "type": "Point",
        "coordinates": [
          -114.09338822320376,
          51.04143609682365
        ]
      },
      "properties": {
        "city": "Calgary",
        "dtuid": "825060161",
        "feed": "building_permits",
        "source_record_id": "BP2026-01702",
        "status": "Hold",
        "permit_type": "Residential Improvement Project",
        "permit_class": "Single Family",
        "work_type": "Alteration",
        "description": "Improvements",
        "address": "1334 13 AV SW",
        "applied_date": "2026-02-04T00:00:00.000",
        "issued_date": null,
        "completed_date": null,
        "period_date": null,
        "longitude": -114.09338822320376,
        "latitude": 51.04143609682365,
        "units_created": 0.0,
        "units_lost": null,
        "net_units": 0.0,
        "is_residential": true,
        "is_active": true,
        "in_period": false,
        "requested_geography": "downtown",
        "in_requested_geography": true,
        "spatial_qa": "point_in_polygon_tested",
        "metric_roles": "active_inventory|period_flow",
        "source_page": "https://data.calgary.ca/d/c2es-76ed",
        "retrieved_at_utc": "2026-07-17T18:30:45.175912+00:00",
        "metric_membership": "active"
      }
    },
    {
      "type": "Feature",
      "id": "building_permits:BP2026-01742",
      "geometry": {
        "type": "Point",
        "coordinates": [
          -114.07499714854208,
          51.05283561229703
        ]
      },
      "properties": {
        "city": "Calgary",
        "dtuid": "825060161",
        "feed": "building_permits",
        "source_record_id": "BP2026-01742",
        "status": "Issued Permit",
        "permit_type": "Commercial / Multi Family Project",
        "permit_class": "Apartment",
        "work_type": "Alteration",
        "description": "Interior Alterations",
        "address": "#303 690 PRINCETON WY SW",
        "applied_date": "2026-02-05T00:00:00.000",
        "issued_date": "2026-03-02T00:00:00.000",
        "completed_date": null,
        "period_date": "2026-03-02T00:00:00.000",
        "longitude": -114.07499714854208,
        "latitude": 51.05283561229703,
        "units_created": 0.0,
        "units_lost": null,
        "net_units": 0.0,
        "is_residential": true,
        "is_active": true,
        "in_period": true,
        "requested_geography": "downtown",
        "in_requested_geography": true,
        "spatial_qa": "point_in_polygon_tested",
        "metric_roles": "active_inventory|period_flow",
        "source_page": "https://data.calgary.ca/d/c2es-76ed",
        "retrieved_at_utc": "2026-07-17T18:30:45.175912+00:00",
        "metric_membership": "both"
      }
    },
    {
      "type": "Feature",
      "id": "building_permits:BP2026-01994",
      "geometry": {
        "type": "Point",
        "coordinates": [
          -114.05366044466932,
          51.03760975741764
        ]
      },
      "properties": {
        "city": "Calgary",
        "dtuid": "825060161",
        "feed": "building_permits",
        "source_record_id": "BP2026-01994",
        "status": "Completed",
        "permit_type": "Commercial / Multi Family Project",
        "permit_class": "Townhouse",
        "work_type": "Temporary",
        "description": "2026 Stampede Dream Home",
        "address": "1700 STAMPEDE TR SE",
        "applied_date": "2026-02-10T00:00:00.000",
        "issued_date": "2026-02-24T00:00:00.000",
        "completed_date": "2026-06-11T00:00:00.000",
        "period_date": "2026-02-24T00:00:00.000",
        "longitude": -114.05366044466932,
        "latitude": 51.03760975741764,
        "units_created": 0.0,
        "units_lost": null,
        "net_units": 0.0,
        "is_residential": true,
        "is_active": false,
        "in_period": true,
        "requested_geography": "downtown",
        "in_requested_geography": true,
        "spatial_qa": "point_in_polygon_tested",
        "metric_roles": "active_inventory|period_flow",
        "source_page": "https://data.calgary.ca/d/c2es-76ed",
        "retrieved_at_utc": "2026-07-17T18:30:45.175912+00:00",
        "metric_membership": "period"
      }
    },
    {
      "type": "Feature",
      "id": "building_permits:BP2026-02043",
      "geometry": {
        "type": "Point",
        "coordinates": [
          -114.08762895044688,
          51.042230763896
        ]
      },
      "properties": {
        "city": "Calgary",
        "dtuid": "825060161",
        "feed": "building_permits",
        "source_record_id": "BP2026-02043",
        "status": "Completed",
        "permit_type": "Commercial / Multi Family Project",
        "permit_class": "Apartment",
        "work_type": "Repair",
        "description": "Interior Alteration",
        "address": "1118 12 AV SW",
        "applied_date": "2026-02-10T00:00:00.000",
        "issued_date": "2026-04-13T00:00:00.000",
        "completed_date": "2026-04-16T00:00:00.000",
        "period_date": "2026-04-13T00:00:00.000",
        "longitude": -114.08762895044688,
        "latitude": 51.042230763896,
        "units_created": 0.0,
        "units_lost": null,
        "net_units": 0.0,
        "is_residential": true,
        "is_active": false,
        "in_period": true,
        "requested_geography": "downtown",
        "in_requested_geography": true,
        "spatial_qa": "point_in_polygon_tested",
        "metric_roles": "active_inventory|period_flow",
        "source_page": "https://data.calgary.ca/d/c2es-76ed",
        "retrieved_at_utc": "2026-07-17T18:30:45.175912+00:00",
        "metric_membership": "period"
      }
    },
    {
      "type": "Feature",
      "id": "building_permits:BP2026-02093",
      "geometry": {
        "type": "Point",
        "coordinates": [
          -114.08676736814259,
          51.04729878554727
        ]
      },
      "properties": {
        "city": "Calgary",
        "dtuid": "825060161",
        "feed": "building_permits",
        "source_record_id": "BP2026-02093",
        "status": "Completed",
        "permit_type": "Commercial / Multi Family Project",
        "permit_class": "Apartment",
        "work_type": "Fire/ Security Alarm",
        "description": "Fire alarm repair",
        "address": "1112 7 AV SW",
        "applied_date": "2026-02-11T00:00:00.000",
        "issued_date": "2026-03-26T00:00:00.000",
        "completed_date": "2026-05-26T00:00:00.000",
        "period_date": "2026-03-26T00:00:00.000",
        "longitude": -114.08676736814259,
        "latitude": 51.04729878554727,
        "units_created": 0.0,
        "units_lost": null,
        "net_units": 0.0,
        "is_residential": true,
        "is_active": false,
        "in_period": true,
        "requested_geography": "downtown",
        "in_requested_geography": true,
        "spatial_qa": "point_in_polygon_tested",
        "metric_roles": "active_inventory|period_flow",
        "source_page": "https://data.calgary.ca/d/c2es-76ed",
        "retrieved_at_utc": "2026-07-17T18:30:45.175912+00:00",
        "metric_membership": "period"
      }
    },
    {
      "type": "Feature",
      "id": "building_permits:BP2026-02130",
      "geometry": {
        "type": "Point",
        "coordinates": [
          -114.07818216478671,
          51.04101202852981
        ]
      },
      "properties": {
        "city": "Calgary",
        "dtuid": "825060161",
        "feed": "building_permits",
        "source_record_id": "BP2026-02130",
        "status": "Issued Permit",
        "permit_type": "Commercial / Multi Family Project",
        "permit_class": "Apartment",
        "work_type": "Alteration",
        "description": "Interior alterations",
        "address": "720 13 AV SW",
        "applied_date": "2026-02-12T00:00:00.000",
        "issued_date": "2026-03-26T00:00:00.000",
        "completed_date": null,
        "period_date": "2026-03-26T00:00:00.000",
        "longitude": -114.07818216478671,
        "latitude": 51.04101202852981,
        "units_created": 0.0,
        "units_lost": null,
        "net_units": 0.0,
        "is_residential": true,
        "is_active": true,
        "in_period": true,
        "requested_geography": "downtown",
        "in_requested_geography": true,
        "spatial_qa": "point_in_polygon_tested",
        "metric_roles": "active_inventory|period_flow",
        "source_page": "https://data.calgary.ca/d/c2es-76ed",
        "retrieved_at_utc": "2026-07-17T18:30:45.175912+00:00",
        "metric_membership": "both"
      }
    },
    {
      "type": "Feature",
      "id": "building_permits:BP2026-02266",
      "geometry": {
        "type": "Point",
        "coordinates": [
          -114.08533068004257,
          51.04821083556208
        ]
      },
      "properties": {
        "city": "Calgary",
        "dtuid": "825060161",
        "feed": "building_permits",
        "source_record_id": "BP2026-02266",
        "status": "Completed",
        "permit_type": "Commercial / Multi Family Project",
        "permit_class": "Apartment",
        "work_type": "Alteration",
        "description": "Interior Alterations",
        "address": "#402 1088 6 AV SW",
        "applied_date": "2026-02-13T00:00:00.000",
        "issued_date": "2026-03-09T00:00:00.000",
        "completed_date": "2026-04-28T00:00:00.000",
        "period_date": "2026-03-09T00:00:00.000",
        "longitude": -114.08533068004257,
        "latitude": 51.04821083556208,
        "units_created": 0.0,
        "units_lost": null,
        "net_units": 0.0,
        "is_residential": true,
        "is_active": false,
        "in_period": true,
        "requested_geography": "downtown",
        "in_requested_geography": true,
        "spatial_qa": "point_in_polygon_tested",
        "metric_roles": "active_inventory|period_flow",
        "source_page": "https://data.calgary.ca/d/c2es-76ed",
        "retrieved_at_utc": "2026-07-17T18:30:45.175912+00:00",
        "metric_membership": "period"
      }
    },
    {
      "type": "Feature",
      "id": "building_permits:BP2026-02520",
      "geometry": {
        "type": "Point",
        "coordinates": [
          -114.08870858983721,
          51.042430636379194
        ]
      },
      "properties": {
        "city": "Calgary",
        "dtuid": "825060161",
        "feed": "building_permits",
        "source_record_id": "BP2026-02520",
        "status": "Completed",
        "permit_type": "Commercial / Multi Family Project",
        "permit_class": "Apartment",
        "work_type": "Alteration",
        "description": "Interior Alterations",
        "address": "#1206 1110 11 ST SW",
        "applied_date": "2026-02-19T00:00:00.000",
        "issued_date": "2026-03-11T00:00:00.000",
        "completed_date": "2026-03-20T00:00:00.000",
        "period_date": "2026-03-11T00:00:00.000",
        "longitude": -114.08870858983721,
        "latitude": 51.042430636379194,
        "units_created": 0.0,
        "units_lost": null,
        "net_units": 0.0,
        "is_residential": true,
        "is_active": false,
        "in_period": true,
        "requested_geography": "downtown",
        "in_requested_geography": true,
        "spatial_qa": "point_in_polygon_tested",
        "metric_roles": "active_inventory|period_flow",
        "source_page": "https://data.calgary.ca/d/c2es-76ed",
        "retrieved_at_utc": "2026-07-17T18:30:45.175912+00:00",
        "metric_membership": "period"
      }
    },
    {
      "type": "Feature",
      "id": "building_permits:BP2026-02542",
      "geometry": {
        "type": "Point",
        "coordinates": [
          -114.0877371356262,
          51.04032590953025
        ]
      },
      "properties": {
        "city": "Calgary",
        "dtuid": "825060161",
        "feed": "building_permits",
        "source_record_id": "BP2026-02542",
        "status": "Completed",
        "permit_type": "Commercial / Multi Family Project",
        "permit_class": "Townhouse",
        "work_type": "Alteration",
        "description": "Interior alterations",
        "address": "1315 10 ST SW",
        "applied_date": "2026-02-19T00:00:00.000",
        "issued_date": "2026-03-12T00:00:00.000",
        "completed_date": "2026-03-24T00:00:00.000",
        "period_date": "2026-03-12T00:00:00.000",
        "longitude": -114.0877371356262,
        "latitude": 51.04032590953025,
        "units_created": 0.0,
        "units_lost": null,
        "net_units": 0.0,
        "is_residential": true,
        "is_active": false,
        "in_period": true,
        "requested_geography": "downtown",
        "in_requested_geography": true,
        "spatial_qa": "point_in_polygon_tested",
        "metric_roles": "active_inventory|period_flow",
        "source_page": "https://data.calgary.ca/d/c2es-76ed",
        "retrieved_at_utc": "2026-07-17T18:30:45.175912+00:00",
        "metric_membership": "period"
      }
    },
    {
      "type": "Feature",
      "id": "building_permits:BP2026-02603",
      "geometry": {
        "type": "Point",
        "coordinates": [
          -114.08870858983721,
          51.042430636379194
        ]
      },
      "properties": {
        "city": "Calgary",
        "dtuid": "825060161",
        "feed": "building_permits",
        "source_record_id": "BP2026-02603",
        "status": "Completed",
        "permit_type": "Commercial / Multi Family Project",
        "permit_class": "Apartment",
        "work_type": "Alteration",
        "description": "Interior Alterations",
        "address": "#1404 1110 11 ST SW",
        "applied_date": "2026-02-21T00:00:00.000",
        "issued_date": "2026-03-11T00:00:00.000",
        "completed_date": "2026-03-19T00:00:00.000",
        "period_date": "2026-03-11T00:00:00.000",
        "longitude": -114.08870858983721,
        "latitude": 51.042430636379194,
        "units_created": 0.0,
        "units_lost": null,
        "net_units": 0.0,
        "is_residential": true,
        "is_active": false,
        "in_period": true,
        "requested_geography": "downtown",
        "in_requested_geography": true,
        "spatial_qa": "point_in_polygon_tested",
        "metric_roles": "active_inventory|period_flow",
        "source_page": "https://data.calgary.ca/d/c2es-76ed",
        "retrieved_at_utc": "2026-07-17T18:30:45.175912+00:00",
        "metric_membership": "period"
      }
    },
    {
      "type": "Feature",
      "id": "building_permits:BP2026-03177",
      "geometry": {
        "type": "Point",
        "coordinates": [
          -114.07206848444594,
          51.03965401246143
        ]
      },
      "properties": {
        "city": "Calgary",
        "dtuid": "825060161",
        "feed": "building_permits",
        "source_record_id": "BP2026-03177",
        "status": "Issued Permit",
        "permit_type": "Commercial / Multi Family Project",
        "permit_class": "Apartment",
        "work_type": "Alteration",
        "description": "Interior Partition Demolition",
        "address": "1411 4 ST SW",
        "applied_date": "2026-03-02T00:00:00.000",
        "issued_date": "2026-04-15T00:00:00.000",
        "completed_date": null,
        "period_date": "2026-04-15T00:00:00.000",
        "longitude": -114.07206848444594,
        "latitude": 51.03965401246143,
        "units_created": 0.0,
        "units_lost": null,
        "net_units": 0.0,
        "is_residential": true,
        "is_active": true,
        "in_period": true,
        "requested_geography": "downtown",
        "in_requested_geography": true,
        "spatial_qa": "point_in_polygon_tested",
        "metric_roles": "active_inventory|period_flow",
        "source_page": "https://data.calgary.ca/d/c2es-76ed",
        "retrieved_at_utc": "2026-07-17T18:30:45.175912+00:00",
        "metric_membership": "both"
      }
    },
    {
      "type": "Feature",
      "id": "building_permits:BP2026-03373",
      "geometry": {
        "type": "Point",
        "coordinates": [
          -114.06223065512938,
          51.037079608194155
        ]
      },
      "properties": {
        "city": "Calgary",
        "dtuid": "825060161",
        "feed": "building_permits",
        "source_record_id": "BP2026-03373",
        "status": "Pending Plans Review Assignment",
        "permit_type": "Commercial / Multi Family Project",
        "permit_class": "Apartment",
        "work_type": "New",
        "description": null,
        "address": "#101 120 18 AV SE",
        "applied_date": "2026-03-05T00:00:00.000",
        "issued_date": null,
        "completed_date": null,
        "period_date": null,
        "longitude": -114.06223065512938,
        "latitude": 51.037079608194155,
        "units_created": 0.0,
        "units_lost": null,
        "net_units": 0.0,
        "is_residential": true,
        "is_active": true,
        "in_period": false,
        "requested_geography": "downtown",
        "in_requested_geography": true,
        "spatial_qa": "point_in_polygon_tested",
        "metric_roles": "active_inventory|period_flow",
        "source_page": "https://data.calgary.ca/d/c2es-76ed",
        "retrieved_at_utc": "2026-07-17T18:30:45.175912+00:00",
        "metric_membership": "active"
      }
    },
    {
      "type": "Feature",
      "id": "building_permits:BP2026-03502",
      "geometry": {
        "type": "Point",
        "coordinates": [
          -114.08123214177806,
          51.03919411948892
        ]
      },
      "properties": {
        "city": "Calgary",
        "dtuid": "825060161",
        "feed": "building_permits",
        "source_record_id": "BP2026-03502",
        "status": "Pending Plans Review Assignment",
        "permit_type": "Commercial / Multi Family Project",
        "permit_class": "Apartment",
        "work_type": "Alteration",
        "description": null,
        "address": "836 15 AV SW",
        "applied_date": "2026-03-07T00:00:00.000",
        "issued_date": null,
        "completed_date": null,
        "period_date": null,
        "longitude": -114.08123214177806,
        "latitude": 51.03919411948892,
        "units_created": 0.0,
        "units_lost": null,
        "net_units": 0.0,
        "is_residential": true,
        "is_active": true,
        "in_period": false,
        "requested_geography": "downtown",
        "in_requested_geography": true,
        "spatial_qa": "point_in_polygon_tested",
        "metric_roles": "active_inventory|period_flow",
        "source_page": "https://data.calgary.ca/d/c2es-76ed",
        "retrieved_at_utc": "2026-07-17T18:30:45.175912+00:00",
        "metric_membership": "active"
      }
    },
    {
      "type": "Feature",
      "id": "building_permits:BP2026-03825",
      "geometry": {
        "type": "Point",
        "coordinates": [
          -114.07733236624627,
          51.04194303196626
        ]
      },
      "properties": {
        "city": "Calgary",
        "dtuid": "825060161",
        "feed": "building_permits",
        "source_record_id": "BP2026-03825",
        "status": "Issued Permit",
        "permit_type": "Commercial / Multi Family Project",
        "permit_class": "Apartment",
        "work_type": "New",
        "description": "Bluestone Tower Residential",
        "address": "#703 710 12 AV SW",
        "applied_date": "2026-03-12T00:00:00.000",
        "issued_date": "2026-06-26T00:00:00.000",
        "completed_date": null,
        "period_date": "2026-06-26T00:00:00.000",
        "longitude": -114.07733236624627,
        "latitude": 51.04194303196626,
        "units_created": 194.0,
        "units_lost": null,
        "net_units": 194.0,
        "is_residential": true,
        "is_active": true,
        "in_period": true,
        "requested_geography": "downtown",
        "in_requested_geography": true,
        "spatial_qa": "point_in_polygon_tested",
        "metric_roles": "active_inventory|period_flow",
        "source_page": "https://data.calgary.ca/d/c2es-76ed",
        "retrieved_at_utc": "2026-07-17T18:30:45.175912+00:00",
        "metric_membership": "both"
      }
    },
    {
      "type": "Feature",
      "id": "building_permits:BP2026-04041",
      "geometry": {
        "type": "Point",
        "coordinates": [
          -114.0908218465669,
          51.04234685610842
        ]
      },
      "properties": {
        "city": "Calgary",
        "dtuid": "825060161",
        "feed": "building_permits",
        "source_record_id": "BP2026-04041",
        "status": "Issued Permit",
        "permit_type": "Commercial / Multi Family Project",
        "permit_class": "Apartment",
        "work_type": "Alteration",
        "description": "Roof covering repair",
        "address": "1240 12 AV SW",
        "applied_date": "2026-03-17T00:00:00.000",
        "issued_date": "2026-04-20T00:00:00.000",
        "completed_date": null,
        "period_date": "2026-04-20T00:00:00.000",
        "longitude": -114.0908218465669,
        "latitude": 51.04234685610842,
        "units_created": 0.0,
        "units_lost": null,
        "net_units": 0.0,
        "is_residential": true,
        "is_active": true,
        "in_period": true,
        "requested_geography": "downtown",
        "in_requested_geography": true,
        "spatial_qa": "point_in_polygon_tested",
        "metric_roles": "active_inventory|period_flow",
        "source_page": "https://data.calgary.ca/d/c2es-76ed",
        "retrieved_at_utc": "2026-07-17T18:30:45.175912+00:00",
        "metric_membership": "both"
      }
    },
    {
      "type": "Feature",
      "id": "building_permits:BP2026-04073",
      "geometry": {
        "type": "Point",
        "coordinates": [
          -114.07202896939776,
          51.03894384712975
        ]
      },
      "properties": {
        "city": "Calgary",
        "dtuid": "825060161",
        "feed": "building_permits",
        "source_record_id": "BP2026-04073",
        "status": "Issued Permit",
        "permit_type": "Commercial / Multi Family Project",
        "permit_class": "Townhouse",
        "work_type": "Alteration",
        "description": "Exterior Aletrations- 4th Street Lofts",
        "address": "510 15 AV SW",
        "applied_date": "2026-03-17T00:00:00.000",
        "issued_date": "2026-04-09T00:00:00.000",
        "completed_date": null,
        "period_date": "2026-04-09T00:00:00.000",
        "longitude": -114.07202896939776,
        "latitude": 51.03894384712975,
        "units_created": 0.0,
        "units_lost": null,
        "net_units": 0.0,
        "is_residential": true,
        "is_active": true,
        "in_period": true,
        "requested_geography": "downtown",
        "in_requested_geography": true,
        "spatial_qa": "point_in_polygon_tested",
        "metric_roles": "active_inventory|period_flow",
        "source_page": "https://data.calgary.ca/d/c2es-76ed",
        "retrieved_at_utc": "2026-07-17T18:30:45.175912+00:00",
        "metric_membership": "both"
      }
    },
    {
      "type": "Feature",
      "id": "building_permits:BP2026-04911",
      "geometry": {
        "type": "Point",
        "coordinates": [
          -114.05562649038374,
          51.049474741039155
        ]
      },
      "properties": {
        "city": "Calgary",
        "dtuid": "825060161",
        "feed": "building_permits",
        "source_record_id": "BP2026-04911",
        "status": "Issued Permit",
        "permit_type": "Commercial / Multi Family Project",
        "permit_class": "Apartment",
        "work_type": "Alteration",
        "description": "Group C Residential 3.2.2.47.",
        "address": "#1703 325 3 ST SE",
        "applied_date": "2026-03-30T00:00:00.000",
        "issued_date": "2026-06-03T00:00:00.000",
        "completed_date": null,
        "period_date": "2026-06-03T00:00:00.000",
        "longitude": -114.05562649038374,
        "latitude": 51.049474741039155,
        "units_created": 0.0,
        "units_lost": null,
        "net_units": 0.0,
        "is_residential": true,
        "is_active": true,
        "in_period": true,
        "requested_geography": "downtown",
        "in_requested_geography": true,
        "spatial_qa": "point_in_polygon_tested",
        "metric_roles": "active_inventory|period_flow",
        "source_page": "https://data.calgary.ca/d/c2es-76ed",
        "retrieved_at_utc": "2026-07-17T18:30:45.175912+00:00",
        "metric_membership": "both"
      }
    },
    {
      "type": "Feature",
      "id": "building_permits:BP2026-05044",
      "geometry": {
        "type": "Point",
        "coordinates": [
          -114.0910290471484,
          51.0411411078491
        ]
      },
      "properties": {
        "city": "Calgary",
        "dtuid": "825060161",
        "feed": "building_permits",
        "source_record_id": "BP2026-05044",
        "status": "Issued Permit",
        "permit_type": "Commercial / Multi Family Project",
        "permit_class": "Apartment",
        "work_type": "Alteration",
        "description": "Exterior Restoration",
        "address": "1235 13 AV SW",
        "applied_date": "2026-03-31T00:00:00.000",
        "issued_date": "2026-04-21T00:00:00.000",
        "completed_date": null,
        "period_date": "2026-04-21T00:00:00.000",
        "longitude": -114.0910290471484,
        "latitude": 51.0411411078491,
        "units_created": 0.0,
        "units_lost": null,
        "net_units": 0.0,
        "is_residential": true,
        "is_active": true,
        "in_period": true,
        "requested_geography": "downtown",
        "in_requested_geography": true,
        "spatial_qa": "point_in_polygon_tested",
        "metric_roles": "active_inventory|period_flow",
        "source_page": "https://data.calgary.ca/d/c2es-76ed",
        "retrieved_at_utc": "2026-07-17T18:30:45.175912+00:00",
        "metric_membership": "both"
      }
    },
    {
      "type": "Feature",
      "id": "building_permits:BP2026-05508",
      "geometry": {
        "type": "Point",
        "coordinates": [
          -114.0752060024089,
          51.040698989967815
        ]
      },
      "properties": {
        "city": "Calgary",
        "dtuid": "825060161",
        "feed": "building_permits",
        "source_record_id": "BP2026-05508",
        "status": "Issued Permit",
        "permit_type": "Commercial / Multi Family Project",
        "permit_class": "Apartment",
        "work_type": "Fire/ Security Alarm",
        "description": "FACP Replacement",
        "address": "#A 621 13 AV SW",
        "applied_date": "2026-04-08T00:00:00.000",
        "issued_date": "2026-05-26T00:00:00.000",
        "completed_date": null,
        "period_date": "2026-05-26T00:00:00.000",
        "longitude": -114.0752060024089,
        "latitude": 51.040698989967815,
        "units_created": 0.0,
        "units_lost": null,
        "net_units": 0.0,
        "is_residential": true,
        "is_active": true,
        "in_period": true,
        "requested_geography": "downtown",
        "in_requested_geography": true,
        "spatial_qa": "point_in_polygon_tested",
        "metric_roles": "active_inventory|period_flow",
        "source_page": "https://data.calgary.ca/d/c2es-76ed",
        "retrieved_at_utc": "2026-07-17T18:30:45.175912+00:00",
        "metric_membership": "both"
      }
    },
    {
      "type": "Feature",
      "id": "building_permits:BP2026-06386",
      "geometry": {
        "type": "Point",
        "coordinates": [
          -114.06543970817752,
          51.04041938803916
        ]
      },
      "properties": {
        "city": "Calgary",
        "dtuid": "825060161",
        "feed": "building_permits",
        "source_record_id": "BP2026-06386",
        "status": "Completed",
        "permit_type": "Commercial / Multi Family Project",
        "permit_class": "Apartment",
        "work_type": "Fire/ Security Alarm",
        "description": "Fire alarm alterations",
        "address": "135 13 AV SW",
        "applied_date": "2026-04-20T00:00:00.000",
        "issued_date": "2026-04-21T00:00:00.000",
        "completed_date": "2026-04-24T00:00:00.000",
        "period_date": "2026-04-21T00:00:00.000",
        "longitude": -114.06543970817752,
        "latitude": 51.04041938803916,
        "units_created": 0.0,
        "units_lost": null,
        "net_units": 0.0,
        "is_residential": true,
        "is_active": false,
        "in_period": true,
        "requested_geography": "downtown",
        "in_requested_geography": true,
        "spatial_qa": "point_in_polygon_tested",
        "metric_roles": "active_inventory|period_flow",
        "source_page": "https://data.calgary.ca/d/c2es-76ed",
        "retrieved_at_utc": "2026-07-17T18:30:45.175912+00:00",
        "metric_membership": "period"
      }
    },
    {
      "type": "Feature",
      "id": "building_permits:BP2026-06638",
      "geometry": {
        "type": "Point",
        "coordinates": [
          -114.07580555355185,
          51.038820753331876
        ]
      },
      "properties": {
        "city": "Calgary",
        "dtuid": "825060161",
        "feed": "building_permits",
        "source_record_id": "BP2026-06638",
        "status": "Pending Plans Review Assignment",
        "permit_type": "Commercial / Multi Family Project",
        "permit_class": "Apartment",
        "work_type": "Alteration",
        "description": null,
        "address": "#405 617 15 AV SW",
        "applied_date": "2026-04-23T00:00:00.000",
        "issued_date": null,
        "completed_date": null,
        "period_date": null,
        "longitude": -114.07580555355185,
        "latitude": 51.038820753331876,
        "units_created": 0.0,
        "units_lost": null,
        "net_units": 0.0,
        "is_residential": true,
        "is_active": true,
        "in_period": false,
        "requested_geography": "downtown",
        "in_requested_geography": true,
        "spatial_qa": "point_in_polygon_tested",
        "metric_roles": "active_inventory|period_flow",
        "source_page": "https://data.calgary.ca/d/c2es-76ed",
        "retrieved_at_utc": "2026-07-17T18:30:45.175912+00:00",
        "metric_membership": "active"
      }
    },
    {
      "type": "Feature",
      "id": "building_permits:BP2026-06991",
      "geometry": {
        "type": "Point",
        "coordinates": [
          -114.07681666406131,
          51.041539274273134
        ]
      },
      "properties": {
        "city": "Calgary",
        "dtuid": "825060161",
        "feed": "building_permits",
        "source_record_id": "BP2026-06991",
        "status": "Issued Permit",
        "permit_type": "Commercial / Multi Family Project",
        "permit_class": "Apartment",
        "work_type": "Alteration",
        "description": "Exterior Alterations",
        "address": "1209 6 ST SW",
        "applied_date": "2026-04-28T00:00:00.000",
        "issued_date": "2026-06-19T00:00:00.000",
        "completed_date": null,
        "period_date": "2026-06-19T00:00:00.000",
        "longitude": -114.07681666406131,
        "latitude": 51.041539274273134,
        "units_created": 0.0,
        "units_lost": null,
        "net_units": 0.0,
        "is_residential": true,
        "is_active": true,
        "in_period": true,
        "requested_geography": "downtown",
        "in_requested_geography": true,
        "spatial_qa": "point_in_polygon_tested",
        "metric_roles": "active_inventory|period_flow",
        "source_page": "https://data.calgary.ca/d/c2es-76ed",
        "retrieved_at_utc": "2026-07-17T18:30:45.175912+00:00",
        "metric_membership": "both"
      }
    },
    {
      "type": "Feature",
      "id": "building_permits:BP2026-07135",
      "geometry": {
        "type": "Point",
        "coordinates": [
          -114.07132481893815,
          51.05299972585709
        ]
      },
      "properties": {
        "city": "Calgary",
        "dtuid": "825060161",
        "feed": "building_permits",
        "source_record_id": "BP2026-07135",
        "status": "Pending Plans Review Assignment",
        "permit_type": "Commercial / Multi Family Project",
        "permit_class": "Apartment",
        "work_type": "Alteration",
        "description": null,
        "address": "#6501 400 EAU CLAIRE AV SW",
        "applied_date": "2026-04-29T00:00:00.000",
        "issued_date": null,
        "completed_date": null,
        "period_date": null,
        "longitude": -114.07132481893815,
        "latitude": 51.05299972585709,
        "units_created": 0.0,
        "units_lost": null,
        "net_units": 0.0,
        "is_residential": true,
        "is_active": true,
        "in_period": false,
        "requested_geography": "downtown",
        "in_requested_geography": true,
        "spatial_qa": "point_in_polygon_tested",
        "metric_roles": "active_inventory|period_flow",
        "source_page": "https://data.calgary.ca/d/c2es-76ed",
        "retrieved_at_utc": "2026-07-17T18:30:45.175912+00:00",
        "metric_membership": "active"
      }
    },
    {
      "type": "Feature",
      "id": "building_permits:BP2026-07756",
      "geometry": {
        "type": "Point",
        "coordinates": [
          -114.0791883595429,
          51.04993815666931
        ]
      },
      "properties": {
        "city": "Calgary",
        "dtuid": "825060161",
        "feed": "building_permits",
        "source_record_id": "BP2026-07756",
        "status": "Issued Permit",
        "permit_type": "Commercial / Multi Family Project",
        "permit_class": "Apartment",
        "work_type": "Fire/ Security Alarm",
        "description": "Fire alarm system alterations",
        "address": "816 4 AV SW",
        "applied_date": "2026-05-06T00:00:00.000",
        "issued_date": "2026-06-09T00:00:00.000",
        "completed_date": null,
        "period_date": "2026-06-09T00:00:00.000",
        "longitude": -114.0791883595429,
        "latitude": 51.04993815666931,
        "units_created": 0.0,
        "units_lost": null,
        "net_units": 0.0,
        "is_residential": true,
        "is_active": true,
        "in_period": true,
        "requested_geography": "downtown",
        "in_requested_geography": true,
        "spatial_qa": "point_in_polygon_tested",
        "metric_roles": "active_inventory|period_flow",
        "source_page": "https://data.calgary.ca/d/c2es-76ed",
        "retrieved_at_utc": "2026-07-17T18:30:45.175912+00:00",
        "metric_membership": "both"
      }
    },
    {
      "type": "Feature",
      "id": "building_permits:BP2026-07865",
      "geometry": {
        "type": "Point",
        "coordinates": [
          -114.07983162609426,
          51.040826623825545
        ]
      },
      "properties": {
        "city": "Calgary",
        "dtuid": "825060161",
        "feed": "building_permits",
        "source_record_id": "BP2026-07865",
        "status": "Issued Permit",
        "permit_type": "Commercial / Multi Family Project",
        "permit_class": "Apartment",
        "work_type": "Fire/ Security Alarm",
        "description": "Elevator Modernization & Fire Alarm Panel Upgrade",
        "address": "813 13 AV SW",
        "applied_date": "2026-05-08T00:00:00.000",
        "issued_date": "2026-06-10T00:00:00.000",
        "completed_date": null,
        "period_date": "2026-06-10T00:00:00.000",
        "longitude": -114.07983162609426,
        "latitude": 51.040826623825545,
        "units_created": 0.0,
        "units_lost": null,
        "net_units": 0.0,
        "is_residential": true,
        "is_active": true,
        "in_period": true,
        "requested_geography": "downtown",
        "in_requested_geography": true,
        "spatial_qa": "point_in_polygon_tested",
        "metric_roles": "active_inventory|period_flow",
        "source_page": "https://data.calgary.ca/d/c2es-76ed",
        "retrieved_at_utc": "2026-07-17T18:30:45.175912+00:00",
        "metric_membership": "both"
      }
    },
    {
      "type": "Feature",
      "id": "building_permits:BP2026-08354",
      "geometry": {
        "type": "Point",
        "coordinates": [
          -114.09275220989896,
          51.042375869290915
        ]
      },
      "properties": {
        "city": "Calgary",
        "dtuid": "825060161",
        "feed": "building_permits",
        "source_record_id": "BP2026-08354",
        "status": "Issued Permit",
        "permit_type": "Commercial / Multi Family Project",
        "permit_class": "Apartment",
        "work_type": "Alteration",
        "description": "Exterior Remediations",
        "address": "1320 12 AV SW",
        "applied_date": "2026-05-13T00:00:00.000",
        "issued_date": "2026-06-24T00:00:00.000",
        "completed_date": null,
        "period_date": "2026-06-24T00:00:00.000",
        "longitude": -114.09275220989896,
        "latitude": 51.042375869290915,
        "units_created": 0.0,
        "units_lost": null,
        "net_units": 0.0,
        "is_residential": true,
        "is_active": true,
        "in_period": true,
        "requested_geography": "downtown",
        "in_requested_geography": true,
        "spatial_qa": "point_in_polygon_tested",
        "metric_roles": "active_inventory|period_flow",
        "source_page": "https://data.calgary.ca/d/c2es-76ed",
        "retrieved_at_utc": "2026-07-17T18:30:45.175912+00:00",
        "metric_membership": "both"
      }
    },
    {
      "type": "Feature",
      "id": "building_permits:BP2026-08520",
      "geometry": {
        "type": "Point",
        "coordinates": [
          -114.07378249796706,
          51.04009516637429
        ]
      },
      "properties": {
        "city": "Calgary",
        "dtuid": "825060161",
        "feed": "building_permits",
        "source_record_id": "BP2026-08520",
        "status": "Issued Permit",
        "permit_type": "Commercial / Multi Family Project",
        "permit_class": "Apartment",
        "work_type": "Repair",
        "description": "Rosewood Estates - Mezzanine Column Repairs",
        "address": "540 14 AV SW",
        "applied_date": "2026-05-15T00:00:00.000",
        "issued_date": "2026-06-04T00:00:00.000",
        "completed_date": null,
        "period_date": "2026-06-04T00:00:00.000",
        "longitude": -114.07378249796706,
        "latitude": 51.04009516637429,
        "units_created": 0.0,
        "units_lost": null,
        "net_units": 0.0,
        "is_residential": true,
        "is_active": true,
        "in_period": true,
        "requested_geography": "downtown",
        "in_requested_geography": true,
        "spatial_qa": "point_in_polygon_tested",
        "metric_roles": "active_inventory|period_flow",
        "source_page": "https://data.calgary.ca/d/c2es-76ed",
        "retrieved_at_utc": "2026-07-17T18:30:45.175912+00:00",
        "metric_membership": "both"
      }
    },
    {
      "type": "Feature",
      "id": "building_permits:BP2026-08618",
      "geometry": {
        "type": "Point",
        "coordinates": [
          -114.05660498867036,
          51.045477275616435
        ]
      },
      "properties": {
        "city": "Calgary",
        "dtuid": "825060161",
        "feed": "building_permits",
        "source_record_id": "BP2026-08618",
        "status": "Cancelled",
        "permit_type": "Commercial / Multi Family Project",
        "permit_class": "Unspecified",
        "work_type": "Addition",
        "description": "Interior",
        "address": "801 3 ST SE",
        "applied_date": "2026-05-17T00:00:00.000",
        "issued_date": "2026-05-17T00:00:00.000",
        "completed_date": "2026-05-17T00:00:00.000",
        "period_date": "2026-05-17T00:00:00.000",
        "longitude": -114.05660498867036,
        "latitude": 51.045477275616435,
        "units_created": 0.0,
        "units_lost": null,
        "net_units": 0.0,
        "is_residential": true,
        "is_active": false,
        "in_period": true,
        "requested_geography": "downtown",
        "in_requested_geography": true,
        "spatial_qa": "point_in_polygon_tested",
        "metric_roles": "active_inventory|period_flow",
        "source_page": "https://data.calgary.ca/d/c2es-76ed",
        "retrieved_at_utc": "2026-07-17T18:30:45.175912+00:00",
        "metric_membership": "period"
      }
    },
    {
      "type": "Feature",
      "id": "building_permits:BP2026-08757",
      "geometry": {
        "type": "Point",
        "coordinates": [
          -114.08903253265025,
          51.043301145091775
        ]
      },
      "properties": {
        "city": "Calgary",
        "dtuid": "825060161",
        "feed": "building_permits",
        "source_record_id": "BP2026-08757",
        "status": "Issued Permit",
        "permit_type": "Commercial / Multi Family Project",
        "permit_class": "Apartment",
        "work_type": "Alteration",
        "description": "Fire repair",
        "address": "#2307 1055 11 ST SW",
        "applied_date": "2026-05-19T00:00:00.000",
        "issued_date": "2026-06-30T00:00:00.000",
        "completed_date": null,
        "period_date": "2026-06-30T00:00:00.000",
        "longitude": -114.08903253265025,
        "latitude": 51.043301145091775,
        "units_created": 0.0,
        "units_lost": null,
        "net_units": 0.0,
        "is_residential": true,
        "is_active": true,
        "in_period": true,
        "requested_geography": "downtown",
        "in_requested_geography": true,
        "spatial_qa": "point_in_polygon_tested",
        "metric_roles": "active_inventory|period_flow",
        "source_page": "https://data.calgary.ca/d/c2es-76ed",
        "retrieved_at_utc": "2026-07-17T18:30:45.175912+00:00",
        "metric_membership": "both"
      }
    },
    {
      "type": "Feature",
      "id": "building_permits:BP2026-09030",
      "geometry": {
        "type": "Point",
        "coordinates": [
          -114.07631425085015,
          51.04856768770881
        ]
      },
      "properties": {
        "city": "Calgary",
        "dtuid": "825060161",
        "feed": "building_permits",
        "source_record_id": "BP2026-09030",
        "status": "Issued Permit",
        "permit_type": "Commercial / Multi Family Project",
        "permit_class": "Apartment",
        "work_type": "Fire/ Security Alarm",
        "description": "Interior Alterations - Generator Replacement",
        "address": "505 6 ST SW",
        "applied_date": "2026-05-22T00:00:00.000",
        "issued_date": "2026-06-30T00:00:00.000",
        "completed_date": null,
        "period_date": "2026-06-30T00:00:00.000",
        "longitude": -114.07631425085015,
        "latitude": 51.04856768770881,
        "units_created": 0.0,
        "units_lost": null,
        "net_units": 0.0,
        "is_residential": true,
        "is_active": true,
        "in_period": true,
        "requested_geography": "downtown",
        "in_requested_geography": true,
        "spatial_qa": "point_in_polygon_tested",
        "metric_roles": "active_inventory|period_flow",
        "source_page": "https://data.calgary.ca/d/c2es-76ed",
        "retrieved_at_utc": "2026-07-17T18:30:45.175912+00:00",
        "metric_membership": "both"
      }
    },
    {
      "type": "Feature",
      "id": "building_permits:BP2026-09632",
      "geometry": {
        "type": "Point",
        "coordinates": [
          -114.07474242486956,
          51.04885782206417
        ]
      },
      "properties": {
        "city": "Calgary",
        "dtuid": "825060161",
        "feed": "building_permits",
        "source_record_id": "BP2026-09632",
        "status": "Hold - Prescreen Review",
        "permit_type": "Commercial / Multi Family Project",
        "permit_class": "Apartment",
        "work_type": "Alteration",
        "description": null,
        "address": "#106 622 5 AV SW",
        "applied_date": "2026-05-29T00:00:00.000",
        "issued_date": null,
        "completed_date": null,
        "period_date": null,
        "longitude": -114.07474242486956,
        "latitude": 51.04885782206417,
        "units_created": 0.0,
        "units_lost": null,
        "net_units": 0.0,
        "is_residential": true,
        "is_active": true,
        "in_period": false,
        "requested_geography": "downtown",
        "in_requested_geography": true,
        "spatial_qa": "point_in_polygon_tested",
        "metric_roles": "active_inventory|period_flow",
        "source_page": "https://data.calgary.ca/d/c2es-76ed",
        "retrieved_at_utc": "2026-07-17T18:30:45.175912+00:00",
        "metric_membership": "active"
      }
    },
    {
      "type": "Feature",
      "id": "building_permits:BP2026-09746",
      "geometry": {
        "type": "Point",
        "coordinates": [
          -114.08265561936143,
          51.043750820758476
        ]
      },
      "properties": {
        "city": "Calgary",
        "dtuid": "825060161",
        "feed": "building_permits",
        "source_record_id": "BP2026-09746",
        "status": "Issued Permit",
        "permit_type": "Commercial / Multi Family Project",
        "permit_class": "Apartment",
        "work_type": "Alteration",
        "description": "Leasehold improvements - Versus Amenities",
        "address": "927 10 AV SW",
        "applied_date": "2026-06-01T00:00:00.000",
        "issued_date": "2026-07-06T00:00:00.000",
        "completed_date": null,
        "period_date": "2026-07-06T00:00:00.000",
        "longitude": -114.08265561936143,
        "latitude": 51.043750820758476,
        "units_created": 0.0,
        "units_lost": null,
        "net_units": 0.0,
        "is_residential": true,
        "is_active": true,
        "in_period": true,
        "requested_geography": "downtown",
        "in_requested_geography": true,
        "spatial_qa": "point_in_polygon_tested",
        "metric_roles": "active_inventory|period_flow",
        "source_page": "https://data.calgary.ca/d/c2es-76ed",
        "retrieved_at_utc": "2026-07-17T18:30:45.175912+00:00",
        "metric_membership": "both"
      }
    },
    {
      "type": "Feature",
      "id": "building_permits:BP2026-09984",
      "geometry": {
        "type": "Point",
        "coordinates": [
          -114.0778846511188,
          51.05154644951006
        ]
      },
      "properties": {
        "city": "Calgary",
        "dtuid": "825060161",
        "feed": "building_permits",
        "source_record_id": "BP2026-09984",
        "status": "Issued Permit",
        "permit_type": "Commercial / Multi Family Project",
        "permit_class": "Apartment",
        "work_type": "Fire/ Security Alarm",
        "description": "Smoke alarms in elevator lobbies",
        "address": "729 2 AV SW",
        "applied_date": "2026-06-03T00:00:00.000",
        "issued_date": "2026-06-05T00:00:00.000",
        "completed_date": null,
        "period_date": "2026-06-05T00:00:00.000",
        "longitude": -114.0778846511188,
        "latitude": 51.05154644951006,
        "units_created": 0.0,
        "units_lost": null,
        "net_units": 0.0,
        "is_residential": true,
        "is_active": true,
        "in_period": true,
        "requested_geography": "downtown",
        "in_requested_geography": true,
        "spatial_qa": "point_in_polygon_tested",
        "metric_roles": "active_inventory|period_flow",
        "source_page": "https://data.calgary.ca/d/c2es-76ed",
        "retrieved_at_utc": "2026-07-17T18:30:45.175912+00:00",
        "metric_membership": "both"
      }
    },
    {
      "type": "Feature",
      "id": "building_permits:BP2026-10403",
      "geometry": {
        "type": "Point",
        "coordinates": [
          -114.05044110174066,
          51.047234705013956
        ]
      },
      "properties": {
        "city": "Calgary",
        "dtuid": "825060161",
        "feed": "building_permits",
        "source_record_id": "BP2026-10403",
        "status": "Pending Plans Review",
        "permit_type": "Commercial / Multi Family Project",
        "permit_class": "Apartment",
        "work_type": "Alteration",
        "description": "Interior alterations",
        "address": "611 CONFLUENCE WY SE",
        "applied_date": "2026-06-08T00:00:00.000",
        "issued_date": null,
        "completed_date": null,
        "period_date": null,
        "longitude": -114.05044110174066,
        "latitude": 51.047234705013956,
        "units_created": 0.0,
        "units_lost": null,
        "net_units": 0.0,
        "is_residential": true,
        "is_active": true,
        "in_period": false,
        "requested_geography": "downtown",
        "in_requested_geography": true,
        "spatial_qa": "point_in_polygon_tested",
        "metric_roles": "active_inventory|period_flow",
        "source_page": "https://data.calgary.ca/d/c2es-76ed",
        "retrieved_at_utc": "2026-07-17T18:30:45.175912+00:00",
        "metric_membership": "active"
      }
    },
    {
      "type": "Feature",
      "id": "building_permits:BP2026-10537",
      "geometry": {
        "type": "Point",
        "coordinates": [
          -114.07305465931019,
          51.05262108917168
        ]
      },
      "properties": {
        "city": "Calgary",
        "dtuid": "825060161",
        "feed": "building_permits",
        "source_record_id": "BP2026-10537",
        "status": "Issued Permit",
        "permit_type": "Commercial / Multi Family Project",
        "permit_class": "Apartment",
        "work_type": "Fire/ Security Alarm",
        "description": "Fire Alarm repair/upgrade",
        "address": "500 EAU CLAIRE AV SW",
        "applied_date": "2026-06-10T00:00:00.000",
        "issued_date": "2026-06-16T00:00:00.000",
        "completed_date": null,
        "period_date": "2026-06-16T00:00:00.000",
        "longitude": -114.07305465931019,
        "latitude": 51.05262108917168,
        "units_created": 0.0,
        "units_lost": null,
        "net_units": 0.0,
        "is_residential": true,
        "is_active": true,
        "in_period": true,
        "requested_geography": "downtown",
        "in_requested_geography": true,
        "spatial_qa": "point_in_polygon_tested",
        "metric_roles": "active_inventory|period_flow",
        "source_page": "https://data.calgary.ca/d/c2es-76ed",
        "retrieved_at_utc": "2026-07-17T18:30:45.175912+00:00",
        "metric_membership": "both"
      }
    },
    {
      "type": "Feature",
      "id": "building_permits:BP2026-10604",
      "geometry": {
        "type": "Point",
        "coordinates": [
          -114.07946242032855,
          51.050895376497486
        ]
      },
      "properties": {
        "city": "Calgary",
        "dtuid": "825060161",
        "feed": "building_permits",
        "source_record_id": "BP2026-10604",
        "status": "Issued Permit",
        "permit_type": "Commercial / Multi Family Project",
        "permit_class": "Apartment",
        "work_type": "Fire/ Security Alarm",
        "description": "Elevator Modernization",
        "address": "804 3 AV SW",
        "applied_date": "2026-06-10T00:00:00.000",
        "issued_date": "2026-07-07T00:00:00.000",
        "completed_date": null,
        "period_date": "2026-07-07T00:00:00.000",
        "longitude": -114.07946242032855,
        "latitude": 51.050895376497486,
        "units_created": 0.0,
        "units_lost": null,
        "net_units": 0.0,
        "is_residential": true,
        "is_active": true,
        "in_period": true,
        "requested_geography": "downtown",
        "in_requested_geography": true,
        "spatial_qa": "point_in_polygon_tested",
        "metric_roles": "active_inventory|period_flow",
        "source_page": "https://data.calgary.ca/d/c2es-76ed",
        "retrieved_at_utc": "2026-07-17T18:30:45.175912+00:00",
        "metric_membership": "both"
      }
    },
    {
      "type": "Feature",
      "id": "building_permits:BP2026-10913",
      "geometry": {
        "type": "Point",
        "coordinates": [
          -114.07580555355185,
          51.038820753331876
        ]
      },
      "properties": {
        "city": "Calgary",
        "dtuid": "825060161",
        "feed": "building_permits",
        "source_record_id": "BP2026-10913",
        "status": "Pending Prescreen Review",
        "permit_type": "Commercial / Multi Family Project",
        "permit_class": "Apartment",
        "work_type": "Alteration",
        "description": null,
        "address": "#405 617 15 AV SW",
        "applied_date": "2026-06-15T00:00:00.000",
        "issued_date": null,
        "completed_date": null,
        "period_date": null,
        "longitude": -114.07580555355185,
        "latitude": 51.038820753331876,
        "units_created": 0.0,
        "units_lost": null,
        "net_units": 0.0,
        "is_residential": true,
        "is_active": true,
        "in_period": false,
        "requested_geography": "downtown",
        "in_requested_geography": true,
        "spatial_qa": "point_in_polygon_tested",
        "metric_roles": "active_inventory|period_flow",
        "source_page": "https://data.calgary.ca/d/c2es-76ed",
        "retrieved_at_utc": "2026-07-17T18:30:45.175912+00:00",
        "metric_membership": "active"
      }
    },
    {
      "type": "Feature",
      "id": "building_permits:BP2026-11502",
      "geometry": {
        "type": "Point",
        "coordinates": [
          -114.06571436815203,
          51.039782400648086
        ]
      },
      "properties": {
        "city": "Calgary",
        "dtuid": "825060161",
        "feed": "building_permits",
        "source_record_id": "BP2026-11502",
        "status": "Pending Plans Review Assignment",
        "permit_type": "Commercial / Multi Family Project",
        "permit_class": "Apartment",
        "work_type": "Alteration",
        "description": null,
        "address": "#1 1324 1 ST SW",
        "applied_date": "2026-06-22T00:00:00.000",
        "issued_date": null,
        "completed_date": null,
        "period_date": null,
        "longitude": -114.06571436815203,
        "latitude": 51.039782400648086,
        "units_created": 0.0,
        "units_lost": null,
        "net_units": 0.0,
        "is_residential": true,
        "is_active": true,
        "in_period": false,
        "requested_geography": "downtown",
        "in_requested_geography": true,
        "spatial_qa": "point_in_polygon_tested",
        "metric_roles": "active_inventory|period_flow",
        "source_page": "https://data.calgary.ca/d/c2es-76ed",
        "retrieved_at_utc": "2026-07-17T18:30:45.175912+00:00",
        "metric_membership": "active"
      }
    },
    {
      "type": "Feature",
      "id": "building_permits:BP2026-12022",
      "geometry": {
        "type": "Point",
        "coordinates": [
          -114.0908218465669,
          51.04234685610842
        ]
      },
      "properties": {
        "city": "Calgary",
        "dtuid": "825060161",
        "feed": "building_permits",
        "source_record_id": "BP2026-12022",
        "status": "Pending Plans Review Assignment",
        "permit_type": "Commercial / Multi Family Project",
        "permit_class": "Apartment",
        "work_type": "Repair",
        "description": null,
        "address": "1240 12 AV SW",
        "applied_date": "2026-06-29T00:00:00.000",
        "issued_date": null,
        "completed_date": null,
        "period_date": null,
        "longitude": -114.0908218465669,
        "latitude": 51.04234685610842,
        "units_created": 0.0,
        "units_lost": null,
        "net_units": 0.0,
        "is_residential": true,
        "is_active": true,
        "in_period": false,
        "requested_geography": "downtown",
        "in_requested_geography": true,
        "spatial_qa": "point_in_polygon_tested",
        "metric_roles": "active_inventory|period_flow",
        "source_page": "https://data.calgary.ca/d/c2es-76ed",
        "retrieved_at_utc": "2026-07-17T18:30:45.175912+00:00",
        "metric_membership": "active"
      }
    },
    {
      "type": "Feature",
      "id": "building_permits:BP2026-12041",
      "geometry": {
        "type": "Point",
        "coordinates": [
          -114.07818216478671,
          51.04101202852981
        ]
      },
      "properties": {
        "city": "Calgary",
        "dtuid": "825060161",
        "feed": "building_permits",
        "source_record_id": "BP2026-12041",
        "status": "Pending Plans Review Assignment",
        "permit_type": "Commercial / Multi Family Project",
        "permit_class": "Apartment",
        "work_type": "Alteration",
        "description": null,
        "address": "#610 720 13 AV SW",
        "applied_date": "2026-06-29T00:00:00.000",
        "issued_date": null,
        "completed_date": null,
        "period_date": null,
        "longitude": -114.07818216478671,
        "latitude": 51.04101202852981,
        "units_created": 0.0,
        "units_lost": null,
        "net_units": 0.0,
        "is_residential": true,
        "is_active": true,
        "in_period": false,
        "requested_geography": "downtown",
        "in_requested_geography": true,
        "spatial_qa": "point_in_polygon_tested",
        "metric_roles": "active_inventory|period_flow",
        "source_page": "https://data.calgary.ca/d/c2es-76ed",
        "retrieved_at_utc": "2026-07-17T18:30:45.175912+00:00",
        "metric_membership": "active"
      }
    },
    {
      "type": "Feature",
      "id": "building_permits:BP2026-12501",
      "geometry": {
        "type": "Point",
        "coordinates": [
          -114.05979669848594,
          51.037934904647386
        ]
      },
      "properties": {
        "city": "Calgary",
        "dtuid": "825060161",
        "feed": "building_permits",
        "source_record_id": "BP2026-12501",
        "status": "New",
        "permit_type": "Residential Improvement Project",
        "permit_class": "Single Family",
        "work_type": "Repair",
        "description": "Repair",
        "address": "222 17 AV SE",
        "applied_date": "2026-07-06T00:00:00.000",
        "issued_date": null,
        "completed_date": null,
        "period_date": null,
        "longitude": -114.05979669848594,
        "latitude": 51.037934904647386,
        "units_created": 0.0,
        "units_lost": null,
        "net_units": 0.0,
        "is_residential": true,
        "is_active": true,
        "in_period": false,
        "requested_geography": "downtown",
        "in_requested_geography": true,
        "spatial_qa": "point_in_polygon_tested",
        "metric_roles": "active_inventory|period_flow",
        "source_page": "https://data.calgary.ca/d/c2es-76ed",
        "retrieved_at_utc": "2026-07-17T18:30:45.175912+00:00",
        "metric_membership": "active"
      }
    }
  ]
}