{
"type": "FeatureCollection",
"name": "downtown_boundaries",
"crs": { "type": "name", "properties": { "name": "urn:ogc:def:crs:EPSG::3347" } },
"features": [
{ "type": "Feature", "properties": { "DTUID": "001015191", "PRCODE": "10", "PRNAME": "Newfoundland and Labrador / Terre-Neuve-et-Labrador", "CMANAME": "St. John's", "CSDNAME": "St. John's", "DTNAME": "St. John's", "DT_TYPE": "1" }, "geometry": { "type": "MultiPolygon", "coordinates": [ [ [ [ 8980041.482857178896666, 2154624.482857179827988 ], [ 8980016.062857188284397, 2154633.30571431806311 ], [ 8979948.074285760521889, 2154656.902857177890837 ], [ 8979813.514285758137703, 2154375.625714318826795 ], [ 8979808.934285759925842, 2154363.837142895907164 ], [ 8979783.28857146948576, 2154331.060000036843121 ], [ 8979697.405714325606823, 2154173.097142893821001 ], [ 8979670.320000045001507, 2154131.37428575148806 ], [ 8979658.757142897695303, 2154099.908571461215615 ], [ 8979658.211428616195917, 2154088.911428604740649 ], [ 8979657.620000045746565, 2154076.940000034868717 ], [ 8979669.297142904251814, 2154029.302857179194689 ], [ 8979671.414285754784942, 2153991.15714289015159 ], [ 8979666.434285758063197, 2153971.377142891287804 ], [ 8979653.660000041127205, 2153955.98285717703402 ], [ 8979638.091428618878126, 2153944.737142888829112 ], [ 8979581.171428617089987, 2153927.522857175674289 ], [ 8979544.088571473956108, 2153906.317142894491553 ], [ 8979537.402857184410095, 2153892.631428607273847 ], [ 8979536.580000046640635, 2153855.625714322086424 ], [ 8979516.500000044703484, 2153793.53714289329946 ], [ 8979497.594285754486918, 2153755.428571458905935 ], [ 8979494.002857185900211, 2153682.511428605765104 ], [ 8979476.3485714700073, 2153649.342857179231942 ], [ 8979454.242857184261084, 2153627.405714318156242 ], [ 8979433.954285755753517, 2153566.731428605969995 ], [ 8979416.485714329406619, 2153567.182857174891979 ], [ 8979297.200000043958426, 2153331.262857180088758 ], [ 8979265.86857146397233, 2153274.871428605169058 ], [ 8979257.43714290112257, 2153259.691428609192371 ], [ 8979085.137142898514867, 2153021.120000038295984 ], [ 8979037.42285718396306, 2152960.151428607292473 ], [ 8978963.200000036507845, 2152803.754285748116672 ], [ 8978929.394285753369331, 2152752.228571463841945 ], [ 8978899.76857147552073, 2152721.828571468126029 ], [ 8978878.877142895013094, 2152692.360000040382147 ], [ 8978872.005714325234294, 2152675.908571464009583 ], [ 8978842.582857184112072, 2152632.628571461886168 ], [ 8978929.377142896875739, 2152578.188571462407708 ], [ 8978961.865714328363538, 2152560.814285749569535 ], [ 8979057.942857187241316, 2152509.428571459371597 ], [ 8979109.588571475818753, 2152532.660000032745302 ], [ 8979173.745714325457811, 2152562.668571460992098 ], [ 8979193.894285753369331, 2152567.574285748414695 ], [ 8979198.714285757392645, 2152566.148571466095746 ], [ 8979165.814285753294826, 2152446.620000031776726 ], [ 8979213.360000044107437, 2152423.002857182174921 ], [ 8979300.794285763055086, 2152372.58857146371156 ], [ 8979289.177142903208733, 2152347.708571464754641 ], [ 8979213.251428611576557, 2152233.874285750556737 ], [ 8979208.945714328438044, 2152219.408571462612599 ], [ 8979189.242857187986374, 2152222.337142893113196 ], [ 8979100.351428616791964, 2152229.102857174351811 ], [ 8979076.971428608521819, 2152154.191428607329726 ], [ 8979060.777142895385623, 2152103.385714321862906 ], [ 8979061.674285758286715, 2152085.271428604610264 ], [ 8979132.10000004991889, 2152084.851428607478738 ], [ 8979185.420000037178397, 2152085.542857176158577 ], [ 8979226.465714326128364, 2152085.911428611725569 ], [ 8979228.654285758733749, 2152081.268571463413537 ], [ 8979181.77428575605154, 2151945.122857177630067 ], [ 8979184.914285756647587, 2151932.431428608950227 ], [ 8979192.522857181727886, 2151925.55142860673368 ], [ 8979241.314285755157471, 2151896.220000039320439 ], [ 8979321.69428575783968, 2151861.200000035110861 ], [ 8979340.048571474850178, 2151855.185714316554368 ], [ 8979380.560000039637089, 2151845.448571458924562 ], [ 8979451.360000040382147, 2151832.14571432210505 ], [ 8979408.548571472987533, 2151777.594285750761628 ], [ 8979437.562857190147042, 2151750.254285747185349 ], [ 8979478.19428575783968, 2151713.997142890933901 ], [ 8979463.614285763353109, 2151698.194285752717406 ], [ 8979458.620000045746565, 2151669.451428606640548 ], [ 8979461.225714325904846, 2151633.822857175022364 ], [ 8979469.134285751730204, 2151609.62571432068944 ], [ 8979478.142857186496258, 2151602.534285749308765 ], [ 8979493.800000041723251, 2151596.605714320670813 ], [ 8979519.54571432992816, 2151595.6485714642331 ], [ 8979527.365714324638247, 2151522.562857178971171 ], [ 8979574.648571468889713, 2151521.274285749066621 ], [ 8979619.137142900377512, 2151525.445714322384447 ], [ 8979655.665714334696531, 2151543.737142887897789 ], [ 8979717.188571466132998, 2151570.540000039618462 ], [ 8979728.948571475222707, 2151593.700000037439167 ], [ 8979789.760000038892031, 2151695.657142889685929 ], [ 8979822.334285762161016, 2151726.057142892852426 ], [ 8979826.800000045448542, 2151680.265714324079454 ], [ 8979827.457142900675535, 2151673.511428608559072 ], [ 8979832.622857186943293, 2151619.040000037290156 ], [ 8979854.488571470603347, 2151372.725714322179556 ], [ 8979863.165714330971241, 2151280.537142891436815 ], [ 8979964.6057143304497, 2151386.977142891846597 ], [ 8979985.080000046640635, 2151413.425714323297143 ], [ 8980003.651428615674376, 2151415.942857173271477 ], [ 8980059.791428610682487, 2151422.434285749681294 ], [ 8980076.7285714764148, 2151429.988571464084089 ], [ 8980102.965714331716299, 2151408.09428574796766 ], [ 8980121.43714290112257, 2151401.748571463860571 ], [ 8980170.091428615152836, 2151395.22571432357654 ], [ 8980396.240000039339066, 2151392.491428606212139 ], [ 8980382.882857192307711, 2151515.305714316666126 ], [ 8980402.01142861880362, 2151518.217142890673131 ], [ 8980406.680000048130751, 2151525.437142889946699 ], [ 8980388.262857187539339, 2151609.4428571742028 ], [ 8980380.237142898142338, 2151613.520000032149255 ], [ 8980323.702857188880444, 2151683.062857177108526 ], [ 8980311.780000045895576, 2151709.297142890281975 ], [ 8980317.891428614035249, 2151721.33142860326916 ], [ 8980326.18000004068017, 2151728.725714325904846 ], [ 8980336.705714331939816, 2151734.108571462333202 ], [ 8980337.082857184112072, 2151734.300000033807009 ], [ 8980356.817142896354198, 2151736.394285752438009 ], [ 8980388.937142899259925, 2151725.142857181373984 ], [ 8980411.428571468219161, 2151716.742857174016535 ], [ 8980452.985714327543974, 2151701.225714322179556 ], [ 8980496.1057143304497, 2151676.820000032428652 ], [ 8980512.671428613364697, 2151665.457142889499664 ], [ 8980547.008571472018957, 2151641.911428607068956 ], [ 8980582.628571471199393, 2151609.908571465872228 ], [ 8980582.534285757690668, 2151615.411428606137633 ], [ 8980580.837142903357744, 2151621.497142892796546 ], [ 8980582.134285757318139, 2151623.802857181057334 ], [ 8980584.128571469336748, 2151627.345714321359992 ], [ 8980580.611428610980511, 2151657.554285753518343 ], [ 8980582.802857186645269, 2151661.445714323781431 ], [ 8980606.328571470454335, 2151757.537142890505493 ], [ 8980615.628571473062038, 2151830.140000035054982 ], [ 8980592.885714331641793, 2151744.051428605802357 ], [ 8980579.900000045076013, 2151744.688571463339031 ], [ 8980607.534285750240088, 2152000.642857179045677 ], [ 8980568.877142898738384, 2152008.560000037774444 ], [ 8980531.157142898067832, 2151751.10285717388615 ], [ 8980515.171428613364697, 2151751.891428606584668 ], [ 8980535.928571466356516, 2151929.080000032205135 ], [ 8980521.037142906337976, 2151931.820000032894313 ], [ 8980531.231428615748882, 2151996.397142888978124 ], [ 8980498.568571468815207, 2152004.020000036805868 ], [ 8980466.305714329704642, 2151796.34857146628201 ], [ 8980440.877142898738384, 2151808.611428605392575 ], [ 8980551.322857189923525, 2152342.822857175953686 ], [ 8980424.805714331567287, 2152376.091428607702255 ], [ 8980404.431428611278534, 2152226.922857172787189 ], [ 8980352.091428615152836, 2152241.514285747427493 ], [ 8980353.511428620666265, 2152514.228571465238929 ], [ 8980353.628571474924684, 2152536.80285717593506 ], [ 8980338.442857179790735, 2153122.251428610645235 ], [ 8980351.014285761862993, 2153133.654285749420524 ], [ 8980380.794285755604506, 2153250.322857179678977 ], [ 8980364.065714333206415, 2153256.157142892945558 ], [ 8980345.817142896354198, 2153292.094285749830306 ], [ 8980319.037142900750041, 2153297.422857175581157 ], [ 8980315.931428615003824, 2153315.597142894752324 ], [ 8980335.108571469783783, 2153318.657142894342542 ], [ 8980346.6000000461936, 2153450.251428605988622 ], [ 8980314.182857181876898, 2153462.862857174593955 ], [ 8980316.362857185304165, 2153486.788571465760469 ], [ 8980351.322857186198235, 2153485.060000033117831 ], [ 8980371.334285762161016, 2153566.174285748507828 ], [ 8980370.802857184782624, 2153566.737142888829112 ], [ 8980343.374285757541656, 2153582.520000036805868 ], [ 8980327.688571464270353, 2153584.405714320018888 ], [ 8980293.228571474552155, 2153605.514285752084106 ], [ 8980291.262857183814049, 2153600.960000036284328 ], [ 8980288.540000040084124, 2153582.665714321658015 ], [ 8980275.257142901420593, 2153546.525714319199324 ], [ 8980270.194285755977035, 2153575.328571467194706 ], [ 8980259.408571477979422, 2153589.874285747297108 ], [ 8980234.322857184335589, 2153600.082857179455459 ], [ 8980219.231428612023592, 2153600.174285752698779 ], [ 8980222.311428617686033, 2153645.022857179865241 ], [ 8980225.928571468219161, 2153679.008571460843086 ], [ 8980232.608571466058493, 2153685.200000036507845 ], [ 8980237.717142906039953, 2153700.265714319422841 ], [ 8980238.545714326202869, 2153713.562857173383236 ], [ 8980239.271428616717458, 2153725.202857178170234 ], [ 8980247.851428613066673, 2153779.282857182435691 ], [ 8980249.49142861366272, 2153789.631428608205169 ], [ 8980262.671428613364697, 2153872.742857178673148 ], [ 8980211.205714330077171, 2153879.682857174891979 ], [ 8980185.480000039562583, 2153885.671428604982793 ], [ 8980082.131428610533476, 2153896.74000003747642 ], [ 8980047.028571473434567, 2154018.462857180275023 ], [ 8980053.728571478277445, 2154063.491428605280817 ], [ 8980087.520000038668513, 2154191.851428609341383 ], [ 8980092.420000042766333, 2154212.357142889872193 ], [ 8980130.788571467623115, 2154305.891428602859378 ], [ 8980159.371428612619638, 2154377.145714323967695 ], [ 8980185.574285762384534, 2154459.602857172489166 ], [ 8980186.428571471944451, 2154462.294285744894296 ], [ 8980194.054285753518343, 2154481.528571467380971 ], [ 8980199.080000044777989, 2154494.208571462426335 ], [ 8980220.385714329779148, 2154532.422857177443802 ], [ 8980093.03142861276865, 2154593.411428606137633 ], [ 8980077.545714322477579, 2154595.711428604088724 ], [ 8980067.07142861187458, 2154592.96000003721565 ], [ 8980041.482857178896666, 2154624.482857179827988 ] ] ] ] } },
{ "type": "Feature", "properties": { "DTUID": "205090341", "PRCODE": "12", "PRNAME": "Nova Scotia / Nouvelle-Écosse", "CMANAME": "Halifax", "CSDNAME": "Halifax", "DTNAME": "Halifax", "DT_TYPE": "1" }, "geometry": { "type": "MultiPolygon", "coordinates": [ [ [ [ 8414242.337142899632454, 1440850.651428604032844 ], [ 8414258.791428610682487, 1440879.882857173681259 ], [ 8414270.985714331269264, 1440944.362857181113213 ], [ 8414251.277142900973558, 1440991.391428601928055 ], [ 8414234.982857182621956, 1441006.205714319599792 ], [ 8414109.865714324638247, 1441047.414285749662668 ], [ 8414084.7342857606709, 1441065.680000034160912 ], [ 8414057.520000044256449, 1441062.011428607162088 ], [ 8414004.397142903879285, 1441040.60285717388615 ], [ 8413913.240000039339066, 1440999.048571463208646 ], [ 8413902.714285757392645, 1440988.545714320614934 ], [ 8413906.62571432441473, 1440966.331428605830297 ], [ 8413967.69428576156497, 1440905.248571461997926 ], [ 8414012.205714333802462, 1440874.014285746961832 ], [ 8414096.037142902612686, 1440827.831428603734821 ], [ 8414194.114285755902529, 1440827.000000033527613 ], [ 8414242.337142899632454, 1440850.651428604032844 ] ] ], [ [ [ 8411473.080000039190054, 1442010.42571432236582 ], [ 8411263.022857181727886, 1442054.745714314747602 ], [ 8411262.871428614482284, 1442054.422857173718512 ], [ 8411256.034285757690668, 1442039.734285750426352 ], [ 8411256.014285758137703, 1442039.688571463804692 ], [ 8411352.428571473807096, 1442020.38000003201887 ], [ 8411357.582857184112072, 1442003.100000034319237 ], [ 8411252.280000038444996, 1441979.260000033769757 ], [ 8411233.371428614482284, 1441990.837142895208672 ], [ 8411227.174285756424069, 1441976.314285746775568 ], [ 8411205.634285753592849, 1441927.802857175702229 ], [ 8411181.960000043734908, 1441880.674285749206319 ], [ 8411143.320000048726797, 1441769.991428608074784 ], [ 8411133.957142893224955, 1441774.025714321061969 ], [ 8411111.465714324265718, 1441750.440000035334378 ], [ 8411109.000000044703484, 1441747.874285749625415 ], [ 8411104.485714331269264, 1441742.862857181578875 ], [ 8411089.914285756647587, 1441733.880000036209822 ], [ 8411089.8285714648664, 1441733.371428607031703 ], [ 8411088.525714328512549, 1441724.811428607907146 ], [ 8411081.337142899632454, 1441678.485714321257547 ], [ 8411079.677142893895507, 1441668.060000037308782 ], [ 8411078.742857191711664, 1441663.762857177294791 ], [ 8411078.034285752102733, 1441659.425714321201667 ], [ 8411077.551428619772196, 1441655.042857178486884 ], [ 8411077.302857186645269, 1441650.6600000357721 ], [ 8411077.277142897248268, 1441646.257142887450755 ], [ 8411077.862857185304165, 1441638.01714289560914 ], [ 8411067.505714327096939, 1441611.948571464978158 ], [ 8411050.737142901867628, 1441570.442857175134122 ], [ 8411035.488571472465992, 1441533.837142888922244 ], [ 8411032.717142898589373, 1441527.185714320512488 ], [ 8411031.560000039637089, 1441524.502857180312276 ], [ 8411019.637142896652222, 1441492.040000029839575 ], [ 8410984.62571432441473, 1441405.091428600717336 ], [ 8410959.145714331418276, 1441331.540000031236559 ], [ 8410944.171428613364697, 1441288.668571460992098 ], [ 8410917.20000003837049, 1441211.060000038705766 ], [ 8410871.617142897099257, 1441091.142857179045677 ], [ 8410930.060000039637089, 1441064.311428604647517 ], [ 8410937.277142897248268, 1441060.885714318603277 ], [ 8410944.297142900526524, 1441055.548571460880339 ], [ 8410953.257142899557948, 1441046.922857176978141 ], [ 8410966.482857186347246, 1441033.72857146221213 ], [ 8410975.445714324712753, 1441025.114285752177238 ], [ 8410981.188571464270353, 1441019.43142860615626 ], [ 8411008.662857180461287, 1440993.968571461271495 ], [ 8411048.654285755008459, 1440956.531428605318069 ], [ 8411137.265714325010777, 1440873.797142894705757 ], [ 8411188.634285759180784, 1440823.451428609900177 ], [ 8411233.022857185453176, 1440783.351428604219109 ], [ 8411245.531428614631295, 1440780.440000038128346 ], [ 8411255.302857184782624, 1440776.72857146570459 ], [ 8411259.86285718344152, 1440774.094285746105015 ], [ 8411264.594285756349564, 1440770.140000032726675 ], [ 8411271.157142899930477, 1440764.145714319311082 ], [ 8411277.048571467399597, 1440759.577142888214439 ], [ 8411282.43714290112257, 1440754.414285752922297 ], [ 8411285.605714332312346, 1440750.805714319925755 ], [ 8411293.517142899334431, 1440742.597142891958356 ], [ 8411297.477142903953791, 1440738.874285753816366 ], [ 8411316.305714320391417, 1440721.171428609639406 ], [ 8411330.240000039339066, 1440708.102857173653319 ], [ 8411348.745714332908392, 1440690.808571460889652 ], [ 8411352.305714320391417, 1440687.402857180684805 ], [ 8411372.805714327841997, 1440667.788571464596316 ], [ 8411391.105714332312346, 1440650.388571463292465 ], [ 8411409.32285718806088, 1440632.934285750612617 ], [ 8411410.460000041872263, 1440631.854285749141127 ], [ 8411427.637142900377512, 1440615.528571466449648 ], [ 8411445.94285718165338, 1440598.117142891511321 ], [ 8411464.202857183292508, 1440580.571428605820984 ], [ 8411482.508571472018957, 1440563.162857179995626 ], [ 8411500.722857186570764, 1440545.720000033266842 ], [ 8411519.025714334100485, 1440528.308571458328515 ], [ 8411537.245714331045747, 1440510.857142894994467 ], [ 8411553.971428614109755, 1440494.940000036265701 ], [ 8411555.520000040531158, 1440493.465714318212122 ], [ 8411560.451428614556789, 1440489.005714317318052 ], [ 8411563.851428613066673, 1440486.097142892424017 ], [ 8411597.03142861276865, 1440457.708571466617286 ], [ 8411610.500000048428774, 1440444.868571464437991 ], [ 8411622.388571469113231, 1440434.574285749811679 ], [ 8411623.365714322775602, 1440433.611428610049188 ], [ 8411677.911428619176149, 1440379.78571432037279 ], [ 8411681.631428616121411, 1440375.97142860875465 ], [ 8411752.620000042021275, 1440303.168571460526437 ], [ 8411757.662857182323933, 1440298.197142888791859 ], [ 8411758.480000045150518, 1440297.39142860728316 ], [ 8411772.648571472615004, 1440283.854285745881498 ], [ 8411797.2342857606709, 1440260.368571465369314 ], [ 8411799.977142902091146, 1440257.691428608261049 ], [ 8411802.237142894417048, 1440255.337142891949043 ], [ 8411873.862857185304165, 1440181.431428602430969 ], [ 8411876.845714334398508, 1440178.351428604219109 ], [ 8411976.665714330971241, 1440081.520000033546239 ], [ 8411978.625714322552085, 1440079.508571463637054 ], [ 8411981.15428576245904, 1440077.174285745248199 ], [ 8412081.868571471422911, 1439980.357142889406532 ], [ 8412083.637142900377512, 1439978.557142889127135 ], [ 8412087.242857191711664, 1439975.188571463339031 ], [ 8412153.371428616344929, 1439913.23428575322032 ], [ 8412156.434285748749971, 1439910.274285751394928 ], [ 8412177.325714329257607, 1439890.080000038258731 ], [ 8412177.385714329779148, 1439890.022857178002596 ], [ 8412239.974285755306482, 1439829.474285744363442 ], [ 8412242.897142903879285, 1439826.648571460973471 ], [ 8412340.028571467846632, 1439735.662857177201658 ], [ 8412359.53142861276865, 1439717.782857176847756 ], [ 8412408.200000043958426, 1439668.434285752475262 ], [ 8412411.76857147179544, 1439665.51714288815856 ], [ 8412487.374285757541656, 1439587.125714324181899 ], [ 8412490.760000046342611, 1439583.465714321471751 ], [ 8412560.197142902761698, 1439508.402857179520652 ], [ 8412562.942857187241316, 1439505.565714314812794 ], [ 8412565.934285752475262, 1439502.305714319227263 ], [ 8412630.705714328214526, 1439435.231428603641689 ], [ 8412632.928571466356516, 1439432.560000036843121 ], [ 8412636.480000041425228, 1439429.128571460489184 ], [ 8412699.168571472167969, 1439361.225714316125959 ], [ 8412702.88285718485713, 1439357.240000038873404 ], [ 8412706.388571470975876, 1439353.008571463637054 ], [ 8412784.86857146769762, 1439259.860000034794211 ], [ 8412792.082857184112072, 1439250.828571461141109 ], [ 8412795.380000041797757, 1439246.700000033248216 ], [ 8412795.394285757094622, 1439246.722857180284336 ], [ 8412840.020000040531158, 1439288.662857175106183 ], [ 8412878.077142905443907, 1439325.380000032484531 ], [ 8413003.108571473509073, 1439448.397142888279632 ], [ 8413019.077142901718616, 1439464.762857174500823 ], [ 8413046.365714326500893, 1439493.151428608223796 ], [ 8413112.525714330375195, 1439554.091428601182997 ], [ 8413113.428571470081806, 1439554.508571464568377 ], [ 8413184.337142903357744, 1439622.142857179045677 ], [ 8413237.105714328587055, 1439678.008571460843086 ], [ 8413238.034285755828023, 1439678.462857178878039 ], [ 8413316.108571469783783, 1439757.257142891408876 ], [ 8413328.474285755306482, 1439774.205714316107333 ], [ 8413374.914285756647587, 1439817.045714322477579 ], [ 8413406.460000045597553, 1439850.762857174267992 ], [ 8413416.442857185378671, 1439863.214285750873387 ], [ 8413436.574285754933953, 1439880.388571460265666 ], [ 8413483.711428612470627, 1439931.428571462398395 ], [ 8413530.651428610086441, 1439975.600000035949051 ], [ 8413561.374285753816366, 1440011.151428609155118 ], [ 8413608.505714330822229, 1440062.154285748954862 ], [ 8413611.32857147231698, 1440065.682857174426317 ], [ 8413612.697142902761698, 1440068.205714322626591 ], [ 8413613.488571476191282, 1440070.477142889983952 ], [ 8413614.025714326649904, 1440072.562857176642865 ], [ 8413614.262857185676694, 1440074.434285752475262 ], [ 8413614.577142901718616, 1440082.602857176680118 ], [ 8413647.857142899185419, 1440106.448571460088715 ], [ 8413666.52571433223784, 1440122.500000029802322 ], [ 8413680.631428617984056, 1440134.862857174593955 ], [ 8413697.588571473956108, 1440147.977142889518291 ], [ 8413711.622857183218002, 1440158.834285744698718 ], [ 8413715.12571432814002, 1440162.545714316889644 ], [ 8413728.808571472764015, 1440177.051428608596325 ], [ 8413729.602857189252973, 1440177.900000035297126 ], [ 8413747.580000046640635, 1440191.7057143189013 ], [ 8413783.397142900153995, 1440219.217142887879163 ], [ 8413792.094285760074854, 1440225.900000035762787 ], [ 8413814.142857182770967, 1440246.711428608279675 ], [ 8413845.500000044703484, 1440254.21714289393276 ], [ 8413855.331428607925773, 1440257.245714314747602 ], [ 8413994.820000045001507, 1440300.202857175376266 ], [ 8414005.614285757765174, 1440314.442857179092243 ], [ 8414005.660000044852495, 1440314.502857180777937 ], [ 8413585.317142894491553, 1440764.902857180219144 ], [ 8413568.648571472615004, 1440751.708571465453133 ], [ 8413473.305714327841997, 1440847.46571431774646 ], [ 8413473.245714332908392, 1440847.528571460861713 ], [ 8413445.997142896056175, 1440822.840000033844262 ], [ 8413397.3285714648664, 1440871.294285744428635 ], [ 8413353.811428613960743, 1440821.374285747762769 ], [ 8413334.825714331120253, 1440842.334285746095702 ], [ 8413401.688571467995644, 1440919.131428603781387 ], [ 8413387.19428575783968, 1440929.86285717994906 ], [ 8413360.502857185900211, 1440896.131428605411202 ], [ 8413340.417142895981669, 1440915.15142860962078 ], [ 8413308.582857185974717, 1440878.668571460992098 ], [ 8413281.99714289419353, 1440908.011428602039814 ], [ 8413297.428571470081806, 1440977.340000036172569 ], [ 8413288.16000003926456, 1441012.845714322291315 ], [ 8413284.99142861738801, 1441050.040000029606745 ], [ 8413275.434285756200552, 1441079.54857146111317 ], [ 8413253.554285757243633, 1441082.6285714590922 ], [ 8413205.434285759925842, 1441060.968571460107341 ], [ 8413199.591428615152836, 1441064.265714318025857 ], [ 8413237.908571470528841, 1441110.428571463562548 ], [ 8413227.317142894491553, 1441118.965714322868735 ], [ 8413178.154285758733749, 1441076.331428602803499 ], [ 8413166.811428613960743, 1441089.905714319087565 ], [ 8413241.105714328587055, 1441175.351428607478738 ], [ 8413228.57142861187458, 1441184.982857176335528 ], [ 8413154.27428575605154, 1441099.537142895394936 ], [ 8413130.894285755231977, 1441173.782857174519449 ], [ 8413170.625714326277375, 1441207.868571461644024 ], [ 8413163.925714328885078, 1441214.200000030919909 ], [ 8413097.202857185155153, 1441160.417142894119024 ], [ 8413087.605714328587055, 1441168.902857176261023 ], [ 8413077.222857182845473, 1441161.405714314896613 ], [ 8413070.677142895758152, 1441170.74571431428194 ], [ 8413077.014285761862993, 1441177.442857177229598 ], [ 8413062.817142896354198, 1441194.160000034607947 ], [ 8413124.997142899781466, 1441257.168571457732469 ], [ 8413118.345714330673218, 1441264.508571460843086 ], [ 8413054.12571432814002, 1441200.594285750761628 ], [ 8413049.477142903953791, 1441207.825714316219091 ], [ 8413045.328571470454335, 1441205.031428604852408 ], [ 8413037.12571432441473, 1441212.797142895869911 ], [ 8413031.940000042319298, 1441217.708571465918794 ], [ 8413077.054285757243633, 1441259.528571464587003 ], [ 8413067.462857186794281, 1441268.01714288815856 ], [ 8413022.248571472242475, 1441224.191428602673113 ], [ 8413010.854285757988691, 1441236.762857175432146 ], [ 8413054.971428614109755, 1441278.648571458877996 ], [ 8413045.428571468219161, 1441288.125714318361133 ], [ 8412996.168571475893259, 1441243.500000034458935 ], [ 8412976.225714329630136, 1441265.51142860436812 ], [ 8412986.705714331939816, 1441274.997142896056175 ], [ 8412964.720000043511391, 1441296.108571461867541 ], [ 8412978.394285757094622, 1441309.454285752028227 ], [ 8412970.745714327320457, 1441316.834285743767396 ], [ 8412937.260000042617321, 1441287.4457143235486 ], [ 8412926.768571473658085, 1441297.977142896270379 ], [ 8412969.42285718396306, 1441350.945714319357648 ], [ 8412954.934285756200552, 1441361.665714321890846 ], [ 8412897.357142899185419, 1441290.417142891557887 ], [ 8412871.280000036582351, 1441309.728571464773268 ], [ 8412889.145714331418276, 1441326.865714319283143 ], [ 8412874.800000045448542, 1441340.591428603045642 ], [ 8412945.248571470379829, 1441429.228571461047977 ], [ 8412927.86285718344152, 1441442.105714317876846 ], [ 8412854.068571474403143, 1441346.617142887786031 ], [ 8412833.694285754114389, 1441359.637142895720899 ], [ 8412832.874285757541656, 1441383.711428605020046 ], [ 8412823.885714329779148, 1441384.157142891082913 ], [ 8412832.657142898067832, 1441399.742857176810503 ], [ 8412815.222857184708118, 1441411.605714324396104 ], [ 8412831.582857187837362, 1441438.840000031515956 ], [ 8412822.940000038594007, 1441446.274285749997944 ], [ 8412819.648571472615004, 1441440.425714321201667 ], [ 8412796.097142899408937, 1441409.551428601611406 ], [ 8412789.457142896950245, 1441416.885714321862906 ], [ 8412792.891428615897894, 1441425.72571431659162 ], [ 8412766.662857184186578, 1441442.042857174761593 ], [ 8412773.348571473732591, 1441455.72857146221213 ], [ 8412766.602857191115618, 1441461.071428603027016 ], [ 8412756.731428615748882, 1441443.528571466449648 ], [ 8412707.460000049322844, 1441480.000000033527613 ], [ 8412716.891428614035249, 1441488.548571466701105 ], [ 8412709.251428607851267, 1441495.934285748982802 ], [ 8412672.682857185602188, 1441444.665714320726693 ], [ 8412665.031428614631295, 1441452.060000035213307 ], [ 8412672.211428610607982, 1441475.731428603874519 ], [ 8412685.425714332610369, 1441500.108571463730186 ], [ 8412676.880000039935112, 1441509.54857146111317 ], [ 8412584.57142861187458, 1441546.128571458393708 ], [ 8412561.131428612396121, 1441497.231428603176028 ], [ 8412547.345714334398508, 1441501.914285747334361 ], [ 8412547.988571474328637, 1441514.902857175562531 ], [ 8412535.042857185006142, 1441536.557142891455442 ], [ 8412517.354285754263401, 1441543.434285752475262 ], [ 8412550.19428575783968, 1441640.937142893671989 ], [ 8412523.528571473434567, 1441648.262857174035162 ], [ 8412494.562857192009687, 1441568.588571463478729 ], [ 8412478.977142898365855, 1441577.36857146397233 ], [ 8412481.471428608521819, 1441587.265714320819825 ], [ 8412471.420000042766333, 1441606.774285748368129 ], [ 8412445.888571470975876, 1441617.048571465071291 ], [ 8412429.374285759404302, 1441606.845714316237718 ], [ 8412405.291428610682487, 1441626.054285749793053 ], [ 8412334.468571467325091, 1441631.551428607665002 ], [ 8412309.762857183814049, 1441617.757142890011892 ], [ 8412277.600000042468309, 1441554.262857177294791 ], [ 8412266.508571472018957, 1441552.802857174072415 ], [ 8412221.157142896205187, 1441567.057142892852426 ], [ 8412197.848571473732591, 1441561.191428607795388 ], [ 8412118.528571475297213, 1441577.120000032242388 ], [ 8412134.69428575783968, 1441600.35714288870804 ], [ 8412093.185714326798916, 1441611.411428605671972 ], [ 8412219.860000044107437, 1441784.380000029923394 ], [ 8412153.425714327022433, 1441817.688571465667337 ], [ 8412028.142857186496258, 1441652.662857181159779 ], [ 8412010.36857146769762, 1441657.262857176363468 ], [ 8411999.468571465462446, 1441660.08571431809105 ], [ 8411954.460000047460198, 1441681.325714319711551 ], [ 8412091.662857180461287, 1441864.794285744894296 ], [ 8412013.517142899334431, 1441924.711428604088724 ], [ 8411858.10571432672441, 1441717.114285750780255 ], [ 8411839.622857183218002, 1441728.028571465983987 ], [ 8411822.008571470156312, 1441776.965714317280799 ], [ 8411906.971428610384464, 1441895.925714320503175 ], [ 8411901.125714322552085, 1441899.211428605020046 ], [ 8411897.934285752475262, 1441895.368571463041008 ], [ 8411868.24857147410512, 1441922.860000034095719 ], [ 8411772.811428613960743, 1441794.405714314896613 ], [ 8411756.568571470677853, 1441810.225714317290112 ], [ 8411845.777142893522978, 1441933.980000035837293 ], [ 8411825.942857185378671, 1441937.9628571793437 ], [ 8411745.222857184708118, 1441823.800000033341348 ], [ 8411716.548571465536952, 1441831.225714319385588 ], [ 8411760.648571472615004, 1441974.228571460116655 ], [ 8411595.922857187688351, 1442024.388571464223787 ], [ 8411555.362857189029455, 1441892.2342857462354 ], [ 8411510.95714289881289, 1441905.437142893206328 ], [ 8411550.522857179865241, 1442037.642857173224911 ], [ 8411532.7342857606709, 1442042.525714320596308 ], [ 8411502.845714326947927, 1441943.882857175543904 ], [ 8411490.005714325234294, 1441947.514285748125985 ], [ 8411479.248571468517184, 1441912.005714320577681 ], [ 8411464.551428612321615, 1441918.740000037942082 ], [ 8411476.074285754933953, 1441949.205714318435639 ], [ 8411457.294285759329796, 1441954.131428603548557 ], [ 8411473.080000039190054, 1442010.42571432236582 ] ] ] ] } },
{ "type": "Feature", "properties": { "DTUID": "305070221", "PRCODE": "13", "PRNAME": "New Brunswick / Nouveau-Brunswick", "CMANAME": "Moncton", "CSDNAME": "Moncton", "DTNAME": "Moncton", "DT_TYPE": "1" }, "geometry": { "type": "MultiPolygon", "coordinates": [ [ [ [ 8257467.877142900601029, 1549066.757142891641706 ], [ 8257480.360000041313469, 1549076.151428610086441 ], [ 8257491.368571472354233, 1549116.660000031813979 ], [ 8257490.057142903096974, 1549130.742857177276164 ], [ 8257482.320000041276217, 1549136.128571463283151 ], [ 8257452.600000040605664, 1549142.597142892889678 ], [ 8257426.071428609080613, 1549152.922857179073617 ], [ 8257413.745714327320457, 1549146.514285743702203 ], [ 8257413.265714327804744, 1549116.505714322905988 ], [ 8257404.731428617611527, 1549105.911428607068956 ], [ 8257401.702857181429863, 1549085.040000032866374 ], [ 8257395.968571466393769, 1549070.305714322952554 ], [ 8257387.388571469113231, 1549058.714285746449605 ], [ 8257396.782857187092304, 1549046.234285747166723 ], [ 8257411.720000042580068, 1549044.497142890002578 ], [ 8257467.877142900601029, 1549066.757142891641706 ] ] ], [ [ [ 8256751.842857181094587, 1549327.328571458812803 ], [ 8256740.354285751469433, 1549337.908571459818631 ], [ 8256719.345714333467185, 1549378.99428574508056 ], [ 8256699.037142899818718, 1549434.065714319003746 ], [ 8256686.180000048130751, 1549400.360000033164397 ], [ 8256663.928571471013129, 1549388.568571460898966 ], [ 8256637.174285755492747, 1549356.557142894715071 ], [ 8256600.66000004298985, 1549323.220000036526471 ], [ 8256485.302857181988657, 1549247.020000032614917 ], [ 8256354.06857147347182, 1549217.914285749429837 ], [ 8256245.588571473956108, 1549230.085714322980493 ], [ 8256175.211428609676659, 1549226.382857175078243 ], [ 8256168.740000038407743, 1549226.042857177555561 ], [ 8256173.760000046342611, 1549176.960000033956021 ], [ 8256179.488571471534669, 1549123.962857172824442 ], [ 8256180.831428612582386, 1549112.094285750063136 ], [ 8256182.685714324004948, 1549090.945714321918786 ], [ 8256185.611428612843156, 1549061.757142889779061 ], [ 8256185.634285751730204, 1549047.682857176754624 ], [ 8256185.928571470081806, 1549037.931428604293615 ], [ 8256186.70000003837049, 1549028.274285746971145 ], [ 8256188.062857185490429, 1549018.637142895255238 ], [ 8256188.108571471646428, 1549018.400000037392601 ], [ 8256190.262857184745371, 1549007.528571467380971 ], [ 8256193.151428611949086, 1548996.608571461169049 ], [ 8256196.73142861481756, 1548985.877142892684788 ], [ 8256200.948571474291384, 1548975.4342857520096 ], [ 8256205.785714327357709, 1548965.151428603334352 ], [ 8256211.288571468554437, 1548955.291428608819842 ], [ 8256217.360000047832727, 1548945.691428604070097 ], [ 8256222.460000040009618, 1548938.614285747520626 ], [ 8256253.940000045113266, 1548901.988571463618428 ], [ 8256354.777142899110913, 1548785.008571466198191 ], [ 8256419.040000045672059, 1548712.102857178542763 ], [ 8256482.925714326091111, 1548639.271428607869893 ], [ 8256514.702857183292508, 1548601.422857178840786 ], [ 8256472.485714326612651, 1548591.788571461103857 ], [ 8256449.654285760596395, 1548587.2285714619793 ], [ 8256428.73714289907366, 1548583.068571462295949 ], [ 8256399.434285754337907, 1548577.934285749215633 ], [ 8256375.940000042319298, 1548573.828571460675448 ], [ 8256286.6628571851179, 1548558.794285749550909 ], [ 8256268.171428616158664, 1548555.597142889397219 ], [ 8256197.314285753294826, 1548546.571428606286645 ], [ 8256170.860000045970082, 1548541.985714318696409 ], [ 8256098.40000004414469, 1548533.840000034077093 ], [ 8256046.057142897509038, 1548527.774285745341331 ], [ 8256000.877142896875739, 1548523.348571465117857 ], [ 8255957.525714327581227, 1548516.78857146226801 ], [ 8255942.334285758435726, 1548514.471428608056158 ], [ 8255933.422857187688351, 1548513.274285751860589 ], [ 8255908.134285758249462, 1548509.714285747148097 ], [ 8255847.340000041760504, 1548506.368571461178362 ], [ 8255782.340000039897859, 1548506.425714321434498 ], [ 8255746.614285759627819, 1548508.637142894789577 ], [ 8255776.38285718113184, 1548474.445714319124818 ], [ 8255821.337142896838486, 1548422.677142893895507 ], [ 8255761.271428618580103, 1548369.380000031553209 ], [ 8255698.568571472540498, 1548317.731428602011874 ], [ 8255638.62571432441473, 1548265.480000036302954 ], [ 8255577.742857191711664, 1548212.991428604349494 ], [ 8255556.614285761490464, 1548195.665714320028201 ], [ 8255545.588571474887431, 1548190.391428605420515 ], [ 8255505.405714327469468, 1548181.87142860237509 ], [ 8255427.037142895162106, 1548165.477142893709242 ], [ 8255442.354285751469433, 1548104.371428602840751 ], [ 8255450.691428615711629, 1548071.102857178542763 ], [ 8255452.211428612470627, 1548065.022857174742967 ], [ 8255452.900000046938658, 1548062.271428608335555 ], [ 8255453.297142896801233, 1548060.708571465918794 ], [ 8255453.914285756647587, 1548058.340000034542754 ], [ 8255454.505714327096939, 1548056.194285753648728 ], [ 8255455.23714289907366, 1548053.737142890226096 ], [ 8255455.417142896912992, 1548053.137142895255238 ], [ 8255456.185714324004948, 1548050.705714320531115 ], [ 8255456.905714322812855, 1548048.560000039637089 ], [ 8255457.705714328214526, 1548046.305714321322739 ], [ 8255458.637142896652222, 1548043.837142891949043 ], [ 8255459.657142896205187, 1548041.280000038444996 ], [ 8255461.148571470752358, 1548037.748571463860571 ], [ 8255462.297142899595201, 1548035.191428602440283 ], [ 8255463.642857189290226, 1548032.377142892684788 ], [ 8255465.220000046305358, 1548029.24571432499215 ], [ 8255467.277142895385623, 1548025.400000034132972 ], [ 8255486.454285757616162, 1547990.762857172638178 ], [ 8255509.760000039823353, 1547948.748571461066604 ], [ 8255514.451428616419435, 1547940.305714324116707 ], [ 8255517.248571469448507, 1547935.280000033555552 ], [ 8255519.19714289624244, 1547932.071428607683629 ], [ 8255521.451428614556789, 1547928.488571463152766 ], [ 8255523.400000041350722, 1547925.534285751869902 ], [ 8255525.711428612470627, 1547922.194285748526454 ], [ 8255527.725714323110878, 1547919.428571459371597 ], [ 8255529.900000042282045, 1547916.537142891436815 ], [ 8255531.75142861250788, 1547914.191428607096896 ], [ 8255533.837142898701131, 1547911.637142895022407 ], [ 8255535.728571465238929, 1547909.360000029206276 ], [ 8255542.668571469374001, 1547901.397142891539261 ], [ 8255552.225714328698814, 1547890.434285747818649 ], [ 8255575.805714324116707, 1547863.385714321397245 ], [ 8255606.265714328736067, 1547828.431428601965308 ], [ 8255598.077142898924649, 1547820.402857179520652 ], [ 8255585.522857182659209, 1547806.188571464736015 ], [ 8255577.920000040903687, 1547797.55428574886173 ], [ 8255569.66000004298985, 1547787.140000030398369 ], [ 8255561.420000043697655, 1547776.117142892908305 ], [ 8255545.088571477681398, 1547754.880000032484531 ], [ 8255540.854285753332078, 1547749.997142892796546 ], [ 8255532.228571469895542, 1547740.95142860407941 ], [ 8255522.48000003863126, 1547730.425714321900159 ], [ 8255522.117142901755869, 1547718.897142888978124 ], [ 8255507.460000035353005, 1547699.385714320000261 ], [ 8255498.474285756237805, 1547687.425714323529974 ], [ 8255486.25428575463593, 1547670.771428609732538 ], [ 8255445.391428612172604, 1547616.797142894007266 ], [ 8255433.814285757951438, 1547611.894285748247057 ], [ 8255424.862857184372842, 1547600.988571465015411 ], [ 8255401.202857181429863, 1547569.594285750295967 ], [ 8255370.385714330710471, 1547528.960000034421682 ], [ 8255365.800000042654574, 1547522.914285751292482 ], [ 8255346.31142861302942, 1547495.551428608363494 ], [ 8255346.102857185527682, 1547495.097142890328541 ], [ 8255331.105714328587055, 1547462.720000037923455 ], [ 8255345.862857186235487, 1547450.260000036796555 ], [ 8255351.011428605765104, 1547448.762857179157436 ], [ 8255358.728571468964219, 1547448.802857175469398 ], [ 8255369.891428615897894, 1547450.15428574825637 ], [ 8255385.03142861649394, 1547454.302857174538076 ], [ 8255454.757142900489271, 1547473.417142893187702 ], [ 8255538.597142901271582, 1547374.902857176493853 ], [ 8255599.840000044554472, 1547428.10857146512717 ], [ 8255660.86285718716681, 1547480.842857179231942 ], [ 8255706.182857188396156, 1547524.608571463264525 ], [ 8255727.074285753071308, 1547528.394285752438009 ], [ 8255827.78857146948576, 1547536.608571463264525 ], [ 8255899.44285718165338, 1547451.725714315194637 ], [ 8255954.62285718601197, 1547499.345714322058484 ], [ 8255971.06285718921572, 1547514.085714322514832 ], [ 8255976.914285759441555, 1547519.951428607804701 ], [ 8255981.765714327804744, 1547524.991428605746478 ], [ 8255986.331428609788418, 1547530.274285744875669 ], [ 8255993.965714330784976, 1547539.417142889928073 ], [ 8256019.637142895720899, 1547581.197142892982811 ], [ 8256025.817142897285521, 1547591.520000029820949 ], [ 8256032.908571469597518, 1547603.402857175562531 ], [ 8256035.45428575668484, 1547603.26857146457769 ], [ 8256050.742857190780342, 1547602.46285717561841 ], [ 8256076.742857187055051, 1547600.288571464363486 ], [ 8256094.742857190780342, 1547598.320000032428652 ], [ 8256128.045714328065515, 1547594.637142890132964 ], [ 8256178.645714327692986, 1547587.308571460656822 ], [ 8256214.605714331381023, 1547581.371428607497364 ], [ 8256263.485714322887361, 1547572.154285745695233 ], [ 8256296.097142899408937, 1547565.071428606053814 ], [ 8256323.320000048726797, 1547559.251428607618436 ], [ 8256358.494285753928125, 1547550.120000035967678 ], [ 8256375.705714332871139, 1547547.048571462742984 ], [ 8256429.551428613252938, 1547531.431428605224937 ], [ 8256483.320000042207539, 1547515.040000030305237 ], [ 8256491.985714321956038, 1547512.422857174649835 ], [ 8256500.531428613699973, 1547509.502857176586986 ], [ 8256511.951428616419435, 1547505.16857146192342 ], [ 8256523.014285758137703, 1547500.300000037066638 ], [ 8256533.954285754822195, 1547495.128571461886168 ], [ 8256544.488571476191282, 1547489.154285746626556 ], [ 8256554.968571471981704, 1547482.911428601946682 ], [ 8256566.880000039935112, 1547474.84571431693621 ], [ 8256578.477142899297178, 1547466.142857174854726 ], [ 8256589.477142897434533, 1547456.674285747343674 ], [ 8256601.774285757914186, 1547443.517142894677818 ], [ 8256611.617142903618515, 1547430.022857178468257 ], [ 8256601.297142899595201, 1547421.448571464512497 ], [ 8256589.291428608819842, 1547413.471428603865206 ], [ 8256575.145714328624308, 1547401.251428602263331 ], [ 8256564.757142898626626, 1547390.982857176335528 ], [ 8256550.994285752996802, 1547370.285714317113161 ], [ 8256543.740000040270388, 1547361.197142890654504 ], [ 8256539.891428614966571, 1547349.314285745145753 ], [ 8256536.682857189327478, 1547342.548571463674307 ], [ 8256532.954285752959549, 1547332.948571458924562 ], [ 8256529.64285718742758, 1547322.428571459837258 ], [ 8256528.908571465872228, 1547319.874285747762769 ], [ 8256528.740000042133033, 1547319.302857175003737 ], [ 8256508.325714327394962, 1547267.051428601611406 ], [ 8256494.931428609415889, 1547227.002857180777937 ], [ 8256477.405714328400791, 1547180.14000003458932 ], [ 8256471.242857191711664, 1547160.542857175227255 ], [ 8256464.148571470752358, 1547142.625714320223778 ], [ 8256448.497142899781466, 1547098.834285747725517 ], [ 8256448.077142902649939, 1547097.665714321658015 ], [ 8256445.508571468293667, 1547090.351428607013077 ], [ 8256476.900000041350722, 1547081.14571431861259 ], [ 8256517.32285718806088, 1547048.114285744726658 ], [ 8256533.805714321322739, 1547024.26857146108523 ], [ 8256537.168571471236646, 1547019.405714319553226 ], [ 8256560.317142895422876, 1546985.917142893653363 ], [ 8256572.328571469523013, 1546945.27714288700372 ], [ 8256568.931428613141179, 1546876.365714316256344 ], [ 8256577.90000004414469, 1546834.868571466067806 ], [ 8256591.697142902761698, 1546810.162857182323933 ], [ 8256523.834285762161016, 1546714.348571462091058 ], [ 8256522.865714324638247, 1546714.514285744633526 ], [ 8256453.394285755231977, 1546633.060000039404258 ], [ 8256343.802857181057334, 1546384.754285752773285 ], [ 8256273.548571470193565, 1546225.580000038491562 ], [ 8256243.480000039562583, 1546186.708571460563689 ], [ 8255999.014285760931671, 1545927.428571464493871 ], [ 8255735.477142901159823, 1545744.328571459045634 ], [ 8255736.714285753667355, 1545790.625714323250577 ], [ 8255603.048571471124887, 1545705.731428601313382 ], [ 8255568.53142861276865, 1545675.640000031562522 ], [ 8255552.062857187353075, 1545663.980000036535785 ], [ 8255548.982857181690633, 1545661.100000034319237 ], [ 8255545.605714331381023, 1545656.977142889052629 ], [ 8255542.745714327320457, 1545652.468571459874511 ], [ 8255540.711428610607982, 1545647.471428607124835 ], [ 8255539.317142900079489, 1545642.391428605187684 ], [ 8255538.625714323483407, 1545636.891428606119007 ], [ 8255538.840000042691827, 1545631.674285744316876 ], [ 8255538.965714328922331, 1545629.880000034347177 ], [ 8255543.411428614519536, 1545616.08000003406778 ], [ 8255544.342857182957232, 1545614.40285717882216 ], [ 8255548.411428616382182, 1545605.991428605746478 ], [ 8255551.648571472615004, 1545597.328571459744126 ], [ 8255554.125714327208698, 1545588.44571431982331 ], [ 8255554.80857147090137, 1545585.417142891557887 ], [ 8255555.8428571857512, 1545579.340000037103891 ], [ 8255556.682857188396156, 1545570.082857178989798 ], [ 8255556.722857183776796, 1545563.654285745695233 ], [ 8255556.740000040270388, 1545560.845714318798855 ], [ 8255555.945714325644076, 1545551.59142860211432 ], [ 8255554.442857184447348, 1545542.385714321397245 ], [ 8255552.525714329443872, 1545534.845714322291315 ], [ 8255551.662857180461287, 1545528.402857174165547 ], [ 8255551.19714289624244, 1545521.645714316982776 ], [ 8255551.182857189327478, 1545512.000000033061951 ], [ 8255551.968571471981704, 1545502.102857176214457 ], [ 8255553.420000042766333, 1545492.631428607273847 ], [ 8255555.702857184223831, 1545483.042857176158577 ], [ 8255557.571428610943258, 1545477.231428602244705 ], [ 8255563.065714326687157, 1545482.200000032549724 ], [ 8255597.920000040903687, 1545478.482857177266851 ], [ 8255643.357142897322774, 1545486.25714289303869 ], [ 8255680.054285756312311, 1545499.460000032093376 ], [ 8255770.36000004503876, 1545544.065714318305254 ], [ 8255882.442857187241316, 1545583.605714317411184 ], [ 8256002.220000045374036, 1545616.737142889294773 ], [ 8256101.371428620070219, 1545657.908571464940906 ], [ 8256203.065714333206415, 1545689.942857178393751 ], [ 8256349.205714331939816, 1545729.794285744894296 ], [ 8256361.491428610868752, 1545735.1885714631062 ], [ 8256366.431428610347211, 1545733.94571432005614 ], [ 8256417.451428614556789, 1545753.460000030696392 ], [ 8256411.202857179567218, 1545768.788571460405365 ], [ 8256395.162857183255255, 1545788.600000038277358 ], [ 8256395.605714327655733, 1545797.5857143253088 ], [ 8256453.642857186496258, 1545776.705714319134131 ], [ 8256480.008571469224989, 1545783.420000038575381 ], [ 8256526.477142899297178, 1545812.162857177201658 ], [ 8256645.262857187539339, 1545906.431428603827953 ], [ 8256655.694285762496293, 1545914.928571459371597 ], [ 8256677.65428576245904, 1545933.862857180647552 ], [ 8256719.262857183814049, 1545985.885714320698753 ], [ 8256739.068571471609175, 1546021.945714322850108 ], [ 8256746.797142900526524, 1546036.591428600717336 ], [ 8256767.15428576245904, 1546063.614285746356472 ], [ 8256832.314285757020116, 1546146.514285747427493 ], [ 8256895.145714331418276, 1546202.488571458961815 ], [ 8256991.054285758174956, 1546238.805714317364618 ], [ 8257005.431428615003824, 1546246.102857175283134 ], [ 8257017.757142905145884, 1546252.50571432011202 ], [ 8257065.657142899930477, 1546310.214285747380927 ], [ 8257083.51142861135304, 1546347.382857173681259 ], [ 8257087.585714328102767, 1546369.208571463124827 ], [ 8257052.722857181914151, 1546454.025714318733662 ], [ 8257036.242857190780342, 1546464.851428602356464 ], [ 8257015.262857186608016, 1546465.888571466552094 ], [ 8257012.162857183255255, 1546464.040000030305237 ], [ 8256977.471428610384464, 1546450.731428602244705 ], [ 8256932.182857188396156, 1546445.951428609667346 ], [ 8256900.011428606696427, 1546463.562857180368155 ], [ 8256879.117142900824547, 1546486.620000031311065 ], [ 8256869.114285763353109, 1546507.128571460489184 ], [ 8256854.8285714648664, 1546521.854285746347159 ], [ 8256834.9000000404194, 1546523.840000035008416 ], [ 8256828.708571473136544, 1546520.142857177648693 ], [ 8256825.580000046640635, 1546497.262857175432146 ], [ 8256807.728571468964219, 1546460.097142890561372 ], [ 8256798.242857185192406, 1546450.560000036843121 ], [ 8256788.340000044554472, 1546473.065714320866391 ], [ 8256797.042857186868787, 1546527.702857174910605 ], [ 8256801.828571470454335, 1546543.488571464084089 ], [ 8256794.280000039376318, 1546552.877142891753465 ], [ 8256778.34571433160454, 1546554.662857177201658 ], [ 8256756.582857185974717, 1546539.717142890207469 ], [ 8256748.482857179827988, 1546558.134285749867558 ], [ 8256757.205714328214526, 1546572.72857146570459 ], [ 8256783.774285755120218, 1546583.425714321201667 ], [ 8256805.845714334398508, 1546584.340000032680109 ], [ 8256920.21714290138334, 1546629.771428606007248 ], [ 8256955.600000042468309, 1546657.057142890524119 ], [ 8256970.19714289996773, 1546709.40285717905499 ], [ 8256982.822857183404267, 1546721.800000036833808 ], [ 8257014.08285718690604, 1546726.262857179390267 ], [ 8257046.645714327692986, 1546716.651428608689457 ], [ 8257070.260000043548644, 1546728.497142892330885 ], [ 8257078.042857184074819, 1546744.134285747539252 ], [ 8257077.680000047199428, 1546757.165714321425185 ], [ 8257066.874285761266947, 1546781.734285752754658 ], [ 8257049.194285756908357, 1546788.602857173420489 ], [ 8257036.162857183255255, 1546788.254285751841962 ], [ 8257009.205714330077171, 1546769.557142888661474 ], [ 8256997.285714330151677, 1546751.117142889183015 ], [ 8256972.522857185453176, 1546736.317142894491553 ], [ 8256917.75428575463593, 1546721.997142891166732 ], [ 8256898.171428610570729, 1546730.974285745993257 ], [ 8256893.62000004388392, 1546740.214285747613758 ], [ 8256901.745714330114424, 1546762.840000035241246 ], [ 8256895.000000046566129, 1546768.180000034626573 ], [ 8256877.874285757541656, 1546766.014285748125985 ], [ 8256842.082857185974717, 1546750.76000003516674 ], [ 8256829.391428609378636, 1546757.400000038091093 ], [ 8256819.194285758771002, 1546773.914285750361159 ], [ 8256835.357142892666161, 1546797.145714323734865 ], [ 8256853.825714329257607, 1546806.248571465024725 ], [ 8256879.988571474328637, 1546808.968571459874511 ], [ 8256918.931428613141179, 1546827.071428603259847 ], [ 8256928.557142898440361, 1546839.61428574565798 ], [ 8256927.08857147116214, 1546870.725714315660298 ], [ 8256922.134285756386817, 1546891.991428605746478 ], [ 8256920.860000041313469, 1546927.094285751227289 ], [ 8256927.128571474924684, 1546952.82000003522262 ], [ 8256935.314285756088793, 1546956.422857177443802 ], [ 8256965.142857186496258, 1546870.845714319031686 ], [ 8256952.60571432672441, 1546799.380000028759241 ], [ 8256959.614285756833851, 1546779.008571467362344 ], [ 8256977.037142897956073, 1546787.157142893411219 ], [ 8257011.06857147347182, 1546827.531428604386747 ], [ 8257043.814285754226148, 1546841.93714289041236 ], [ 8257071.53428575117141, 1546835.565714317373931 ], [ 8257099.997142893262208, 1546763.071428602561355 ], [ 8257101.928571471013129, 1546720.925714321434498 ], [ 8257075.73714289534837, 1546677.160000029951334 ], [ 8257056.27142861392349, 1546668.111428607488051 ], [ 8257020.605714327655733, 1546675.88285717391409 ], [ 8257008.328571465797722, 1546670.477142889751121 ], [ 8256978.262857184745371, 1546608.880000033881515 ], [ 8256964.340000038966537, 1546590.545714315259829 ], [ 8256936.185714329592884, 1546567.908571461681277 ], [ 8256895.49714289419353, 1546554.897142893634737 ], [ 8256900.945714323781431, 1546543.614285750780255 ], [ 8256912.642857189290226, 1546537.031428608344868 ], [ 8256933.134285754524171, 1546505.982857181690633 ], [ 8256948.577142904512584, 1546494.205714317038655 ], [ 8256962.608571472577751, 1546494.514285750454292 ], [ 8256977.128571471199393, 1546504.817142889369279 ], [ 8256974.811428617686033, 1546538.965714319609106 ], [ 8256988.714285757392645, 1546577.331428602337837 ], [ 8257006.191428616642952, 1546586.480000030482188 ], [ 8257028.920000036247075, 1546580.351428606081754 ], [ 8257038.460000039078295, 1546570.877142888028175 ], [ 8257059.214285750873387, 1546524.800000033108518 ], [ 8257074.900000042282045, 1546518.01142860436812 ], [ 8257112.742857188917696, 1546534.171428604051471 ], [ 8257153.814285758882761, 1546575.197142895311117 ], [ 8257241.328571469523013, 1546685.022857177536935 ], [ 8257264.925714328885078, 1546703.700000035110861 ], [ 8257291.334285756573081, 1546724.602857172954828 ], [ 8257340.05142861418426, 1546758.251428605988622 ], [ 8257372.488571476191282, 1546786.688571467995644 ], [ 8257384.714285753667355, 1546811.111428606789559 ], [ 8257428.100000035949051, 1546960.157142889220268 ], [ 8257457.762857183814049, 1547033.782857175450772 ], [ 8257505.90285718627274, 1547177.597142888233066 ], [ 8257531.791428610682487, 1547215.362857175990939 ], [ 8257552.237142897211015, 1547264.411428606603295 ], [ 8257585.248571473173797, 1547405.960000035120174 ], [ 8257644.25428575463593, 1547567.251428607851267 ], [ 8257650.271428614854813, 1547608.000000036787242 ], [ 8257638.128571472130716, 1547686.700000034179538 ], [ 8257637.211428611539304, 1547736.582857176428661 ], [ 8257637.040000045672059, 1547745.822857178049162 ], [ 8257649.740000038407743, 1547800.268571460619569 ], [ 8257651.294285756535828, 1547933.345714322058484 ], [ 8257661.180000047199428, 1548011.95714289532043 ], [ 8257672.288571467623115, 1548054.460000038146973 ], [ 8257701.031428613699973, 1548150.165714320726693 ], [ 8257713.774285759776831, 1548205.608571463730186 ], [ 8257717.434285755269229, 1548259.485714322887361 ], [ 8257732.405714322812855, 1548339.848571468144655 ], [ 8257730.105714325793087, 1548353.980000033974648 ], [ 8257728.174285755492747, 1548396.125714323017746 ], [ 8257739.134285757318139, 1548435.637142891995609 ], [ 8257750.102857183665037, 1548455.120000030845404 ], [ 8257775.245714329183102, 1548497.925714324228466 ], [ 8257791.097142895683646, 1548535.197142889956012 ], [ 8257818.28857147321105, 1548639.985714323353022 ], [ 8257866.625714321620762, 1548726.7057143189013 ], [ 8257906.340000043623149, 1548841.891428606584668 ], [ 8257917.771428612992167, 1548850.342857175506651 ], [ 8257930.888571469113231, 1548872.717142890207469 ], [ 8257957.434285749681294, 1548903.448571458691731 ], [ 8258018.174285754561424, 1548957.522857179865241 ], [ 8258020.711428609676659, 1548968.411428606603295 ], [ 8258031.53714289329946, 1548984.902857179520652 ], [ 8258035.614285759627819, 1549006.720000036526471 ], [ 8258026.302857181988657, 1549022.794285745825619 ], [ 8258015.314285757951438, 1549041.768571463180706 ], [ 8257985.180000042542815, 1549080.297142894705757 ], [ 8257984.328571466729045, 1549083.345714320894331 ], [ 8257966.888571469113231, 1549095.214285751571879 ], [ 8257949.342857183888555, 1549125.122857174603269 ], [ 8257939.451428617350757, 1549127.614285751245916 ], [ 8257938.6628571851179, 1549141.734285750892013 ], [ 8257938.388571471907198, 1549146.680000034160912 ], [ 8257934.791428612545133, 1549154.871428605634719 ], [ 8257915.894285754300654, 1549177.828571458579972 ], [ 8257878.568571468815207, 1549212.71142860269174 ], [ 8257855.142857191152871, 1549224.87428575148806 ], [ 8257844.200000037439167, 1549226.420000037178397 ], [ 8257829.265714324079454, 1549228.154285745229572 ], [ 8257810.088571477681398, 1549225.100000035949051 ], [ 8257779.440000042319298, 1549212.585714323678985 ], [ 8257770.062857188284397, 1549205.042857175460085 ], [ 8257762.231428620405495, 1549188.414285750128329 ], [ 8257747.537142897956073, 1549171.67428574571386 ], [ 8257733.585714322514832, 1549155.780000034021214 ], [ 8257722.108571466989815, 1549146.331428604666144 ], [ 8257672.037142895162106, 1549125.771428605541587 ], [ 8257649.917142895050347, 1549123.862857175059617 ], [ 8257593.834285760298371, 1549123.617142892442644 ], [ 8257591.680000048130751, 1549123.980000037234277 ], [ 8257576.951428612694144, 1549126.460000032559037 ], [ 8257557.371428618207574, 1549135.428571462864056 ], [ 8257549.285714327357709, 1549133.83428574888967 ], [ 8257536.905714325606823, 1549126.425714319339022 ], [ 8257531.985714323818684, 1549087.620000033639371 ], [ 8257525.011428606696427, 1549067.9457143235486 ], [ 8257516.674285758286715, 1549057.900000032968819 ], [ 8257510.522857178933918, 1549050.485714320559055 ], [ 8257502.66000003926456, 1549041.011428602272645 ], [ 8257460.671428616158664, 1549022.05714289075695 ], [ 8257453.591428617946804, 1549019.428571461699903 ], [ 8257439.25428575091064, 1549014.105714318808168 ], [ 8257420.08285718690604, 1549011.040000035893172 ], [ 8257388.068571471609175, 1549011.611428608652204 ], [ 8257358.23714289907366, 1549036.120000038063154 ], [ 8257350.940000041387975, 1549050.491428603418171 ], [ 8257350.471428608521819, 1549081.551428603474051 ], [ 8257357.64285718742758, 1549105.228571462910622 ], [ 8257371.420000040903687, 1549181.648571460973471 ], [ 8257364.025714334100485, 1549194.02285717939958 ], [ 8257329.294285757467151, 1549220.765714321518317 ], [ 8257316.954285759478807, 1549234.394285748712718 ], [ 8257308.025714333169162, 1549260.348571466049179 ], [ 8257306.442857185378671, 1549264.948571461020038 ], [ 8257299.154285759665072, 1549270.108571462798864 ], [ 8257295.805714324116707, 1549272.480000035837293 ], [ 8257257.442857182584703, 1549286.380000034114346 ], [ 8257246.288571467623115, 1549303.954285750165582 ], [ 8257219.260000039823353, 1549324.311428604181856 ], [ 8257193.442857182584703, 1549328.582857175497338 ], [ 8257174.168571471236646, 1549323.534285753034055 ], [ 8257159.134285752661526, 1549323.271428606472909 ], [ 8257094.980000042356551, 1549301.402857179520652 ], [ 8257067.820000045001507, 1549298.731428605038673 ], [ 8257045.402857184410095, 1549290.834285744465888 ], [ 8256995.462857189588249, 1549293.294285749550909 ], [ 8256977.682857187464833, 1549298.177142889238894 ], [ 8256965.094285758212209, 1549306.80857146368362 ], [ 8256952.211428610607982, 1549309.440000034170225 ], [ 8256929.040000046603382, 1549306.5771428886801 ], [ 8256925.091428616084158, 1549307.77428575232625 ], [ 8256909.93714290112257, 1549346.011428607162088 ], [ 8256907.282857183367014, 1549352.711428603855893 ], [ 8256888.405714322812855, 1549355.637142892694101 ], [ 8256857.097142898477614, 1549350.171428606845438 ], [ 8256837.840000044554472, 1549339.942857176996768 ], [ 8256803.634285753592849, 1549321.777142890263349 ], [ 8256779.320000045001507, 1549315.960000033257529 ], [ 8256751.842857181094587, 1549327.328571458812803 ] ] ], [ [ [ 8257942.251428611576557, 1549291.994285746011883 ], [ 8257916.06571432761848, 1549308.774285746738315 ], [ 8257915.948571472428739, 1549308.845714322058484 ], [ 8257908.420000039972365, 1549314.282857177779078 ], [ 8257880.01428575720638, 1549334.794285748852417 ], [ 8257866.431428609415889, 1549349.757142892573029 ], [ 8257854.308571471832693, 1549366.620000034337863 ], [ 8257845.548571469262242, 1549384.022857177071273 ], [ 8257837.857142894528806, 1549404.380000031320378 ], [ 8257833.27428575605154, 1549422.811428606044501 ], [ 8257822.754285749047995, 1549467.954285751562566 ], [ 8257814.800000043585896, 1549499.685714322142303 ], [ 8257797.205714330077171, 1549536.551428605802357 ], [ 8257784.30857147462666, 1549554.174285750137642 ], [ 8257769.600000037811697, 1549570.482857176102698 ], [ 8257741.002857184037566, 1549593.337142889853567 ], [ 8257717.011428608559072, 1549606.420000032987446 ], [ 8257687.205714332871139, 1549617.357142895460129 ], [ 8257659.611428614705801, 1549623.611428606323898 ], [ 8257636.060000041499734, 1549623.797142894938588 ], [ 8257615.314285754226148, 1549622.537142895162106 ], [ 8257584.417142895050347, 1549615.802857177797705 ], [ 8257541.425714328885078, 1549600.491428604582325 ], [ 8257534.860000043176115, 1549596.400000038789585 ], [ 8257523.168571476824582, 1549587.882857177406549 ], [ 8257512.608571473509073, 1549579.137142889900133 ], [ 8257501.448571476154029, 1549568.880000029923394 ], [ 8257488.531428614631295, 1549552.640000037848949 ], [ 8257478.274285755120218, 1549536.988571459660307 ], [ 8257469.465714331716299, 1549522.488571458496153 ], [ 8257462.140000043436885, 1549506.437142888549715 ], [ 8257456.817142893560231, 1549492.40571432095021 ], [ 8257453.125714326277375, 1549478.374285752885044 ], [ 8257453.091428613290191, 1549477.125714319292456 ], [ 8257428.762857181951404, 1549393.842857175506651 ], [ 8257427.542857185937464, 1549389.66285717790015 ], [ 8257420.6571429008618, 1549372.822857175488025 ], [ 8257414.897142903879285, 1549361.468571464763954 ], [ 8257411.537142895162106, 1549354.845714318566024 ], [ 8257402.30857147462666, 1549340.897142892237753 ], [ 8257392.40285718627274, 1549328.248571461066604 ], [ 8257380.751428615301847, 1549316.040000033099204 ], [ 8257366.831428611651063, 1549304.288571464596316 ], [ 8257353.357142893597484, 1549294.960000031162053 ], [ 8257340.082857185974717, 1549287.08285717619583 ], [ 8257329.480000037699938, 1549281.485714320559055 ], [ 8257341.340000044554472, 1549270.174285747576505 ], [ 8257344.600000039674342, 1549267.065714319236577 ], [ 8257359.285714329220355, 1549260.337142892414704 ], [ 8257376.262857183814049, 1549259.502857180777937 ], [ 8257389.442857184447348, 1549262.85142860841006 ], [ 8257409.271428618580103, 1549258.8742857479956 ], [ 8257413.971428611315787, 1549252.631428603082895 ], [ 8257419.385714327916503, 1549220.331428609089926 ], [ 8257429.025714328512549, 1549212.842857179697603 ], [ 8257436.917142898775637, 1549210.457142891827971 ], [ 8257456.897142901085317, 1549209.465714321937412 ], [ 8257471.437142898328602, 1549199.740000038407743 ], [ 8257485.36857146769762, 1549198.057142892386764 ], [ 8257511.965714325197041, 1549229.785714321536943 ], [ 8257534.525714328512549, 1549240.688571463339031 ], [ 8257553.600000035949051, 1549241.745714325457811 ], [ 8257565.242857189849019, 1549234.165714322589338 ], [ 8257580.025714327581227, 1549229.434285750612617 ], [ 8257600.951428613625467, 1549227.402857175096869 ], [ 8257620.634285755455494, 1549220.420000033453107 ], [ 8257620.488571470603347, 1549217.425714318174869 ], [ 8257599.968571468256414, 1549207.422857172787189 ], [ 8257553.728571464307606, 1549203.697142892982811 ], [ 8257540.400000046007335, 1549197.340000035241246 ], [ 8257537.111428612843156, 1549191.500000031199306 ], [ 8257545.851428616791964, 1549186.062857175245881 ], [ 8257586.208571471273899, 1549172.054285746999085 ], [ 8257613.177142897620797, 1549170.725714321248233 ], [ 8257628.357142893597484, 1549173.982857175171375 ], [ 8257642.14000004529953, 1549169.300000031245872 ], [ 8257659.374285756610334, 1549173.451428606640548 ], [ 8257702.297142904251814, 1549191.362857178552076 ], [ 8257731.185714326798916, 1549228.98857146454975 ], [ 8257732.480000039562583, 1549229.991428608074784 ], [ 8257767.628571472130716, 1549257.228571464307606 ], [ 8257788.040000044740736, 1549265.234285747166723 ], [ 8257812.260000046342611, 1549269.048571466701105 ], [ 8257863.102857187390327, 1549264.531428605318069 ], [ 8257895.320000047795475, 1549247.931428602430969 ], [ 8257928.802857182919979, 1549216.245714318472892 ], [ 8257964.257142898626626, 1549171.565714315511286 ], [ 8257975.931428609415889, 1549156.851428603753448 ], [ 8257976.73428575694561, 1549152.802857175469398 ], [ 8257988.322857184335589, 1549144.225714319851249 ], [ 8257991.082857182249427, 1549139.077142891939729 ], [ 8257990.737142901867628, 1549132.08571431809105 ], [ 8257993.531428613699973, 1549127.942857174901292 ], [ 8258015.062857192009687, 1549117.871428603306413 ], [ 8258021.151428612880409, 1549119.571428605820984 ], [ 8258042.854285757057369, 1549153.542857179883868 ], [ 8258051.794285757467151, 1549152.102857174817473 ], [ 8258064.2342857606709, 1549140.474285751581192 ], [ 8258075.480000041425228, 1549124.905714314430952 ], [ 8258078.034285753034055, 1549115.771428609266877 ], [ 8258076.845714328810573, 1549111.822857178747654 ], [ 8258072.64571432583034, 1549108.025714315939695 ], [ 8258048.285714330151677, 1549101.217142889276147 ], [ 8258037.588571474887431, 1549107.757142893970013 ], [ 8258029.15428576245904, 1549099.157142891315743 ], [ 8258036.705714327283204, 1549089.771428605075926 ], [ 8258041.005714328028262, 1549075.548571466002613 ], [ 8258060.43714290484786, 1549045.862857178319246 ], [ 8258063.354285754263401, 1549041.405714318621904 ], [ 8258084.788571468554437, 1549029.337142892181873 ], [ 8258092.777142895385623, 1549028.937142892973498 ], [ 8258174.69714289996773, 1549065.948571461252868 ], [ 8258179.934285752475262, 1549070.697142889956012 ], [ 8258179.088571474887431, 1549073.73714289185591 ], [ 8258164.008571469224989, 1549072.488571458263323 ], [ 8258165.348571476526558, 1549079.422857179306448 ], [ 8258179.977142897434533, 1549091.722857180982828 ], [ 8258198.874285756610334, 1549093.302857171976939 ], [ 8258196.220000046305358, 1549095.44000003603287 ], [ 8258168.19428575783968, 1549116.774285744875669 ], [ 8258128.285714330151677, 1549091.242857174016535 ], [ 8258121.514285758137703, 1549108.434285747352988 ], [ 8258097.665714333765209, 1549147.577142889145762 ], [ 8258097.571428610943258, 1549147.734285747166723 ], [ 8258087.777142900973558, 1549163.060000035446137 ], [ 8258079.188571471720934, 1549175.348571463488042 ], [ 8258072.205714330077171, 1549183.917142886668444 ], [ 8258063.854285751469433, 1549193.225714322179556 ], [ 8258056.322857184335589, 1549201.671428608242422 ], [ 8258042.471428614109755, 1549215.522857178468257 ], [ 8258030.840000041760504, 1549226.18285717908293 ], [ 8258013.608571472577751, 1549240.851428604451939 ], [ 8257996.085714326240122, 1549254.64571432210505 ], [ 8257986.228571465238929, 1549262.157142890850082 ], [ 8257942.251428611576557, 1549291.994285746011883 ] ] ] ] } },
{ "type": "Feature", "properties": { "DTUID": "462660231", "PRCODE": "24", "PRNAME": "Quebec / Québec", "CMANAME": "Montréal", "CSDNAME": "Montréal", "DTNAME": "Montréal", "DT_TYPE": "1" }, "geometry": { "type": "MultiPolygon", "coordinates": [ [ [ [ 7632375.071428613737226, 1242875.734285747632384 ], [ 7632444.877142897807062, 1242981.805714320158586 ], [ 7632439.831428608857095, 1242979.591428605373949 ], [ 7632438.460000038146973, 1242977.068571465089917 ], [ 7632372.374285758472979, 1242877.425714318174869 ], [ 7632362.37142860610038, 1242862.34285717853345 ], [ 7632360.90285718627274, 1242856.61428574565798 ], [ 7632362.934285753406584, 1242854.454285749932751 ], [ 7632375.071428613737226, 1242875.734285747632384 ] ] ], [ [ [ 7634677.565714329481125, 1243710.645714321406558 ], [ 7634674.277142896316946, 1243718.142857175320387 ], [ 7634670.894285755231977, 1243722.437142893671989 ], [ 7634661.731428612023592, 1243717.602857174351811 ], [ 7634663.471428611315787, 1243711.762857177760452 ], [ 7634669.380000041797757, 1243706.100000037346035 ], [ 7634677.565714329481125, 1243710.645714321406558 ] ] ], [ [ [ 7632941.451428616419435, 1243672.820000031962991 ], [ 7632971.53142861276865, 1243717.74285717587918 ], [ 7632971.637142893858254, 1243720.96285717561841 ], [ 7632970.191428605467081, 1243725.817142892861739 ], [ 7632966.01428575720638, 1243725.640000036684796 ], [ 7632962.408571465872228, 1243723.511428604833782 ], [ 7632958.411428614519536, 1243719.151428609155118 ], [ 7632913.99142861738801, 1243658.300000032875687 ], [ 7632889.862857189029455, 1243618.317142888903618 ], [ 7632896.057142897509038, 1243611.680000035557896 ], [ 7632941.451428616419435, 1243672.820000031962991 ] ] ], [ [ [ 7635082.182857184670866, 1243920.81428575119935 ], [ 7635078.900000042282045, 1243928.314285746542737 ], [ 7635075.800000038929284, 1243931.62000003666617 ], [ 7635067.617142898961902, 1243927.085714318789542 ], [ 7635068.388571475632489, 1243920.948571462184191 ], [ 7635073.031428615562618, 1243915.98285717330873 ], [ 7635082.182857184670866, 1243920.81428575119935 ] ] ], [ [ [ 7633131.554285753518343, 1244280.962857172824442 ], [ 7633135.842857181094587, 1244284.362857177853584 ], [ 7633137.028571471571922, 1244291.065714316209778 ], [ 7633134.922857179306448, 1244305.268571465276182 ], [ 7633131.342857184819877, 1244332.245714316144586 ], [ 7633129.785714324563742, 1244343.985714318696409 ], [ 7633115.960000035353005, 1244440.480000033974648 ], [ 7633103.562857178039849, 1244521.511428608093411 ], [ 7633090.665714322589338, 1244636.291428605793044 ], [ 7633082.185714324004948, 1244700.491428609937429 ], [ 7633079.51428575720638, 1244716.631428604014218 ], [ 7633069.677142894826829, 1244778.311428608838469 ], [ 7633029.600000035949051, 1244770.642857174156234 ], [ 7633030.054285753518343, 1244726.314285750035197 ], [ 7633033.488571471534669, 1244704.022857176605612 ], [ 7633032.777142898179591, 1244692.174285744084045 ], [ 7633033.645714330486953, 1244689.242857180070132 ], [ 7633051.385714328847826, 1244604.50285717472434 ], [ 7633058.102857190184295, 1244574.734285745769739 ], [ 7633084.228571465238929, 1244461.765714322216809 ], [ 7633092.002857188694179, 1244424.900000031106174 ], [ 7633108.120000042952597, 1244349.194285748526454 ], [ 7633110.268571465276182, 1244339.148571457946673 ], [ 7633121.745714329183102, 1244285.471428609918803 ], [ 7633124.448571466840804, 1244279.917142891790718 ], [ 7633131.554285753518343, 1244280.962857172824442 ] ] ], [ [ [ 7633532.114285748451948, 1245492.711428603157401 ], [ 7633530.382857182063162, 1245498.551428607199341 ], [ 7633528.914285754784942, 1245503.494285748805851 ], [ 7633528.64285718370229, 1245504.402857177425176 ], [ 7633526.622857181355357, 1245511.217142894864082 ], [ 7633524.888571473769844, 1245517.042857176158577 ], [ 7633522.86857146397233, 1245523.857142893597484 ], [ 7633517.920000039972365, 1245529.805714320391417 ], [ 7633517.162857186049223, 1245535.934285752242431 ], [ 7633515.148571467027068, 1245542.737142888363451 ], [ 7633513.120000041089952, 1245549.548571464372799 ], [ 7633510.814285753294826, 1245557.337142894975841 ], [ 7633508.497142898850143, 1245565.122857176698744 ], [ 7633506.47714289650321, 1245571.937142886221409 ], [ 7633503.188571470789611, 1245579.434285747818649 ], [ 7633501.460000038146973, 1245585.274285752093419 ], [ 7633500.117142897099257, 1245593.348571461159736 ], [ 7633497.811428616754711, 1245601.125714318361133 ], [ 7633495.497142896987498, 1245608.911428607534617 ], [ 7633493.188571467064321, 1245616.69714288925752 ], [ 7633490.008571471087635, 1245627.402857176493853 ], [ 7633488.962857190519571, 1245634.505714321974665 ], [ 7633485.305714321322739, 1245650.365714320447296 ], [ 7633482.991428616456687, 1245658.15142860962078 ], [ 7633480.971428606659174, 1245664.965714319143444 ], [ 7633479.054285760037601, 1245674.985714321257547 ], [ 7633475.874285756610334, 1245685.680000035092235 ], [ 7633473.568571467883885, 1245693.468571458011866 ], [ 7633471.251428614370525, 1245701.25428574741818 ], [ 7633470.780000039376318, 1245706.420000032056123 ], [ 7633468.4771429002285, 1245714.19714288902469 ], [ 7633466.160000038333237, 1245721.982857178431004 ], [ 7633463.854285757988691, 1245729.771428601350635 ], [ 7633461.540000045672059, 1245737.545714316889644 ], [ 7633459.23428575694561, 1245745.331428606063128 ], [ 7633456.628571475856006, 1245754.091428600950167 ], [ 7633454.034285752102733, 1245762.851428603287786 ], [ 7633450.745714326389134, 1245770.348571457201615 ], [ 7633446.591428617015481, 1245780.765714324545115 ], [ 7633445.148571470752358, 1245785.634285749401897 ], [ 7633442.834285758435726, 1245793.420000038575381 ], [ 7633439.374285758472979, 1245805.088571465574205 ], [ 7633436.191428606398404, 1245815.805714318994433 ], [ 7633434.45428575668484, 1245821.634285749634728 ], [ 7633432.437142903916538, 1245828.448571459390223 ], [ 7633429.148571470752358, 1245835.945714320987463 ], [ 7633424.208571470342577, 1245841.894285747315735 ], [ 7633419.16285718139261, 1245844.622857174370438 ], [ 7633405.060000038705766, 1245845.737142889294773 ], [ 7633394.651428611017764, 1245841.582857180153951 ], [ 7633387.334285762161016, 1245834.108571466058493 ], [ 7633384.791428608819842, 1245824.882857179269195 ], [ 7633385.222857186570764, 1245809.128571461886168 ], [ 7633394.920000039972365, 1245733.651428605429828 ], [ 7633399.865714323706925, 1245727.71714289393276 ], [ 7633401.174285750836134, 1245709.031428604386747 ], [ 7633410.960000036284328, 1245626.1714286073111 ], [ 7633414.860000045970082, 1245598.734285747399554 ], [ 7633422.288571466691792, 1245541.648571462137625 ], [ 7633417.891428615897894, 1245535.040000031236559 ], [ 7633422.714285754598677, 1245486.708571465453133 ], [ 7633425.62571432814002, 1245487.571428607217968 ], [ 7633427.228571466170251, 1245467.928571461001411 ], [ 7633430.445714324712753, 1245467.822857172461227 ], [ 7633435.260000045411289, 1245419.4914286066778 ], [ 7633431.360000044107437, 1245418.322857172926888 ], [ 7633437.460000038146973, 1245408.494285749970004 ], [ 7633435.411428613588214, 1245404.70857146079652 ], [ 7633437.437142898328602, 1245397.897142892703414 ], [ 7633438.771428614854813, 1245389.822857175488025 ], [ 7633438.842857182025909, 1245382.4314286026638 ], [ 7633439.608571467921138, 1245376.302857178263366 ], [ 7633439.102857187390327, 1245370.860000032000244 ], [ 7633440.445714328438044, 1245362.785714322701097 ], [ 7633441.497142899781466, 1245355.685714318882674 ], [ 7633442.431428609415889, 1245345.382857179734856 ], [ 7633444.174285757355392, 1245339.534285743487999 ], [ 7633445.220000046305358, 1245332.43142860615626 ], [ 7633447.131428617984056, 1245322.408571462612599 ], [ 7633449.44285718165338, 1245314.634285747073591 ], [ 7633450.217142898589373, 1245308.49714289046824 ], [ 7633451.840000042691827, 1245299.448571460321546 ], [ 7633453.568571467883885, 1245293.617142888251692 ], [ 7633455.594285752624273, 1245286.805714319925755 ], [ 7633457.325714327394962, 1245280.965714323334396 ], [ 7633459.351428612135351, 1245274.154285747557878 ], [ 7633461.551428618840873, 1245263.157142890850082 ], [ 7633462.314285755157471, 1245257.028571466449648 ], [ 7633464.042857187800109, 1245251.200000036042184 ], [ 7633465.668571474030614, 1245242.140000032261014 ], [ 7633469.5342857548967, 1245232.694285744335502 ], [ 7633470.582857185043395, 1245225.605714321602136 ], [ 7633472.214285753667355, 1245216.557142891455442 ], [ 7633474.52857147436589, 1245208.771428602281958 ], [ 7633470.231428613886237, 1245205.380000029457733 ], [ 7633490.765714324079454, 1245107.700000031851232 ], [ 7633520.014285758137703, 1244962.831428605597466 ], [ 7633522.794285754673183, 1244949.900000029942021 ], [ 7633523.660000038333237, 1244946.980000031646341 ], [ 7633523.765714326873422, 1244946.622857177630067 ], [ 7633525.965714326128364, 1244939.19142860872671 ], [ 7633646.080000040121377, 1244367.005714322905988 ], [ 7633557.448571464978158, 1244348.111428605392575 ], [ 7633439.257142904214561, 1244910.265714323380962 ], [ 7633383.020000037737191, 1244899.922857172787189 ], [ 7633348.49428575579077, 1244894.694285744801164 ], [ 7633346.545714328996837, 1244894.400000034365803 ], [ 7633286.705714328214526, 1244881.920000035082921 ], [ 7633287.188571468926966, 1244876.768571465509012 ], [ 7633287.237142897211015, 1244876.548571464139968 ], [ 7633361.711428610607982, 1244518.731428603874519 ], [ 7633402.917142898775637, 1244308.591428603976965 ], [ 7633405.414285758510232, 1244296.614285751245916 ], [ 7633481.337142900563776, 1243951.700000036507845 ], [ 7633478.394285755231977, 1243940.228571463841945 ], [ 7633457.374285754747689, 1243936.120000033639371 ], [ 7633462.651428611017764, 1243911.208571463590488 ], [ 7633454.86571432929486, 1243908.891428601928055 ], [ 7633447.977142903022468, 1243914.262857172871009 ], [ 7633444.768571469001472, 1243914.371428602840751 ], [ 7633437.671428615227342, 1243913.31714288983494 ], [ 7633431.83142861071974, 1243911.574285749811679 ], [ 7633429.485714326612651, 1243908.774285747203976 ], [ 7633418.597142899408937, 1243909.771428600186482 ], [ 7633421.07142861187458, 1243926.391428600996733 ], [ 7633405.214285754598677, 1243922.740000038174912 ], [ 7633396.597142895683646, 1243933.942857173737139 ], [ 7633298.802857184782624, 1244384.622857176465914 ], [ 7633295.305714323185384, 1244385.705714319832623 ], [ 7633211.474285762757063, 1244753.694285749457777 ], [ 7633201.451428610831499, 1244751.771428603911772 ], [ 7633191.47428576182574, 1244799.645714317914099 ], [ 7633100.028571469709277, 1244783.077142894268036 ], [ 7633102.111428614705801, 1244729.700000032316893 ], [ 7633096.280000034719706, 1244727.962857175152749 ], [ 7633094.691428611986339, 1244719.020000033546239 ], [ 7633096.688571466132998, 1244701.61142859980464 ], [ 7633097.917142894119024, 1244690.337142889155075 ], [ 7633103.894285750575364, 1244638.091428606305271 ], [ 7633105.777142900042236, 1244617.482857178896666 ], [ 7633138.080000043846667, 1244622.825714319711551 ], [ 7633167.357142891734838, 1244459.974285746226087 ], [ 7633130.485714325681329, 1244452.205714321229607 ], [ 7633130.845714321359992, 1244443.840000035241246 ], [ 7633140.785714331083, 1244346.185714318417013 ], [ 7633143.268571468070149, 1244328.340000031050295 ], [ 7633145.454285752028227, 1244312.622857175767422 ], [ 7633153.420000039041042, 1244310.760000032139942 ], [ 7633156.888571470044553, 1244299.080000039190054 ], [ 7633153.274285754188895, 1244296.94857146567665 ], [ 7633158.66571432352066, 1244275.251428604591638 ], [ 7633119.577142900787294, 1244239.294285749550909 ], [ 7633147.371428607031703, 1243963.740000032819808 ], [ 7633154.377142895944417, 1243932.988571458496153 ], [ 7633177.922857178375125, 1243907.15714289387688 ], [ 7633232.16285718139261, 1243867.13142860494554 ], [ 7633233.791428608819842, 1243858.082857174566016 ], [ 7633236.137142892926931, 1243847.025714315939695 ], [ 7633239.077142904512584, 1243833.17428574594669 ], [ 7633240.822857186198235, 1243825.260000036330894 ], [ 7633248.282857185229659, 1243791.437142888549715 ], [ 7633186.217142896726727, 1243779.362857179250568 ], [ 7633169.088571466505527, 1243776.397142894100398 ], [ 7633170.140000037848949, 1243769.294285749085248 ], [ 7633151.371428607031703, 1243762.960000038146973 ], [ 7633066.188571465201676, 1243734.205714318435639 ], [ 7633093.894285754300654, 1243562.388571463990957 ], [ 7633078.031428614631295, 1243558.748571459203959 ], [ 7633060.720000045374036, 1243656.328571459278464 ], [ 7633073.362857185304165, 1243660.08571431809105 ], [ 7633059.297142896801233, 1243671.791428607422858 ], [ 7633052.61142860725522, 1243712.171428609173745 ], [ 7633045.648571471683681, 1243724.922857179539278 ], [ 7633044.202857184223831, 1243729.800000036368147 ], [ 7633025.128571476787329, 1243726.245714314747602 ], [ 7633008.591428617015481, 1243721.337142893811688 ], [ 7632996.197142900899053, 1243706.020000029820949 ], [ 7632907.934285752475262, 1243582.38000003201887 ], [ 7632901.177142895758152, 1243574.034285743720829 ], [ 7632940.108571467921138, 1243497.428571465192363 ], [ 7632946.937142900191247, 1243479.765714324777946 ], [ 7632953.708571473136544, 1243458.454285747837275 ], [ 7632968.49714289419353, 1243375.411428603809327 ], [ 7632979.680000046268106, 1243294.125714322552085 ], [ 7632984.662857184186578, 1243282.460000036749989 ], [ 7632986.285714328289032, 1243273.968571464065462 ], [ 7632984.511428609490395, 1243262.708571460563689 ], [ 7633011.145714328624308, 1243096.688571464736015 ], [ 7633027.725714325904846, 1242990.248571464791894 ], [ 7633037.814285754226148, 1242925.757142891641706 ], [ 7633040.425714327022433, 1242910.122857177630067 ], [ 7633064.500000043772161, 1242773.234285745769739 ], [ 7633062.765714328736067, 1242748.485714316833764 ], [ 7633064.780000039376318, 1242732.342857181094587 ], [ 7633072.014285761862993, 1242691.931428600335494 ], [ 7633072.094285754486918, 1242691.482857172843069 ], [ 7633073.53714289329946, 1242683.425714320037514 ], [ 7633081.571428613737226, 1242638.542857179883868 ], [ 7633090.797142900526524, 1242617.437142889248207 ], [ 7633107.028571475297213, 1242622.414285751758143 ], [ 7633268.134285751730204, 1242667.682857176056132 ], [ 7633264.225714324973524, 1242672.448571461485699 ], [ 7633247.874285753816366, 1242729.720000035129488 ], [ 7633470.551428613252938, 1242792.254285749746487 ], [ 7633475.385714332573116, 1242790.79714288841933 ], [ 7633478.440000042319298, 1242787.688571467995644 ], [ 7633495.022857180796564, 1242731.605714318342507 ], [ 7633506.725714328698814, 1242694.074285747250542 ], [ 7633516.968571465462446, 1242658.185714318417013 ], [ 7633537.291428614407778, 1242584.237142891157418 ], [ 7633558.25142861250788, 1242508.694285750156268 ], [ 7633672.51428575720638, 1242541.031428606482223 ], [ 7633806.348571471869946, 1242579.397142888978124 ], [ 7633824.645714327692986, 1242515.991428608074784 ], [ 7633824.668571474961936, 1242489.520000029355288 ], [ 7633813.454285758547485, 1242463.425714318174869 ], [ 7633741.905714326538146, 1242384.460000032559037 ], [ 7633413.771428612060845, 1242298.757142887683585 ], [ 7633347.625714323483407, 1242280.368571465834975 ], [ 7633340.340000038966537, 1242284.617142889648676 ], [ 7633320.397142891772091, 1242139.422857173718512 ], [ 7633305.43714290484786, 1242025.934285747352988 ], [ 7633221.057142894715071, 1242040.374285746598616 ], [ 7633149.185714330524206, 1242052.911428606137633 ], [ 7633130.745714331045747, 1242056.277142890263349 ], [ 7633117.374285759404302, 1241957.208571465220302 ], [ 7633098.740000040270388, 1241868.825714321574196 ], [ 7633078.29428575374186, 1241773.737142890691757 ], [ 7633060.94000003952533, 1241686.551428603474051 ], [ 7633045.517142902128398, 1241613.988571462221444 ], [ 7633034.651428607292473, 1241558.725714317057282 ], [ 7633032.365714324638247, 1241547.088571461616084 ], [ 7633031.054285755380988, 1241540.417142887134105 ], [ 7633027.354285757057369, 1241522.934285752475262 ], [ 7633035.217142896726727, 1241509.980000037001446 ], [ 7633196.008571464568377, 1241484.102857178077102 ], [ 7633240.065714333206415, 1241474.880000032950193 ], [ 7633251.671428617089987, 1241475.145714321173728 ], [ 7633575.000000041909516, 1241345.125714318128303 ], [ 7633576.122857181355357, 1241344.785714320838451 ], [ 7633589.094285752624273, 1241342.917142894119024 ], [ 7633591.234285758808255, 1241348.385714321397245 ], [ 7633595.908571470528841, 1241354.020000031683594 ], [ 7633604.022857183590531, 1241365.96285717911087 ], [ 7633610.945714322850108, 1241371.191428606864065 ], [ 7633611.654285755939782, 1241383.051428605336696 ], [ 7633614.102857187390327, 1241389.071428607450798 ], [ 7633610.71428575553, 1241393.362857176689431 ], [ 7633609.951428611762822, 1241399.491428608540446 ], [ 7633613.371428607031703, 1241405.808571462752298 ], [ 7633617.088571470230818, 1241411.145714320708066 ], [ 7633621.877142895013094, 1241419.977142890915275 ], [ 7633620.037142898887396, 1241422.60857146140188 ], [ 7633609.03428575117141, 1241420.40000002970919 ], [ 7633603.194285755045712, 1241418.671428604517132 ], [ 7633597.357142891734838, 1241416.942857179790735 ], [ 7633590.260000045411289, 1241415.888571466552094 ], [ 7633584.411428616382182, 1241414.157142892479897 ], [ 7633572.560000042431056, 1241414.871428607963026 ], [ 7633565.842857182025909, 1241416.060000032186508 ], [ 7633559.142857184633613, 1241417.240000039339066 ], [ 7633554.100000037811697, 1241419.982857173774391 ], [ 7633545.840000039897859, 1241422.822857172228396 ], [ 7633538.834285758435726, 1241424.982857175637037 ], [ 7633529.320000036619604, 1241428.508571459678933 ], [ 7633525.828571465797722, 1241429.594285752158612 ], [ 7633518.822857185266912, 1241431.745714315678924 ], [ 7633512.805714325048029, 1241434.200000029988587 ], [ 7633504.260000040754676, 1241438.011428608093411 ], [ 7633491.23714289907366, 1241442.625714318128303 ], [ 7633485.511428607627749, 1241444.097142886836082 ], [ 7633478.520000041462481, 1241446.2628571735695 ], [ 7633472.488571474328637, 1241448.70285718049854 ], [ 7633462.965714327991009, 1241452.237142888829112 ], [ 7633454.425714327022433, 1241456.051428608130664 ], [ 7633446.45428575668484, 1241457.914285751758143 ], [ 7633438.202857183292508, 1241460.765714323613793 ], [ 7633428.968571472913027, 1241463.317142894491553 ], [ 7633422.942857179790735, 1241465.768571459688246 ], [ 7633416.920000036247075, 1241468.222857173765078 ], [ 7633407.69428575783968, 1241470.774285752093419 ], [ 7633400.4057143246755, 1241473.911428602878004 ], [ 7633393.411428617313504, 1241476.065714315511286 ], [ 7633383.597142901271582, 1241480.574285752605647 ], [ 7633370.874285761266947, 1241484.208571466617286 ], [ 7633357.277142898179591, 1241490.760000037262216 ], [ 7633354.354285757988691, 1241489.894285746384412 ], [ 7633346.382857180200517, 1241491.76000003144145 ], [ 7633341.340000040829182, 1241494.502857181243598 ], [ 7633345.660000040195882, 1241508.491428603883833 ], [ 7633351.674285751767457, 1241506.045714321546257 ], [ 7633359.937142898328602, 1241503.197142891120166 ], [ 7633364.008571466431022, 1241500.17714289505966 ], [ 7633373.534285753965378, 1241496.642857179045677 ], [ 7633384.028571472503245, 1241493.408571464475244 ], [ 7633394.228571464307606, 1241491.145714321406558 ], [ 7633401.520000039599836, 1241487.997142889536917 ], [ 7633408.79428575001657, 1241484.868571463506669 ], [ 7633413.851428612135351, 1241482.140000036451966 ], [ 7633420.451428610831499, 1241477.740000037010759 ], [ 7633428.414285756647587, 1241475.87428574427031 ], [ 7633435.131428617984056, 1241474.685714320279658 ], [ 7633444.645714323967695, 1241471.160000036237761 ], [ 7633451.934285750612617, 1241468.022857178002596 ], [ 7633460.188571465201676, 1241465.171428605914116 ], [ 7633472.920000037178397, 1241461.537142891902477 ], [ 7633480.20285718049854, 1241458.411428607534617 ], [ 7633486.220000040717423, 1241455.957142893224955 ], [ 7633499.242857182398438, 1241451.351428607478738 ], [ 7633504.968571465462446, 1241449.882857180200517 ], [ 7633524.005714326165617, 1241442.822857172228396 ], [ 7633531.008571465499699, 1241440.671428608708084 ], [ 7633542.474285755306482, 1241437.711428606649861 ], [ 7633548.208571471273899, 1241436.242857179138809 ], [ 7633558.597142901271582, 1241429.788571464829147 ], [ 7633572.402857184410095, 1241429.640000031096861 ], [ 7633580.080000043846667, 1241428.760000032838434 ], [ 7633588.157142901793122, 1241430.091428607702255 ], [ 7633593.028571468777955, 1241431.534285746514797 ], [ 7633599.151428609155118, 1241432.300000031944364 ], [ 7633608.497142899781466, 1241432.948571462649852 ], [ 7633616.680000046268106, 1241437.500000037252903 ], [ 7633622.517142902128398, 1241439.231428603641689 ], [ 7633628.354285757057369, 1241440.960000036284328 ], [ 7633637.114285751245916, 1241443.562857176642865 ], [ 7633641.117142900824547, 1241447.937142887385562 ], [ 7633646.382857182994485, 1241451.602857172954828 ], [ 7633650.082857182249427, 1241456.945714321453124 ], [ 7633655.345714323222637, 1241460.622857172973454 ], [ 7633663.814285756088793, 1241464.202857175841928 ], [ 7633670.737142896279693, 1241469.428571462165564 ], [ 7633675.425714330747724, 1241475.065714321564883 ], [ 7633682.745714328251779, 1241482.528571462025866 ], [ 7633688.97428575810045, 1241486.491428607609123 ], [ 7633694.42000003810972, 1241485.997142893262208 ], [ 7633701.628571472130716, 1241490.248571466654539 ], [ 7633708.142857188358903, 1241493.248571464559063 ], [ 7633720.228571470826864, 1241498.95714289159514 ], [ 7633730.060000043362379, 1241505.045714319683611 ], [ 7633737.557142896577716, 1241508.325714321341366 ], [ 7633742.928571468219161, 1241515.21142860641703 ], [ 7633748.19428575783968, 1241518.900000031571835 ], [ 7633753.45714289881289, 1241522.577142890542746 ], [ 7633759.002857184968889, 1241525.291428610216826 ], [ 7633764.265714325942099, 1241528.965714320074767 ], [ 7633771.188571466132998, 1241534.194285748060793 ], [ 7633776.165714320726693, 1241538.857142894063145 ], [ 7633782.397142891772091, 1241542.831428605597466 ], [ 7633788.922857181169093, 1241545.822857171297073 ], [ 7633794.17714289855212, 1241549.497142889071256 ], [ 7633802.465714326128364, 1241557.260000038892031 ], [ 7633810.074285751208663, 1241563.748571466188878 ], [ 7633817.102857187390327, 1241572.197142893681303 ], [ 7633822.077142900787294, 1241576.84571431693621 ], [ 7633826.754285753704607, 1241582.468571461271495 ], [ 7633831.548571469262242, 1241591.300000031478703 ], [ 7633838.180000048130751, 1241597.500000030966476 ], [ 7633844.117142900824547, 1241602.448571463348344 ], [ 7633849.780000041238964, 1241608.374285742640495 ], [ 7633854.862857184372842, 1241616.234285748563707 ], [ 7633859.837142897769809, 1241620.882857179734856 ], [ 7633863.251428609713912, 1241627.188571467995644 ], [ 7633871.542857186868787, 1241634.951428609900177 ], [ 7633878.857142893597484, 1241642.425714324228466 ], [ 7633884.228571465238929, 1241649.31142860930413 ], [ 7633885.705714331939816, 1241655.03142860205844 ], [ 7633886.791428608819842, 1241657.565714316442609 ], [ 7633888.834285758435726, 1241662.325714318780228 ], [ 7633891.291428613476455, 1241668.348571462091058 ], [ 7633892.320000038482249, 1241674.200000032316893 ], [ 7633892.468571471981704, 1241675.051428608130664 ], [ 7633894.631428617052734, 1241682.057142889127135 ], [ 7633898.442857187241316, 1241690.6000000317581 ], [ 7633901.182857187464833, 1241695.637142888270319 ], [ 7633907.525714330375195, 1241702.820000033359975 ], [ 7633912.217142891138792, 1241708.448571460321546 ], [ 7633921.754285752773285, 1241715.5200000340119 ], [ 7633924.500000043772161, 1241720.568571464158595 ], [ 7633928.205714333802462, 1241725.914285746403039 ], [ 7633934.440000046044588, 1241729.880000033415854 ], [ 7633937.871428607031703, 1241736.191428604535758 ], [ 7633945.182857188396156, 1241743.651428603800014 ], [ 7633950.837142896838486, 1241749.574285749346018 ], [ 7633955.234285754151642, 1241756.171428606845438 ], [ 7633960.494285753928125, 1241759.848571458132938 ], [ 7633972.200000043027103, 1241773.917142888531089 ], [ 7633976.491428612731397, 1241777.317142893560231 ], [ 7633979.231428612954915, 1241782.354285750072449 ], [ 7633984.597142901271582, 1241789.251428601099178 ], [ 7633989.960000040009618, 1241796.134285744745284 ], [ 7633995.337142901495099, 1241803.022857179166749 ], [ 7634001.391428609378636, 1241811.182857178850099 ], [ 7634007.734285759739578, 1241818.357142891734838 ], [ 7634015.437142899259925, 1241828.051428603706881 ], [ 7634020.125714326277375, 1241833.688571462873369 ], [ 7634028.122857185080647, 1241842.411428603343666 ], [ 7634035.440000041387975, 1241849.874285743804649 ], [ 7634040.800000038929284, 1241856.76857146108523 ], [ 7634046.171428609639406, 1241863.654285746160895 ], [ 7634049.885714331641793, 1241869.002857177983969 ], [ 7634057.888571472838521, 1241877.728571467101574 ], [ 7634065.302857185713947, 1241888.397142892237753 ], [ 7634070.280000040307641, 1241893.060000030789524 ], [ 7634081.088571466505527, 1241899.44000003580004 ], [ 7634083.542857188731432, 1241905.471428603632376 ], [ 7634085.882857182063162, 1241908.271428606007248 ], [ 7634091.825714325532317, 1241913.222857179585844 ], [ 7634096.900000045076013, 1241921.080000036628917 ], [ 7634099.640000037848949, 1241926.140000032726675 ], [ 7634105.302857185713947, 1241932.040000031236559 ], [ 7634110.957142894156277, 1241937.962857176549733 ], [ 7634113.122857180424035, 1241944.960000033257529 ], [ 7634117.797142899595201, 1241950.591428601881489 ], [ 7634123.45714289881289, 1241956.505714322905988 ], [ 7634127.454285757616162, 1241960.865714318584651 ], [ 7634132.542857183143497, 1241968.728571466170251 ], [ 7634140.825714328326285, 1241976.488571458961815 ], [ 7634143.957142896018922, 1241983.771428601816297 ], [ 7634151.565714328549802, 1241990.260000037029386 ], [ 7634166.300000038929284, 1242008.405714317923412 ], [ 7634172.637142898514867, 1242015.577142889378592 ], [ 7634177.317142893560231, 1242021.21428574854508 ], [ 7634181.322857184335589, 1242025.577142893336713 ], [ 7634185.320000035688281, 1242029.937142888782546 ], [ 7634192.640000040642917, 1242037.402857178589329 ], [ 7634199.268571469932795, 1242043.614285751711577 ], [ 7634203.262857186608016, 1242047.985714321024716 ], [ 7634208.245714331977069, 1242052.628571461420506 ], [ 7634217.60285718832165, 1242063.885714315576479 ], [ 7634225.320000035688281, 1242073.582857176661491 ], [ 7634228.051428619772196, 1242078.640000031329691 ], [ 7634237.137142896652222, 1242090.865714315790683 ], [ 7634252.348571471869946, 1242103.854285744251683 ], [ 7634257.42000004183501, 1242111.711428608745337 ], [ 7634261.128571472130716, 1242117.060000032652169 ], [ 7634267.474285756237805, 1242124.222857179585844 ], [ 7634274.500000043772161, 1242132.6714286073111 ], [ 7634278.491428610868752, 1242137.031428602756932 ], [ 7634285.805714325979352, 1242144.505714316852391 ], [ 7634293.12285718228668, 1242151.968571465462446 ], [ 7634296.834285762161016, 1242157.302857174072415 ], [ 7634304.834285762161016, 1242166.040000029373914 ], [ 7634308.840000044554472, 1242170.402857174165547 ], [ 7634314.49714289419353, 1242176.317142895190045 ], [ 7634317.231428619474173, 1242181.362857175990939 ], [ 7634320.934285752475262, 1242186.697142892517149 ], [ 7634323.677142893895507, 1242191.745714315213263 ], [ 7634330.305714323185384, 1242197.957142888335511 ], [ 7634333.042857182212174, 1242203.002857177052647 ], [ 7634335.100000038743019, 1242206.791428607655689 ], [ 7634341.154285761527717, 1242214.940000033937395 ], [ 7634344.851428611204028, 1242220.28285717475228 ], [ 7634348.280000038444996, 1242226.594285745872185 ], [ 7634353.362857181578875, 1242234.454285752028227 ], [ 7634356.494285757653415, 1242241.737142887199298 ], [ 7634363.014285756275058, 1242244.740000034682453 ], [ 7634364.891428614966571, 1242252.708571462891996 ], [ 7634378.285714325495064, 1242278.920000036247075 ], [ 7634385.600000040605664, 1242286.394285750575364 ], [ 7634385.811428617686033, 1242292.808571461122483 ], [ 7634394.600000042468309, 1242306.005714317550883 ], [ 7634401.917142898775637, 1242313.468571458011866 ], [ 7634407.968571471981704, 1242321.628571465611458 ], [ 7634408.757142904214561, 1242326.097142891027033 ], [ 7634412.465714327991009, 1242331.434285749215633 ], [ 7634418.340000044554472, 1242343.765714322216809 ], [ 7634424.968571466393769, 1242349.977142895571887 ], [ 7634427.602857186459005, 1242351.817142891930416 ], [ 7634435.122857186943293, 1242365.694285743171349 ], [ 7634440.597142897546291, 1242375.800000035669655 ], [ 7634444.60285718832165, 1242380.165714321658015 ], [ 7634447.048571470193565, 1242386.185714316088706 ], [ 7634453.102857185527682, 1242394.334285749820992 ], [ 7634458.182857187464833, 1242402.194285748293623 ], [ 7634463.942857183516026, 1242411.314285746309906 ], [ 7634466.394285756163299, 1242417.348571463255212 ], [ 7634469.417142901569605, 1242421.420000038575381 ], [ 7634476.95142861828208, 1242435.302857172675431 ], [ 7634483.182857189327478, 1242439.280000033322722 ], [ 7634487.288571470417082, 1242446.851428603986278 ], [ 7634491.677142895758152, 1242453.434285746421665 ], [ 7634495.391428609378636, 1242458.782857177779078 ], [ 7634499.100000040605664, 1242464.120000035734847 ], [ 7634502.62571432441473, 1242473.648571465164423 ], [ 7634506.054285759106278, 1242479.960000036284328 ], [ 7634510.451428617350757, 1242486.545714320149273 ], [ 7634514.837142901495099, 1242493.154285751050338 ], [ 7634516.894285750575364, 1242496.940000032540411 ], [ 7634523.234285759739578, 1242504.125714319059625 ], [ 7634526.657142903655767, 1242510.422857175115496 ], [ 7634531.737142898142338, 1242518.282857173588127 ], [ 7634531.265714323148131, 1242523.451428607339039 ], [ 7634533.325714329257607, 1242527.228571464307606 ], [ 7634536.445714322850108, 1242534.517142890486866 ], [ 7634541.705714330077171, 1242538.194285749457777 ], [ 7634547.36285718716681, 1242544.108571462798864 ], [ 7634552.340000042691827, 1242548.771428601350635 ], [ 7634557.997142899781466, 1242554.685714322375134 ], [ 7634564.922857181169093, 1242559.914285750128329 ], [ 7634571.442857187241316, 1242562.917142889928073 ], [ 7634575.62000004388392, 1242563.097142887534574 ], [ 7634582.828571470454335, 1242567.351428602356464 ], [ 7634586.542857184074819, 1242569.168571459129453 ], [ 7634588.382857180200517, 1242570.068571463227272 ], [ 7634596.5857143253088, 1242573.940000035334378 ], [ 7634600.451428614556789, 1242575.762857174966484 ], [ 7634606.000000041909516, 1242578.465714321006089 ], [ 7634613.217142892070115, 1242582.722857177257538 ], [ 7634616.245714328251779, 1242586.80857145995833 ], [ 7634620.631428612396121, 1242593.40571431745775 ], [ 7634621.14000004157424, 1242598.840000031748787 ], [ 7634619.405714325606823, 1242604.691428601741791 ], [ 7634619.608571470715106, 1242611.105714320205152 ], [ 7634620.222857188433409, 1242619.760000034002587 ], [ 7634620.731428617611527, 1242625.194285748526454 ], [ 7634621.434285752475262, 1242637.06571432040073 ], [ 7634622.625714325346053, 1242643.774285749299452 ], [ 7634621.868571464903653, 1242649.902857173699886 ], [ 7634622.465714326128364, 1242658.554285746067762 ], [ 7634622.971428613178432, 1242664.000000033993274 ], [ 7634624.162857179529965, 1242670.705714321462438 ], [ 7634623.720000042580068, 1242686.44857146544382 ], [ 7634625.69428575783968, 1242697.637142885942012 ], [ 7634626.408571465872228, 1242709.497142891865224 ], [ 7634627.302857186645269, 1242717.177142892498523 ], [ 7634628.49428575206548, 1242723.885714321397245 ], [ 7634629.685714324936271, 1242730.591428601182997 ], [ 7634629.597142901271582, 1242737.980000032810494 ], [ 7634629.525714333169162, 1242745.371428605634719 ], [ 7634631.497142899781466, 1242756.545714318752289 ], [ 7634632.400000045076013, 1242764.228571460815147 ], [ 7634633.800000037997961, 1242777.351428607944399 ], [ 7634634.694285759702325, 1242785.031428608577698 ], [ 7634634.622857184149325, 1242792.422857173718512 ], [ 7634633.865714322775602, 1242798.554285747464746 ], [ 7634633.308571473695338, 1242811.097142889630049 ], [ 7634634.320000041276217, 1242821.988571458030492 ], [ 7634633.654285761527717, 1242831.322857174556702 ], [ 7634633.980000044219196, 1242840.951428609434515 ], [ 7634633.611428608186543, 1242849.314285746309906 ], [ 7634632.271428616717458, 1242857.388571463292465 ], [ 7634631.514285756275058, 1242863.520000036805868 ], [ 7634631.040000047534704, 1242868.662857181858271 ], [ 7634631.25428575091064, 1242875.091428607469425 ], [ 7634631.57142860814929, 1242884.717142893001437 ], [ 7634631.094285758212209, 1242889.871428604237735 ], [ 7634631.60285718832165, 1242895.305714318528771 ], [ 7634631.131428613327444, 1242900.474285744596273 ], [ 7634630.482857182621956, 1242909.8142857439816 ], [ 7634630.397142891772091, 1242917.200000033946708 ], [ 7634630.0342857548967, 1242925.565714320167899 ], [ 7634628.405714327469468, 1242934.614285750314593 ], [ 7634628.045714324340224, 1242942.980000036535785 ], [ 7634627.094285758212209, 1242953.277142892591655 ], [ 7634627.997142896056175, 1242960.960000034887344 ], [ 7634627.637142892926931, 1242969.325714320875704 ], [ 7634626.571428614668548, 1242976.434285749215633 ], [ 7634625.925714332610369, 1242985.762857174966484 ], [ 7634625.457142899744213, 1242990.920000035315752 ], [ 7634624.988571474328637, 1242996.077142887748778 ], [ 7634624.042857183143497, 1243006.385714317439124 ], [ 7634623.568571474403143, 1243011.540000036126003 ], [ 7634624.074285754933953, 1243016.985714316368103 ], [ 7634623.597142897546291, 1243022.140000035054982 ], [ 7634621.974285760894418, 1243031.191428606864065 ], [ 7634621.037142894230783, 1243041.502857177983969 ], [ 7634620.551428619772196, 1243046.654285747557878 ], [ 7634621.922857183031738, 1243049.18000003718771 ], [ 7634620.805714326910675, 1243063.677142889006063 ], [ 7634620.328571469523013, 1243068.828571458579972 ], [ 7634619.385714327916503, 1243079.128571463748813 ], [ 7634618.620000042021275, 1243085.268571461783722 ], [ 7634618.148571467958391, 1243090.425714321900159 ], [ 7634617.682857183739543, 1243095.571428600698709 ], [ 7634616.922857181169093, 1243101.71142860641703 ], [ 7634616.948571469634771, 1243112.297142890281975 ], [ 7634616.477142903022468, 1243117.465714324032888 ], [ 7634615.825714331120253, 1243126.802857174305245 ], [ 7634613.62285718228668, 1243137.788571465061978 ], [ 7634614.117142903618515, 1243143.242857177276164 ], [ 7634613.174285754561424, 1243153.542857174994424 ], [ 7634611.660000040195882, 1243165.800000031245872 ], [ 7634610.417142897844315, 1243177.082857174333185 ], [ 7634609.948571464046836, 1243182.240000034216791 ], [ 7634607.34571432415396, 1243191.000000036787242 ], [ 7634608.822857183404267, 1243196.734285752521828 ], [ 7634608.751428615301847, 1243204.125714317895472 ], [ 7634606.442857186309993, 1243211.914285748498514 ], [ 7634605.674285751767457, 1243218.028571465285495 ], [ 7634606.177142897620797, 1243223.482857177732512 ], [ 7634605.711428613401949, 1243228.628571464214474 ], [ 7634606.031428613699973, 1243238.268571465043351 ], [ 7634605.36857146769762, 1243247.60285717388615 ], [ 7634604.902857183478773, 1243252.748571460368112 ], [ 7634604.937142903916538, 1243263.348571459297091 ], [ 7634604.274285757914186, 1243272.68571431748569 ], [ 7634603.805714325048029, 1243277.840000036172569 ], [ 7634603.334285757504404, 1243283.00857146224007 ], [ 7634602.391428615897894, 1243293.308571459725499 ], [ 7634601.922857183031738, 1243298.462857178412378 ], [ 7634601.454285757616162, 1243303.620000030845404 ], [ 7634601.580000043846667, 1243317.437142888084054 ], [ 7634601.220000040717423, 1243325.802857174072415 ], [ 7634600.160000044852495, 1243332.891428604256362 ], [ 7634601.168571471236646, 1243343.791428604628891 ], [ 7634599.151428611017764, 1243350.594285748433322 ], [ 7634597.051428616978228, 1243364.800000031013042 ], [ 7634598.522857185453176, 1243370.531428605318069 ], [ 7634599.317142893560231, 1243375.002857179846615 ], [ 7634598.848571475595236, 1243380.160000032512471 ], [ 7634598.182857188396156, 1243389.494285748805851 ], [ 7634597.534285757690668, 1243398.834285748424008 ], [ 7634596.697142897173762, 1243412.354285745648667 ], [ 7634596.040000041015446, 1243421.688571461942047 ], [ 7634595.382857178337872, 1243431.025714320130646 ], [ 7634594.557142899371684, 1243444.537142892833799 ], [ 7634595.042857188731432, 1243449.988571463618428 ], [ 7634594.21714289393276, 1243463.50000003632158 ], [ 7634593.854285757057369, 1243471.865714322775602 ], [ 7634589.808571469970047, 1243485.491428608307615 ], [ 7634586.922857177443802, 1243495.22857146570459 ], [ 7634585.182857186533511, 1243501.06571432063356 ], [ 7634579.477142901159823, 1243513.142857179045677 ], [ 7634579.008571467362344, 1243518.300000031478703 ], [ 7634578.820000037550926, 1243522.480000037001446 ], [ 7634573.98857147525996, 1243531.625714323483407 ], [ 7634572.254285751841962, 1243537.480000035371631 ], [ 7634569.840000041760504, 1243542.045714317122474 ], [ 7634565.217142892070115, 1243557.620000036899 ], [ 7634561.637142896652222, 1243566.091428603976965 ], [ 7634559.220000044442713, 1243570.671428608708084 ], [ 7634554.671428611502051, 1243578.842857182025909 ], [ 7634552.254285751841962, 1243583.420000037644058 ], [ 7634546.734285755082965, 1243591.317142890766263 ], [ 7634540.342857183888555, 1243602.1285714590922 ], [ 7634536.374285755679011, 1243608.368571462575346 ], [ 7634532.111428608186543, 1243615.574285747017711 ], [ 7634526.891428613103926, 1243622.488571462221444 ], [ 7634522.628571473993361, 1243629.697142888326198 ], [ 7634517.685714324004948, 1243635.645714322570711 ], [ 7634513.422857177443802, 1243642.854285748675466 ], [ 7634506.537142892368138, 1243648.214285753667355 ], [ 7634503.542857185006142, 1243654.740000035846606 ], [ 7634498.594285760074854, 1243660.688571462407708 ], [ 7634491.425714330747724, 1243667.022857180796564 ], [ 7634485.900000042282045, 1243674.917142892256379 ], [ 7634479.4057143246755, 1243682.522857176139951 ], [ 7634470.688571467064321, 1243690.517142893280834 ], [ 7634460.971428608521819, 1243698.228571465471759 ], [ 7634455.642857190221548, 1243701.931428605690598 ], [ 7634450.980000044219196, 1243706.91714289248921 ], [ 7634443.520000036805868, 1243714.237142889993265 ], [ 7634438.862857189960778, 1243719.200000029755756 ], [ 7634433.531428614631295, 1243722.914285751059651 ], [ 7634428.762857187539339, 1243724.677142889238894 ], [ 7634424.411428616382182, 1243728.671428606379777 ], [ 7634418.777142899110913, 1243733.354285750538111 ], [ 7634413.734285759739578, 1243736.097142892424017 ], [ 7634408.785714327357709, 1243742.042857177555561 ], [ 7634402.474285756237805, 1243745.457142889965326 ], [ 7634397.714285753667355, 1243747.222857177257538 ], [ 7634390.43714290112257, 1243750.360000035492703 ], [ 7634381.991428615525365, 1243757.37714289012365 ], [ 7634378.022857178933918, 1243763.614285752177238 ], [ 7634370.55142861418426, 1243770.931428600568324 ], [ 7634366.585714327171445, 1243777.157142888754606 ], [ 7634361.940000045113266, 1243782.134285751264542 ], [ 7634358.254285753704607, 1243787.397142892237753 ], [ 7634352.128571471199393, 1243786.640000031329691 ], [ 7634348.731428615748882, 1243790.928571459138766 ], [ 7634347.580000045709312, 1243794.811428604647517 ], [ 7634341.765714322216809, 1243803.677142895758152 ], [ 7634339.005714324302971, 1243807.005714317783713 ], [ 7634336.831428613513708, 1243809.628571463748813 ], [ 7634331.017142897471786, 1243818.497142888605595 ], [ 7634329.554285760968924, 1243820.342857175739482 ], [ 7634327.620000042021275, 1243822.782857174985111 ], [ 7634322.977142901159823, 1243827.751428605057299 ], [ 7634319.480000039562583, 1243828.83142860699445 ], [ 7634315.108571470715106, 1243832.83142860699445 ], [ 7634307.640000039711595, 1243840.148571463068947 ], [ 7634298.91714289970696, 1243848.142857172526419 ], [ 7634295.23714289907366, 1243853.405714321183041 ], [ 7634287.771428616717458, 1243860.725714318687096 ], [ 7634282.245714329183102, 1243868.617142888717353 ], [ 7634276.334285756573081, 1243874.265714321751148 ], [ 7634271.680000043474138, 1243879.242857176344842 ], [ 7634267.031428611837327, 1243884.205714316107333 ], [ 7634263.628571473062038, 1243888.505714317318052 ], [ 7634259.565714329481125, 1243891.525714321294799 ], [ 7634254.508571467362344, 1243894.262857172638178 ], [ 7634249.854285753332078, 1243899.237142893485725 ], [ 7634244.520000037737191, 1243902.940000033937395 ], [ 7634239.580000044777989, 1243908.888571460265666 ], [ 7634232.114285754971206, 1243916.205714316340163 ], [ 7634224.357142896391451, 1243924.500000034924597 ], [ 7634215.73428575322032, 1243935.700000036507845 ], [ 7634209.820000040344894, 1243941.360000035259873 ], [ 7634200.688571468926966, 1243947.114285748917609 ], [ 7634191.960000038146973, 1243955.117142890579998 ], [ 7634187.028571469709277, 1243961.06857146625407 ], [ 7634183.448571466840804, 1243969.540000033099204 ], [ 7634172.300000042654574, 1243982.108571464428678 ], [ 7634167.071428614668548, 1243989.031428604153916 ], [ 7634160.860000041313469, 1243995.662857182323933 ], [ 7634155.640000037848949, 1244002.574285748647526 ], [ 7634147.771428615786135, 1244007.657142892014235 ], [ 7634143.905714326538146, 1244017.100000038277358 ], [ 7634141.102857190184295, 1244019.434285748982802 ], [ 7634134.494285751134157, 1244023.83142860699445 ], [ 7634122.488571476191282, 1244039.322857177816331 ], [ 7634117.540000043809414, 1244045.268571462947875 ], [ 7634110.471428611315787, 1244054.822857173159719 ], [ 7634107.765714324079454, 1244060.377142891054973 ], [ 7634105.345714323222637, 1244064.942857172805816 ], [ 7634096.220000042580068, 1244070.711428601760417 ], [ 7634093.802857182919979, 1244075.288571464829147 ], [ 7634088.854285757988691, 1244081.234285749960691 ], [ 7634079.080000046640635, 1244096.342857178300619 ], [ 7634075.505714326165617, 1244104.802857179194689 ], [ 7634075.03714289329946, 1244109.957142890430987 ], [ 7634071.360000042244792, 1244115.222857180517167 ], [ 7634068.148571467027068, 1244115.331428602803499 ], [ 7634063.788571471348405, 1244119.320000037085265 ], [ 7634057.974285755306482, 1244128.188571461709216 ], [ 7634053.134285753592849, 1244137.342857180628926 ], [ 7634048.885714329779148, 1244144.557142889592797 ], [ 7634044.911428618244827, 1244150.791428609983996 ], [ 7634040.937142899259925, 1244157.028571464121342 ], [ 7634037.945714325644076, 1244163.542857180349529 ], [ 7634033.971428614109755, 1244169.777142893057317 ], [ 7634031.662857184186578, 1244177.565714316209778 ], [ 7634027.697142897173762, 1244183.802857178263366 ], [ 7634023.442857182584703, 1244191.014285745564848 ], [ 7634018.714285751804709, 1244203.368571465834975 ], [ 7634014.448571464046836, 1244210.577142891939729 ], [ 7634012.142857182770967, 1244218.365714322775602 ], [ 7634009.825714329257607, 1244226.151428604032844 ], [ 7634004.697142899036407, 1244236.280000036116689 ], [ 7634001.708571474999189, 1244242.794285744428635 ], [ 7633996.582857185974717, 1244252.937142891809344 ], [ 7633992.142857182770967, 1244264.317142890999094 ], [ 7633988.097142896614969, 1244277.942857176763937 ], [ 7633985.211428611539304, 1244287.680000033928081 ], [ 7633981.634285757318139, 1244296.148571459576488 ], [ 7633977.374285760335624, 1244303.348571461159736 ], [ 7633974.091428617015481, 1244310.848571463953704 ], [ 7633969.540000042878091, 1244319.028571461793035 ], [ 7633964.034285753034055, 1244326.917142890393734 ], [ 7633959.77142861392349, 1244334.125714324181899 ], [ 7633953.668571470305324, 1244343.965714320773259 ], [ 7633951.74857147410512, 1244353.988571464084089 ], [ 7633945.251428614370525, 1244361.591428606538102 ], [ 7633941.402857181616127, 1244371.031428603921086 ], [ 7633938.800000041723251, 1244379.788571464829147 ], [ 7633936.780000039376318, 1244386.602857174584642 ], [ 7633931.831428607925773, 1244392.551428601145744 ], [ 7633927.571428610011935, 1244399.748571461066604 ], [ 7633923.6057143304497, 1244405.985714323353022 ], [ 7633918.482857183553278, 1244416.117142888950184 ], [ 7633916.377142898738384, 1244430.320000030100346 ], [ 7633912.620000040158629, 1244442.971428610384464 ], [ 7633909.62571432441473, 1244449.497142892330885 ], [ 7633906.337142898701131, 1244456.994285746011883 ], [ 7633902.871428608894348, 1244468.662857180926949 ], [ 7633901.140000035054982, 1244474.505714318947867 ], [ 7633897.465714325197041, 1244479.782857174985111 ], [ 7633892.122857184149325, 1244483.482857173774391 ], [ 7633889.874285756610334, 1244484.977142889983952 ], [ 7633885.528571467846632, 1244487.868571465602145 ], [ 7633882.137142894789577, 1244492.160000035073608 ], [ 7633877.585714328102767, 1244500.342857182025909 ], [ 7633872.640000037848949, 1244506.277142893290147 ], [ 7633866.948571466840804, 1244518.368571466766298 ], [ 7633863.374285754747689, 1244526.828571460209787 ], [ 7633859.794285751879215, 1244535.300000034971163 ], [ 7633857.488571471534669, 1244543.088571465574205 ], [ 7633853.045714327134192, 1244554.48000003118068 ], [ 7633847.920000039041042, 1244564.597142889397219 ], [ 7633843.945714327506721, 1244570.831428609788418 ], [ 7633839.21428575553, 1244583.197142888326198 ], [ 7633835.651428609155118, 1244591.671428604517132 ], [ 7633832.077142904512584, 1244600.131428605876863 ], [ 7633829.657142903655767, 1244604.722857176326215 ], [ 7633825.105714328587055, 1244612.902857174165547 ], [ 7633822.217142894864082, 1244622.625714323949069 ], [ 7633817.962857187725604, 1244629.837142891483381 ], [ 7633815.537142896093428, 1244634.4142857468687 ], [ 7633812.54571432992816, 1244640.940000036731362 ], [ 7633808.10571432672441, 1244652.320000036153942 ], [ 7633804.137142898514867, 1244658.557142890291288 ], [ 7633799.305714327841997, 1244667.714285750407726 ], [ 7633796.594285758212209, 1244673.265714319422841 ], [ 7633793.891428612172604, 1244678.805714322254062 ], [ 7633791.177142892032862, 1244684.368571464437991 ], [ 7633791.974285757169127, 1244688.82857145788148 ], [ 7633790.242857183329761, 1244694.668571462156251 ], [ 7633788.21714289765805, 1244701.480000030249357 ], [ 7633784.825714325532317, 1244705.771428607404232 ], [ 7633781.537142891436815, 1244713.26857146108523 ], [ 7633781.177142895758152, 1244721.634285747306421 ], [ 7633778.754285753704607, 1244726.208571461495012 ], [ 7633777.708571472205222, 1244733.314285748172551 ], [ 7633775.005714326165617, 1244738.85428574308753 ], [ 7633770.454285759478807, 1244747.037142890039831 ], [ 7633764.937142903916538, 1244754.931428601732478 ], [ 7633755.517142897471786, 1244761.671428602188826 ], [ 7633751.651428608223796, 1244771.117142890114337 ], [ 7633750.894285755231977, 1244777.245714314514771 ], [ 7633755.005714326165617, 1244784.817142892861739 ], [ 7633748.9057143246755, 1244794.657142889453098 ], [ 7633741.145714323967695, 1244802.937142892740667 ], [ 7633738.054285760037601, 1244806.257142890244722 ], [ 7633736.025714334100485, 1244813.06857146625407 ], [ 7633730.214285751804709, 1244821.934285749681294 ], [ 7633726.53714289329946, 1244827.188571466132998 ], [ 7633723.82571433018893, 1244832.740000034915283 ], [ 7633718.500000045634806, 1244836.442857175134122 ], [ 7633716.757142898626626, 1244842.294285745359957 ], [ 7633714.74000003747642, 1244849.108571462798864 ], [ 7633711.560000042431056, 1244859.802857176400721 ], [ 7633709.254285753704607, 1244867.591428607236594 ], [ 7633706.360000044107437, 1244877.32285717385821 ], [ 7633704.334285759367049, 1244884.134285749867558 ], [ 7633702.711428615264595, 1244893.185714321443811 ], [ 7633701.651428611949086, 1244900.282857175916433 ], [ 7633699.237142900936306, 1244904.851428607013077 ], [ 7633696.825714324600995, 1244909.442857177695259 ], [ 7633694.405714322812855, 1244914.008571459678933 ], [ 7633692.100000042468309, 1244921.797142890281975 ], [ 7633689.782857188954949, 1244929.582857179455459 ], [ 7633688.05142861418426, 1244935.422857176046818 ], [ 7633686.322857189923525, 1244941.265714321751148 ], [ 7633684.297142896801233, 1244948.065714316442609 ], [ 7633681.411428619176149, 1244957.81142860557884 ], [ 7633680.351428615860641, 1244964.900000035762787 ], [ 7633678.14285718370229, 1244975.905714316992089 ], [ 7633676.414285759441555, 1244981.734285747632384 ], [ 7633673.651428611017764, 1244991.034285743255168 ], [ 7633673.522857183590531, 1244991.46857146313414 ], [ 7633671.897142897360027, 1245000.52857146714814 ], [ 7633670.168571472167969, 1245006.357142889872193 ], [ 7633667.565714332275093, 1245015.117142892442644 ], [ 7633665.537142897956073, 1245021.92857146076858 ], [ 7633662.657142903655767, 1245031.654285744298249 ], [ 7633660.914285755716264, 1245037.502857180777937 ], [ 7633659.185714323073626, 1245043.342857177369297 ], [ 7633658.720000047236681, 1245048.488571463618428 ], [ 7633657.942857180722058, 1245054.625714320223778 ], [ 7633655.351428613997996, 1245063.374285749159753 ], [ 7633654.305714325048029, 1245070.477142894174904 ], [ 7633654.222857183776796, 1245077.877142891753465 ], [ 7633652.205714331008494, 1245084.680000035557896 ], [ 7633649.891428610309958, 1245092.465714316815138 ], [ 7633646.428571470081806, 1245104.148571459110826 ], [ 7633645.771428614854813, 1245113.485714317066595 ], [ 7633644.14285718742758, 1245122.531428605783731 ], [ 7633643.665714322589338, 1245127.685714317020029 ], [ 7633643.597142895683646, 1245135.065714316209778 ], [ 7633640.891428608447313, 1245140.617142892675474 ], [ 7633636.340000041760504, 1245148.800000031944364 ], [ 7633632.671428614296019, 1245154.065714322030544 ], [ 7633627.722857182845473, 1245160.014285748824477 ], [ 7633625.877142895013094, 1245162.642857177648693 ], [ 7633624.148571470752358, 1245168.474285749718547 ], [ 7633619.994285753928125, 1245178.891428601928055 ], [ 7633618.262857186608016, 1245184.731428605969995 ], [ 7633616.237142901867628, 1245191.542857174295932 ], [ 7633614.217142893001437, 1245198.357142891734838 ], [ 7633612.197142898105085, 1245205.171428609173745 ], [ 7633611.722857181914151, 1245210.325714320177212 ], [ 7633609.12571432441473, 1245219.085714315064251 ], [ 7633606.99142861738801, 1245222.688571464968845 ], [ 7633604.902857181616127, 1245236.885714315576479 ], [ 7633602.977142903022468, 1245246.902857176028192 ], [ 7633601.245714328251779, 1245252.742857180302963 ], [ 7633598.931428608484566, 1245260.528571461793035 ], [ 7633597.20000004209578, 1245266.371428607497364 ], [ 7633595.171428615227342, 1245273.182857175823301 ], [ 7633593.15428576245904, 1245279.997142893262208 ], [ 7633589.868571470491588, 1245287.48285717330873 ], [ 7633588.534285753965378, 1245295.560000031720847 ], [ 7633585.354285757988691, 1245306.265714319422841 ], [ 7633582.062857183627784, 1245313.762857173103839 ], [ 7633579.36000004503876, 1245319.314285749569535 ], [ 7633575.782857183367014, 1245327.78571432409808 ], [ 7633569.042857183143497, 1245346.954285746673122 ], [ 7633566.720000046305358, 1245354.737142894417048 ], [ 7633564.700000043958426, 1245361.551428604172543 ], [ 7633562.671428610570729, 1245368.374285745900124 ], [ 7633558.742857177741826, 1245385.202857174910605 ], [ 7633555.274285754188895, 1245396.880000033881515 ], [ 7633553.248571469448507, 1245403.694285743869841 ], [ 7633550.077142905443907, 1245414.391428606817499 ], [ 7633548.048571463674307, 1245421.214285748777911 ], [ 7633546.14000004157424, 1245431.225714318454266 ], [ 7633543.825714328326285, 1245439.01142860786058 ], [ 7633541.805714326910675, 1245445.825714317616075 ], [ 7633538.625714323483407, 1245456.531428605085239 ], [ 7633537.865714328363538, 1245462.660000036936253 ], [ 7633536.128571471199393, 1245468.500000033527613 ], [ 7633534.497142895124853, 1245477.545714322244748 ], [ 7633533.448571464978158, 1245484.637142886174843 ], [ 7633532.114285748451948, 1245492.711428603157401 ] ] ], [ [ [ 7632034.014285756275058, 1246559.297142888884991 ], [ 7631999.108571472577751, 1246569.611428601667285 ], [ 7631900.64571432583034, 1246598.700000035576522 ], [ 7631698.851428613997996, 1246658.114285748684779 ], [ 7631500.151428608223796, 1246719.31142860557884 ], [ 7631401.314285757951438, 1246750.142857172060758 ], [ 7631263.32571432646364, 1246790.894285750109702 ], [ 7631228.202857182361186, 1246801.122857172507793 ], [ 7631177.157142897136509, 1246830.642857177648693 ], [ 7631168.634285752661526, 1246834.131428606808186 ], [ 7631163.791428609751165, 1246820.077142891706899 ], [ 7631138.81142861302942, 1246733.817142889369279 ], [ 7631115.008571467362344, 1246657.405714315827936 ], [ 7631166.220000042580068, 1246642.374285745900124 ], [ 7631201.802857179194689, 1246631.942857178859413 ], [ 7631207.565714333206415, 1246630.251428600866348 ], [ 7631247.040000047534704, 1246618.665714322822168 ], [ 7631266.597142895683646, 1246612.925714324228466 ], [ 7631265.862857181578875, 1246507.520000031217933 ], [ 7631216.554285753518343, 1246523.745714316144586 ], [ 7631136.725714325904846, 1246546.9314286026638 ], [ 7631087.945714325644076, 1246560.960000036749989 ], [ 7631058.108571469783783, 1246465.657142895041034 ], [ 7631054.351428611204028, 1246455.748571464559063 ], [ 7631041.405714327469468, 1246438.025714322458953 ], [ 7631000.674285755492747, 1246344.871428602840751 ], [ 7630870.025714326649904, 1246383.385714319301769 ], [ 7630857.728571467101574, 1246338.374285743338987 ], [ 7630848.98000003863126, 1246308.157142894575372 ], [ 7630832.677142894826829, 1246249.220000031404197 ], [ 7630824.520000036805868, 1246219.671428604051471 ], [ 7630815.125714326277375, 1246185.620000037830323 ], [ 7630806.194285758771002, 1246151.182857180014253 ], [ 7630799.668571468442678, 1246125.977142891380936 ], [ 7630785.43714290484786, 1246067.22571431659162 ], [ 7630777.482857183553278, 1246035.305714323883876 ], [ 7630771.034285752102733, 1246009.474285751581192 ], [ 7630756.371428609825671, 1245952.180000030901283 ], [ 7630744.171428614296019, 1245901.971428606193513 ], [ 7630739.47714289650321, 1245892.102857179474086 ], [ 7630732.377142900601029, 1245864.371428608894348 ], [ 7630724.380000041797757, 1245833.091428607236594 ], [ 7630713.860000043176115, 1245795.280000033089891 ], [ 7630707.402857187204063, 1245766.748571464093402 ], [ 7630700.325714331120253, 1245735.422857175581157 ], [ 7630618.860000044107437, 1245759.268571459222585 ], [ 7630626.657142898999155, 1245788.954285746905953 ], [ 7630634.742857182398438, 1245819.725714319385588 ], [ 7630616.568571470677853, 1245824.717142889043316 ], [ 7630524.297142898663878, 1245850.031428607646376 ], [ 7630531.594285757280886, 1245880.411428605206311 ], [ 7630426.120000045746565, 1245909.760000037029386 ], [ 7630413.365714326500893, 1245865.288571462035179 ], [ 7630401.074285756796598, 1245822.371428604703397 ], [ 7630307.802857182919979, 1245849.231428601546213 ], [ 7630287.222857185639441, 1245778.008571459911764 ], [ 7630228.451428612694144, 1245578.974285746924579 ], [ 7630259.742857180535793, 1245568.951428603380919 ], [ 7630507.925714329816401, 1245495.502857181010768 ], [ 7630514.342857182025909, 1245477.377142890356481 ], [ 7630524.36285718344152, 1245456.022857175674289 ], [ 7630524.680000041611493, 1245455.348571463953704 ], [ 7630528.414285753853619, 1245447.31142860930413 ], [ 7630535.548571470193565, 1245435.665714321658015 ], [ 7630547.134285756386817, 1245420.748571464791894 ], [ 7630566.551428617909551, 1245400.442857172572985 ], [ 7630589.980000045150518, 1245381.517142891185358 ], [ 7630605.825714329257607, 1245373.211428606882691 ], [ 7630639.117142900824547, 1245355.757142886519432 ], [ 7630638.294285754673183, 1245337.480000036302954 ], [ 7630636.777142899110913, 1245325.817142892163247 ], [ 7630634.271428614854813, 1245312.920000037178397 ], [ 7630631.071428613737226, 1245305.64571431861259 ], [ 7630623.922857182100415, 1245295.78571432409808 ], [ 7630623.337142901495099, 1245284.38000003574416 ], [ 7630622.817142899148166, 1245276.22000003606081 ], [ 7630618.331428608857095, 1245259.651428604964167 ], [ 7630592.131428617052734, 1245174.565714319469407 ], [ 7630587.068571471609175, 1245117.057142887730151 ], [ 7630581.591428612358868, 1245108.485714322887361 ], [ 7630577.391428608447313, 1245039.980000034440309 ], [ 7630577.945714324712753, 1245018.417142891790718 ], [ 7630580.000000047497451, 1244938.740000032121316 ], [ 7630580.648571470752358, 1244913.637142890598625 ], [ 7630581.757142902351916, 1244888.362857175758108 ], [ 7630589.760000043548644, 1244705.15428574802354 ], [ 7630555.277142899110913, 1244603.328571458114311 ], [ 7630522.468571468256414, 1244498.774285749066621 ], [ 7630500.282857183367014, 1244411.280000035883859 ], [ 7630483.257142900489271, 1244341.071428603492677 ], [ 7630429.868571464903653, 1244070.551428602077067 ], [ 7630410.685714327730238, 1244049.440000036265701 ], [ 7630312.888571467250586, 1243941.84571431716904 ], [ 7630276.288571472279727, 1243887.840000030118972 ], [ 7630248.725714325904846, 1243828.711428603390232 ], [ 7630240.260000041685998, 1243810.548571466002613 ], [ 7630238.762857183814049, 1243807.342857181327417 ], [ 7630207.502857188694179, 1243727.297142886091024 ], [ 7630164.288571471348405, 1243529.011428602039814 ], [ 7630123.114285754039884, 1243387.691428607096896 ], [ 7630121.394285753369331, 1243372.088571464642882 ], [ 7630119.505714328959584, 1243359.051428608130664 ], [ 7630111.777142900042236, 1243340.708571465220302 ], [ 7630107.394285757094622, 1243324.057142892619595 ], [ 7630095.191428611986339, 1243307.405714320018888 ], [ 7630076.531428611837327, 1243291.717142894864082 ], [ 7630069.508571466431022, 1243285.985714320559055 ], [ 7630046.645714327692986, 1243266.528571462724358 ], [ 7630020.165714324451983, 1243249.020000031683594 ], [ 7629897.562857183627784, 1243184.1285714590922 ], [ 7629884.174285755492747, 1243173.89714288758114 ], [ 7629874.145714329555631, 1243161.505714320577681 ], [ 7629866.431428607553244, 1243140.614285748451948 ], [ 7629860.008571465499699, 1243116.551428604871035 ], [ 7629916.351428612135351, 1243083.488571459427476 ], [ 7629892.340000038035214, 1243001.671428609406576 ], [ 7629959.53142861649394, 1242992.974285750184208 ], [ 7630028.202857179567218, 1242984.068571463227272 ], [ 7630088.842857179231942, 1242976.211428606184199 ], [ 7630166.288571467623115, 1242966.034285746049136 ], [ 7630272.254285751841962, 1242950.742857178673148 ], [ 7630402.365714328363538, 1242931.982857172144577 ], [ 7630479.708571469411254, 1242920.620000036899 ], [ 7630698.737142900004983, 1242888.714285751804709 ], [ 7630828.585714321583509, 1242873.291428606957197 ], [ 7630836.662857180461287, 1242869.574285751674324 ], [ 7630894.077142904512584, 1242861.597142891259864 ], [ 7630924.974285756237805, 1242855.700000034412369 ], [ 7631039.234285758808255, 1242841.454285747837275 ], [ 7630992.75428575463593, 1242804.008571459678933 ], [ 7631002.194285759702325, 1242797.048571465304121 ], [ 7631077.202857183292508, 1242750.377142890589312 ], [ 7631117.445714324712753, 1242725.928571463096887 ], [ 7631138.445714326575398, 1242710.905714317690581 ], [ 7631152.940000045113266, 1242698.662857176270336 ], [ 7631158.977142903022468, 1242692.554285750258714 ], [ 7631176.300000038929284, 1242675.034285745117813 ], [ 7631189.225714324042201, 1242661.960000033956021 ], [ 7631199.520000038668513, 1242651.548571465071291 ], [ 7631202.180000047199428, 1242648.865714317187667 ], [ 7631212.368571464903653, 1242638.580000034533441 ], [ 7631218.625714325346053, 1242632.265714321751148 ], [ 7631263.288571471348405, 1242587.185714319813997 ], [ 7631327.657142899930477, 1242511.214285749243572 ], [ 7631354.340000039897859, 1242479.602857174584642 ], [ 7631404.905714326538146, 1242419.177142893895507 ], [ 7631464.640000038780272, 1242346.594285747036338 ], [ 7631512.888571470975876, 1242290.625714318128303 ], [ 7631558.202857182361186, 1242236.574285751674324 ], [ 7631607.217142892070115, 1242176.231428604573011 ], [ 7631669.394285752438009, 1242131.100000032689422 ], [ 7631675.117142901755869, 1242119.714285750407726 ], [ 7631689.965714325197041, 1242110.720000031404197 ], [ 7631714.557142895646393, 1242094.545714316423982 ], [ 7631810.002857188694179, 1242034.522857176372781 ], [ 7631853.485714327543974, 1242007.202857178635895 ], [ 7631883.642857190221548, 1241988.494285749737173 ], [ 7631905.162857179529965, 1241974.80000003776513 ], [ 7631915.737142897211015, 1241998.01714288815856 ], [ 7631941.38285718113184, 1242054.337142895907164 ], [ 7631968.785714328289032, 1242115.434285747120157 ], [ 7631988.568571467883885, 1242159.417142890859395 ], [ 7632006.788571465760469, 1242205.068571465555578 ], [ 7632007.408571466803551, 1242205.43428575177677 ], [ 7632010.388571474701166, 1242207.194285748526454 ], [ 7632029.371428607963026, 1242246.717142891138792 ], [ 7632037.800000045448542, 1242268.282857175217941 ], [ 7632062.174285756424069, 1242325.297142892610282 ], [ 7632065.022857178933918, 1242333.551428607432172 ], [ 7632069.817142894491553, 1242342.382857177406549 ], [ 7632124.514285758137703, 1242461.348571463488042 ], [ 7632172.674285758286715, 1242566.711428603390232 ], [ 7632185.454285758547485, 1242584.268571462947875 ], [ 7632189.23714289907366, 1242591.605714324861765 ], [ 7632200.920000040903687, 1242614.271428600884974 ], [ 7632207.685714330524206, 1242634.28571432386525 ], [ 7632208.29428575001657, 1242642.937142888549715 ], [ 7632218.237142900936306, 1242652.245714316377416 ], [ 7632235.960000035353005, 1242692.457142886240035 ], [ 7632233.360000044107437, 1242701.217142888577655 ], [ 7632239.014285760000348, 1242707.13714289246127 ], [ 7632263.645714326761663, 1242752.557142892386764 ], [ 7632321.500000046566129, 1242850.214285750407726 ], [ 7632353.577142905443907, 1242877.74285717587918 ], [ 7632358.648571467027068, 1242885.60857146512717 ], [ 7632358.845714321359992, 1242885.908571466337889 ], [ 7632424.977142903022468, 1242986.834285744698718 ], [ 7632429.082857184112072, 1242994.402857173699886 ], [ 7632498.211428615264595, 1243093.291428609052673 ], [ 7632498.608571472577751, 1243095.525714321760461 ], [ 7632497.742857181467116, 1243098.448571461485699 ], [ 7632496.194285754114389, 1243100.105714318808168 ], [ 7632492.002857183106244, 1243099.925714320968837 ], [ 7632490.060000039637089, 1243099.351428607013077 ], [ 7632488.405714323744178, 1243097.788571464829147 ], [ 7632486.457142896950245, 1243097.214285750640556 ], [ 7632484.797142898663878, 1243095.662857181858271 ], [ 7632484.405714323744178, 1243093.428571461467072 ], [ 7632483.32285718806088, 1243089.931428600102663 ], [ 7632481.66285718139261, 1243088.382857180666178 ], [ 7632479.037142894230783, 1243086.545714317820966 ], [ 7632474.457142896950245, 1243084.120000033639371 ], [ 7632453.23142861854285, 1243073.577142887283117 ], [ 7632449.342857182025909, 1243072.428571459371597 ], [ 7632439.317142897285521, 1243070.508571463171393 ], [ 7632435.708571472205222, 1243068.380000031087548 ], [ 7632429.185714324004948, 1243065.391428606584668 ], [ 7632424.611428610049188, 1243062.980000037699938 ], [ 7632403.782857188023627, 1243054.67428574571386 ], [ 7632400.860000041313469, 1243053.808571462286636 ], [ 7632390.045714323408902, 1243047.420000032754615 ], [ 7632376.997142893262208, 1243041.428571461001411 ], [ 7632361.314285758882761, 1243033.600000034086406 ], [ 7632355.768571465276182, 1243030.885714322328568 ], [ 7632348.451428617350757, 1243023.425714323297143 ], [ 7632342.400000043213367, 1243015.271428606472909 ], [ 7632329.24857147410512, 1243006.07142860093154 ], [ 7632318.077142902649939, 1243008.048571465304121 ], [ 7632314.394285752438009, 1243013.311428606277332 ], [ 7632315.188571467995644, 1243017.782857173355296 ], [ 7632316.545714323408902, 1243020.302857172209769 ], [ 7632318.888571474701166, 1243023.125714321853593 ], [ 7632323.185714326798916, 1243026.502857179846615 ], [ 7632333.600000036880374, 1243030.657142888754606 ], [ 7632339.145714330486953, 1243033.368571466766298 ], [ 7632348.017142896540463, 1243039.182857174659148 ], [ 7632353.962857189588249, 1243044.117142891976982 ], [ 7632357.565714332275093, 1243046.242857174482197 ], [ 7632360.485714322887361, 1243047.108571465592831 ], [ 7632446.657142899930477, 1243088.574285751674324 ], [ 7632496.471428608521819, 1243127.720000034896657 ], [ 7632501.045714322477579, 1243130.134285745210946 ], [ 7632502.991428615525365, 1243130.708571467082947 ], [ 7632505.914285754784942, 1243131.57428575027734 ], [ 7632507.562857179902494, 1243133.134285751264542 ], [ 7632516.428571471013129, 1243138.945714317495003 ], [ 7632525.302857186645269, 1243144.748571459436789 ], [ 7632526.962857185862958, 1243146.300000035902485 ], [ 7632528.031428613699973, 1243149.791428606491536 ], [ 7632530.374285756610334, 1243152.614285748451948 ], [ 7632533.302857186645269, 1243153.48285717330873 ], [ 7632534.948571463115513, 1243155.028571466682479 ], [ 7632536.60857146885246, 1243156.577142893802375 ], [ 7632537.005714327096939, 1243158.814285748172551 ], [ 7632535.454285758547485, 1243160.471428605495021 ], [ 7632534.880000036209822, 1243162.420000032056123 ], [ 7632576.194285755045712, 1243226.582857173634693 ], [ 7632585.451428613625467, 1243234.617142886854708 ], [ 7632592.194285755045712, 1243244.025714320130646 ], [ 7632597.48857147525996, 1243258.311428602784872 ], [ 7632612.474285759031773, 1243282.522857180098072 ], [ 7632663.33142860699445, 1243364.69142860872671 ], [ 7632675.23714289907366, 1243374.571428601397201 ], [ 7632683.042857186868787, 1243387.482857171446085 ], [ 7632689.780000038444996, 1243396.900000029243529 ], [ 7632693.014285760000348, 1243407.388571464456618 ], [ 7632708.648571467027068, 1243433.220000029075891 ], [ 7632713.340000042691827, 1243438.842857180861756 ], [ 7632724.545714327134192, 1243447.45428574969992 ], [ 7632726.202857185155153, 1243449.005714318249375 ], [ 7632728.537142895162106, 1243451.825714318547398 ], [ 7632730.197142901830375, 1243453.377142895013094 ], [ 7632732.831428606063128, 1243455.214285749942064 ], [ 7632734.771428615786135, 1243455.788571464130655 ], [ 7632737.114285751245916, 1243458.611428605858237 ], [ 7632738.200000043027103, 1243462.097142893821001 ], [ 7632739.851428610272706, 1243463.645714321173728 ], [ 7632741.508571467362344, 1243465.208571463357657 ], [ 7632743.168571474030614, 1243466.757142890710384 ], [ 7632744.540000044740736, 1243469.282857172656804 ], [ 7632745.614285755902529, 1243472.777142892591655 ], [ 7632747.274285755120218, 1243474.325714319944382 ], [ 7632748.934285753406584, 1243475.877142888493836 ], [ 7632749.33142861071974, 1243478.111428601201624 ], [ 7632749.728571468964219, 1243480.348571463255212 ], [ 7632750.128571475856006, 1243482.582857175962999 ], [ 7632863.922857179306448, 1243630.745714318472892 ], [ 7632868.988571473397315, 1243637.37142860610038 ], [ 7632888.940000045113266, 1243663.471428608056158 ], [ 7632908.934285755269229, 1243689.62857146281749 ], [ 7632940.371428607031703, 1243737.094285745173693 ], [ 7632946.111428613774478, 1243735.617142893373966 ], [ 7632948.768571465276182, 1243748.051428605802357 ], [ 7632960.797142902389169, 1243771.745714321732521 ], [ 7632934.645714331418276, 1243941.891428604023531 ], [ 7632962.871428607963026, 1243950.274285746738315 ], [ 7632985.431428611278534, 1243817.185714319348335 ], [ 7632990.185714330524206, 1243815.417142890626565 ], [ 7633019.185714324936271, 1243856.85428574681282 ], [ 7633002.294285752810538, 1243967.265714324545115 ], [ 7633030.225714326836169, 1243976.620000031311065 ], [ 7633041.991428610868752, 1243904.917142890393734 ], [ 7633046.740000039339066, 1243903.160000035306439 ], [ 7633077.691428609192371, 1243951.154285745229572 ], [ 7633082.951428616419435, 1243959.311428603250533 ], [ 7633093.634285757318139, 1243975.874285744037479 ], [ 7633118.531428611837327, 1244014.477142892312258 ], [ 7633086.225714327767491, 1244308.814285747241229 ], [ 7633103.057142897509038, 1244312.751428603893146 ], [ 7633096.785714330151677, 1244343.562857179902494 ], [ 7633096.148571465164423, 1244346.69714288925752 ], [ 7633089.540000041946769, 1244379.685714317718521 ], [ 7633076.425714327022433, 1244420.274285747203976 ], [ 7633072.671428617089987, 1244432.928571461234242 ], [ 7633045.131428617984056, 1244425.808571459259838 ], [ 7633009.460000041872263, 1244599.474285750417039 ], [ 7633027.957142893224955, 1244604.962857175851241 ], [ 7633035.291428613476455, 1244583.840000036405399 ], [ 7633041.12285718601197, 1244585.577142893336713 ], [ 7633038.440000046044588, 1244601.725714319851249 ], [ 7633033.745714328251779, 1244624.680000031366944 ], [ 7633029.914285759441555, 1244644.734285750426352 ], [ 7633023.054285755380988, 1244660.694285746663809 ], [ 7633017.102857187390327, 1244684.334285743767396 ], [ 7633013.920000042766333, 1244695.051428604871035 ], [ 7633007.108571466989815, 1244693.020000029355288 ], [ 7633000.251428611576557, 1244708.991428607143462 ], [ 7632986.622857184149325, 1244704.942857178859413 ], [ 7632964.577142901718616, 1244747.114285748451948 ], [ 7632950.465714326128364, 1244776.794285745592788 ], [ 7632949.888571470044553, 1244778.742857179837301 ], [ 7632857.025714327581227, 1244980.977142894407734 ], [ 7633189.174285757355392, 1245117.700000035576522 ], [ 7633190.940000044181943, 1245122.460000038146973 ], [ 7633182.382857179269195, 1245222.628571463283151 ], [ 7633178.020000042393804, 1245226.63142860471271 ], [ 7632825.331428611651063, 1245080.620000033639371 ], [ 7632817.931428614072502, 1245148.317142891231924 ], [ 7632831.737142898142338, 1245148.182857180479914 ], [ 7633021.962857187725604, 1245227.948571464512497 ], [ 7633017.991428610868752, 1245234.185714318882674 ], [ 7633015.285714331083, 1245239.737142887432128 ], [ 7632825.468571471981704, 1245162.197142891585827 ], [ 7632815.1571429008618, 1245161.260000033071265 ], [ 7632805.482857178896666, 1245247.342857178999111 ], [ 7633171.291428606957197, 1245391.945714324712753 ], [ 7633166.511428606696427, 1245490.068571466719732 ], [ 7633164.388571473769844, 1245493.662857176735997 ], [ 7633161.577142905443907, 1245496.008571461075917 ], [ 7633158.080000043846667, 1245497.088571462780237 ], [ 7632975.462857186794281, 1245423.81428574770689 ], [ 7632799.36285718716681, 1245353.537142889108509 ], [ 7632820.402857185341418, 1245532.380000030621886 ], [ 7633150.062857178971171, 1245652.49142860295251 ], [ 7633142.265714324079454, 1245746.531428603921086 ], [ 7633135.257142901420593, 1245845.048571462277323 ], [ 7633130.091428617015481, 1245844.580000036861748 ], [ 7633130.46000003721565, 1245836.217142892070115 ], [ 7633112.765714325010777, 1245835.185714318417013 ], [ 7633111.431428608484566, 1245843.262857176829129 ], [ 7633106.557142901234329, 1245841.817142888903618 ], [ 7633100.140000040642917, 1245909.805714323651046 ], [ 7633092.351428610272706, 1245907.49714289419353 ], [ 7633051.082857185974717, 1245893.131428604014218 ], [ 7633045.542857183143497, 1245890.417142892256379 ], [ 7633042.902857188135386, 1245888.577142887981609 ], [ 7633008.154285755008459, 1245838.0200000340119 ], [ 7633001.837142901495099, 1245841.44571432005614 ], [ 7632995.131428613327444, 1245842.634285751730204 ], [ 7632989.300000041723251, 1245840.897142894566059 ], [ 7632981.514285760000348, 1245838.588571465108544 ], [ 7632973.728571470826864, 1245836.27142860321328 ], [ 7632965.257142904214561, 1245832.702857173979282 ], [ 7632963.517142897471786, 1245838.540000029141083 ], [ 7632912.814285758882761, 1245820.308571465313435 ], [ 7632908.880000043660402, 1245769.362857177853584 ], [ 7632863.320000034756958, 1245751.608571464195848 ], [ 7632862.894285754300654, 1245738.777142886305228 ], [ 7632865.705714330077171, 1245736.434285751078278 ], [ 7632908.234285754151642, 1245750.125714321620762 ], [ 7632906.274285754188895, 1245710.354285747278482 ], [ 7632907.434285756200552, 1245706.460000035818666 ], [ 7632910.534285752102733, 1245703.142857172060758 ], [ 7632915.974285757169127, 1245702.648571457713842 ], [ 7633001.322857188992202, 1245729.048571461346 ], [ 7632991.974285757169127, 1245756.977142893709242 ], [ 7633029.637142897583544, 1245769.214285751804709 ], [ 7633028.157142897136509, 1245763.482857177732512 ], [ 7633024.057142899371684, 1245755.902857174864039 ], [ 7633017.425714328885078, 1245749.702857175376266 ], [ 7633010.797142899595201, 1245743.502857175655663 ], [ 7633014.371428611688316, 1245735.042857174295932 ], [ 7633112.75428575091064, 1245767.425714325159788 ], [ 7633108.6628571851179, 1245827.617142889183015 ], [ 7633117.742857179604471, 1245811.26000003516674 ], [ 7633123.922857181169093, 1245794.031428607180715 ], [ 7633131.725714326836169, 1245767.751428607385606 ], [ 7633134.874285759404302, 1245746.460000036284328 ], [ 7633119.588571466505527, 1245740.860000031534582 ], [ 7632843.871428608894348, 1245649.468571465462446 ], [ 7632839.014285758137703, 1245648.028571460396051 ], [ 7632854.302857183851302, 1245828.354285744484514 ], [ 7633099.957142894156277, 1245913.985714321490377 ], [ 7633071.002857186831534, 1246261.171428603585809 ], [ 7633069.957142897881567, 1246268.27428574860096 ], [ 7633012.002857187762856, 1246302.954285747604445 ], [ 7633003.348571473732591, 1246303.568571465555578 ], [ 7633005.940000040456653, 1246255.625714317662641 ], [ 7632995.708571469411254, 1246247.300000035203993 ], [ 7632967.125714322552085, 1245976.205714319832623 ], [ 7632873.205714333802462, 1245943.020000036805868 ], [ 7632866.322857189923525, 1245943.828571459744126 ], [ 7632865.52857147436589, 1245943.922857174649835 ], [ 7632923.388571469113231, 1246458.771428602281958 ], [ 7632916.602857189252973, 1246579.76000003144145 ], [ 7632855.96000004094094, 1246577.600000035716221 ], [ 7632849.545714322477579, 1246577.354285745415837 ], [ 7632839.497142898850143, 1246576.968571461271495 ], [ 7632803.345714323222637, 1246575.582857175264508 ], [ 7632668.285714329220355, 1246570.402857175562531 ], [ 7632664.702857185155153, 1246580.534285749075934 ], [ 7632664.788571467623115, 1246585.92285717651248 ], [ 7632665.722857185639441, 1246609.660000029951334 ], [ 7632670.657142902724445, 1246618.900000039488077 ], [ 7632639.51142861135304, 1246612.217142891371623 ], [ 7632632.134285753592849, 1246610.634285751031712 ], [ 7632610.468571471981704, 1246599.440000032540411 ], [ 7632592.188571464270353, 1246581.83142860326916 ], [ 7632573.057142896577716, 1246556.031428602524102 ], [ 7632557.374285754747689, 1246529.668571461457759 ], [ 7632551.057142900303006, 1246522.031428606249392 ], [ 7632541.728571467101574, 1246506.205714320763946 ], [ 7632536.065714326687157, 1246487.271428607171401 ], [ 7632525.2342857606709, 1246455.042857181048021 ], [ 7632521.611428612843156, 1246414.754285752773285 ], [ 7632502.028571467846632, 1246420.957142886240035 ], [ 7632495.451428616419435, 1246423.04000003170222 ], [ 7632478.740000042133033, 1246428.331428602803499 ], [ 7632458.614285754971206, 1246434.705714317038655 ], [ 7632361.171428615227342, 1246462.957142890430987 ], [ 7632245.160000041127205, 1246497.374285742873326 ], [ 7632229.922857177443802, 1246502.160000033909455 ], [ 7632034.014285756275058, 1246559.297142888884991 ] ] ] ] } },
{ "type": "Feature", "properties": { "DTUID": "505060081", "PRCODE": "35", "PRNAME": "Ontario", "CMANAME": "Ottawa - Gatineau (Ontario part / partie de l'Ontario)", "CSDNAME": "Ottawa", "DTNAME": "Ottawa", "DT_TYPE": "1" }, "geometry": { "type": "MultiPolygon", "coordinates": [ [ [ [ 7471076.877142900601029, 1192550.865714319283143 ], [ 7470905.754285755567253, 1192574.522857180796564 ], [ 7470826.351428615860641, 1192616.917142893420532 ], [ 7470823.06571433134377, 1192618.6714286073111 ], [ 7470688.500000037252903, 1192710.125714324181899 ], [ 7470673.49428575579077, 1192728.4914286066778 ], [ 7470563.500000033527613, 1192863.125714319758117 ], [ 7470412.568571468815207, 1193081.968571461737156 ], [ 7470370.500000038184226, 1192641.000000034924597 ], [ 7470372.000000037252903, 1192294.000000033760443 ], [ 7470380.520000040531158, 1192226.062857176410034 ], [ 7470382.265714321285486, 1192210.031428604619578 ], [ 7470431.500000040978193, 1191700.125714318826795 ], [ 7470495.174285750836134, 1191439.645714317448437 ], [ 7470496.797142902389169, 1191433.014285746961832 ], [ 7470501.700000040233135, 1191414.177142889704555 ], [ 7470592.700000040233135, 1191074.142857173457742 ], [ 7470580.997142899781466, 1190908.240000032354146 ], [ 7470576.182857185602188, 1190840.014285747194663 ], [ 7470430.825714329257607, 1190708.122857176000252 ], [ 7470335.500000039115548, 1190621.625714323483407 ], [ 7470133.385714328847826, 1190503.660000031581149 ], [ 7469966.351428615860641, 1190406.168571463786066 ], [ 7469955.548571464605629, 1190399.862857175525278 ], [ 7469949.682857187464833, 1190396.440000038594007 ], [ 7469828.177142895758152, 1190330.377142891054973 ], [ 7469619.43714289739728, 1190200.294285744661465 ], [ 7469467.802857182919979, 1190205.114285748917609 ], [ 7469435.282857187092304, 1190205.608571463031694 ], [ 7469364.66285718139261, 1190192.242857174947858 ], [ 7469314.985714325681329, 1190175.391428606584668 ], [ 7469294.474285755306482, 1190164.602857177844271 ], [ 7469281.948571469634771, 1190148.608571460470557 ], [ 7469267.414285754784942, 1190120.505714321043342 ], [ 7469262.020000044256449, 1190105.374285745434463 ], [ 7469255.668571469374001, 1190074.217142889043316 ], [ 7469254.754285749979317, 1190042.420000033685938 ], [ 7469259.997142893262208, 1190011.228571463841945 ], [ 7469265.200000040233135, 1189995.788571462733671 ], [ 7469278.014285761862993, 1189967.691428605932742 ], [ 7469296.454285752959549, 1189942.151428603101522 ], [ 7469307.020000038668513, 1189930.260000032838434 ], [ 7469331.531428609974682, 1189909.511428603902459 ], [ 7469345.220000047236681, 1189901.62571432441473 ], [ 7469380.028571473434567, 1189887.848571463488042 ], [ 7469405.200000041164458, 1189881.997142893495038 ], [ 7469412.497142899781466, 1189881.565714315045625 ], [ 7469437.262857184745371, 1189880.102857178077102 ], [ 7469452.508571465499699, 1189882.108571464894339 ], [ 7469496.094285760074854, 1189743.145714320242405 ], [ 7469496.680000047199428, 1189711.568571466486901 ], [ 7469497.100000036880374, 1189688.980000033043325 ], [ 7469483.377142902463675, 1189637.797142887720838 ], [ 7469463.102857189252973, 1189620.20857146428898 ], [ 7469456.974285749718547, 1189614.891428604256362 ], [ 7469437.494285752996802, 1189597.994285749271512 ], [ 7469417.542857188731432, 1189587.714285749942064 ], [ 7468954.485714325681329, 1189514.580000036396086 ], [ 7468946.908571464009583, 1189513.382857179967687 ], [ 7468987.38285718113184, 1189487.477142890915275 ], [ 7468987.822857183404267, 1189487.631428607739508 ], [ 7468988.948571464046836, 1189486.494285745546222 ], [ 7469030.848571470938623, 1189444.171428608242422 ], [ 7469123.288571467623115, 1189350.78857146250084 ], [ 7469134.045714324340224, 1189336.225714318221435 ], [ 7469144.494285754859447, 1189328.81142860581167 ], [ 7469151.157142898067832, 1189333.945714318659157 ], [ 7469169.720000041648746, 1189322.60571432323195 ], [ 7469172.542857184074819, 1189308.980000037467107 ], [ 7469186.380000039003789, 1189282.90000003343448 ], [ 7469197.53142861276865, 1189276.725714314728975 ], [ 7469212.328571465797722, 1189263.285714317578822 ], [ 7469213.037142898887396, 1189254.620000037597492 ], [ 7469194.017142902128398, 1189238.851428604917601 ], [ 7469194.028571467846632, 1189233.800000033341348 ], [ 7469192.03142861276865, 1189231.751428601332009 ], [ 7469185.005714327096939, 1189224.542857175227255 ], [ 7469272.720000041648746, 1189116.714285747613758 ], [ 7469361.685714330524206, 1189007.340000033844262 ], [ 7469373.828571466729045, 1188992.405714320484549 ], [ 7469396.517142897471786, 1188964.514285750221461 ], [ 7469399.622857183218002, 1188960.265714318491518 ], [ 7469401.888571468181908, 1188957.162857173476368 ], [ 7469402.411428612656891, 1188956.445714324014261 ], [ 7469408.577142891474068, 1188948.00857146224007 ], [ 7469410.025714321061969, 1188946.028571464121342 ], [ 7469411.294285751879215, 1188944.294285748619586 ], [ 7469469.717142895795405, 1188887.425714315846562 ], [ 7469513.174285753630102, 1188854.928571459837258 ], [ 7469559.237142901867628, 1188828.400000028312206 ], [ 7469612.160000037401915, 1188803.722857174929231 ], [ 7469647.091428617015481, 1188791.680000029504299 ], [ 7469647.954285759478807, 1188791.382857177406549 ], [ 7469651.585714323446155, 1188790.128571460722014 ], [ 7469676.2200000397861, 1188780.688571463339031 ], [ 7469687.160000043921173, 1188776.497142892098054 ], [ 7469687.208571472205222, 1188776.480000035371631 ], [ 7469690.285714328289032, 1188775.300000035669655 ], [ 7469843.528571473434567, 1188721.837142890784889 ], [ 7469872.351428611204028, 1188708.54857146111317 ], [ 7469930.560000043362379, 1188675.020000031683594 ], [ 7469992.334285755641758, 1188632.305714319460094 ], [ 7469993.765714328736067, 1188631.314285749569535 ], [ 7470001.882857182994485, 1188625.700000029988587 ], [ 7470058.788571470417082, 1188590.388571464223787 ], [ 7470161.965714326128364, 1188539.237142890226096 ], [ 7470247.600000036880374, 1188490.74285717587918 ], [ 7470435.27428575605154, 1188381.025714315706864 ], [ 7470435.41714289970696, 1188380.94285717443563 ], [ 7470439.857142894528806, 1188378.342857175506651 ], [ 7470467.771428612060845, 1188360.60000003548339 ], [ 7470569.962857188656926, 1188274.68571432121098 ], [ 7470571.097142901271582, 1188273.731428605969995 ], [ 7470576.997142899781466, 1188268.280000035185367 ], [ 7470578.565714332275093, 1188266.828571464400738 ], [ 7470612.802857186645269, 1188288.971428603865206 ], [ 7470613.162857182323933, 1188289.200000029522926 ], [ 7470696.362857185304165, 1188341.982857171911746 ], [ 7470696.725714329630136, 1188342.222857179353014 ], [ 7470707.03428575117141, 1188349.031428606249392 ], [ 7470714.32571432646364, 1188352.931428600568324 ], [ 7470714.420000040903687, 1188352.982857177965343 ], [ 7470866.097142893821001, 1188437.951428608968854 ], [ 7470866.182857184670866, 1188438.002857178682461 ], [ 7470875.108571469783783, 1188443.542857173830271 ], [ 7470875.351428611204028, 1188443.694285748992115 ], [ 7470884.12571432814002, 1188449.125714322086424 ], [ 7470884.208571469411254, 1188449.174285750137642 ], [ 7470975.36857146769762, 1188501.037142890505493 ], [ 7470975.442857185378671, 1188501.082857177127153 ], [ 7470984.38571432698518, 1188506.608571464894339 ], [ 7470984.765714327804744, 1188506.860000030370429 ], [ 7470992.422857182100415, 1188511.937142890878022 ], [ 7470992.49714289791882, 1188511.98571431892924 ], [ 7471047.665714321658015, 1188548.622857176698744 ], [ 7471148.608571471646428, 1188614.354285743553191 ], [ 7471243.808571473695338, 1188676.348571457434446 ], [ 7471251.651428608223796, 1188682.031428603455424 ], [ 7471329.051428609527647, 1188738.122857177164406 ], [ 7471329.202857185155153, 1188738.231428607366979 ], [ 7471337.242857180535793, 1188743.551428608596325 ], [ 7471337.382857182994485, 1188743.642857174389064 ], [ 7471339.925714328885078, 1188745.33142860326916 ], [ 7471342.605714327655733, 1188747.100000032223761 ], [ 7471342.722857182845473, 1188747.197142888559029 ], [ 7471351.92285718023777, 1188754.788571464829147 ], [ 7471352.074285754933953, 1188754.914285751525313 ], [ 7471497.688571467995644, 1188866.680000036023557 ], [ 7471555.788571471348405, 1188915.897142890607938 ], [ 7471555.942857187241316, 1188916.028571467846632 ], [ 7471566.985714323818684, 1188925.234285748563707 ], [ 7471567.117142900824547, 1188925.34285717876628 ], [ 7471570.240000035613775, 1188928.108571460004896 ], [ 7471582.468571469187737, 1188938.940000034170225 ], [ 7471697.568571474403143, 1189043.242857177974656 ], [ 7471730.060000039637089, 1189070.274285747902468 ], [ 7471794.948571463115513, 1189136.585714319720864 ], [ 7471844.757142903283238, 1189187.488571461755782 ], [ 7471908.757142904214561, 1189258.362857181578875 ], [ 7471908.794285750947893, 1189258.402857177658007 ], [ 7471913.851428613066673, 1189264.005714316153899 ], [ 7471915.802857181057334, 1189266.160000036703423 ], [ 7471917.148571470752358, 1189267.700000031851232 ], [ 7471921.085714328102767, 1189272.197142895311117 ], [ 7471924.297142903320491, 1189275.902857176959515 ], [ 7471934.502857185900211, 1189287.671428609639406 ], [ 7472007.045714328996837, 1189370.097142886836082 ], [ 7472007.074285751208663, 1189370.131428607506678 ], [ 7472015.75142861250788, 1189380.885714315343648 ], [ 7472024.651428609155118, 1189390.63142860494554 ], [ 7472024.691428612917662, 1189390.674285749904811 ], [ 7472065.760000040754676, 1189436.437142888549715 ], [ 7472177.080000039190054, 1189558.785714323166758 ], [ 7472177.197142901830375, 1189558.91714289272204 ], [ 7472188.557142895646393, 1189571.431428604759276 ], [ 7472188.920000040903687, 1189571.808571464614943 ], [ 7472196.657142901793122, 1189579.831428604200482 ], [ 7472196.780000038444996, 1189579.960000032093376 ], [ 7472303.594285757280886, 1189690.660000029951334 ], [ 7472303.717142894864082, 1189690.788571465760469 ], [ 7472310.225714327767491, 1189697.777142890263349 ], [ 7472310.248571466654539, 1189697.802857178961858 ], [ 7472320.302857182919979, 1189706.737142888363451 ], [ 7472320.43714290112257, 1189706.854285750538111 ], [ 7472430.331428609788418, 1189809.980000036302954 ], [ 7472430.465714327991009, 1189810.105714322766289 ], [ 7472444.600000035017729, 1189823.265714324545115 ], [ 7472444.768571467138827, 1189823.422857175115496 ], [ 7472452.271428611129522, 1189830.702857176540419 ], [ 7472452.437142902053893, 1189830.874285749858245 ], [ 7472468.725714322179556, 1189847.751428606919944 ], [ 7472513.134285753592849, 1189886.002857176586986 ], [ 7472525.017142899334431, 1189896.557142888661474 ], [ 7472525.497142898850143, 1189896.982857176568359 ], [ 7472561.491428615525365, 1189928.977142893942073 ], [ 7472592.928571468219161, 1189956.922857175348327 ], [ 7472593.108571473509073, 1189957.068571459967643 ], [ 7472608.4771429002285, 1189969.525714319664985 ], [ 7472686.191428610123694, 1190032.522857176605612 ], [ 7472743.917142894119024, 1190083.825714318081737 ], [ 7472752.220000045374036, 1190091.194285743869841 ], [ 7472752.411428616382182, 1190091.365714317187667 ], [ 7472762.334285762161016, 1190101.400000034365803 ], [ 7472803.191428612917662, 1190145.01714289188385 ], [ 7472861.940000046044588, 1190208.16857145819813 ], [ 7473004.397142895497382, 1190370.648571462603286 ], [ 7473006.820000038482249, 1190373.400000029010698 ], [ 7473009.497142896056175, 1190375.168571457732469 ], [ 7473177.685714326798916, 1190559.300000036600977 ], [ 7473185.648571472615004, 1190568.814285750966519 ], [ 7473243.108571467921138, 1190621.094285747036338 ], [ 7473267.214285757392645, 1190637.060000034049153 ], [ 7473281.240000042133033, 1190646.531428602989763 ], [ 7473295.700000039301813, 1190656.297142890281975 ], [ 7473325.694285760633647, 1190673.840000034775585 ], [ 7473432.611428610980511, 1190729.971428604796529 ], [ 7473524.785714326426387, 1190749.551428607665002 ], [ 7473525.154285761527717, 1190749.628571458393708 ], [ 7473607.505714328959584, 1190760.220000032801181 ], [ 7473636.225714327767491, 1190762.037142889807001 ], [ 7473689.220000047236681, 1190765.388571466784924 ], [ 7473737.514285758137703, 1190765.762857177294791 ], [ 7473818.625714325346053, 1190777.085714316228405 ], [ 7473878.191428605467081, 1190794.168571459595114 ], [ 7473930.820000039413571, 1190813.600000036414713 ], [ 7473943.311428612098098, 1190818.017142892349511 ], [ 7473961.285714327357709, 1190825.33142860699445 ], [ 7473978.717142893001437, 1190832.425714320037514 ], [ 7473925.928571466356516, 1190968.842857176903635 ], [ 7473862.991428611800075, 1191039.220000033499673 ], [ 7473714.657142903655767, 1191111.745714319869876 ], [ 7473595.497142896987498, 1191172.571428607683629 ], [ 7473535.174285755492747, 1191224.957142892293632 ], [ 7473481.197142899036407, 1191296.394285752438009 ], [ 7473442.925714330747724, 1191381.665714318864048 ], [ 7473365.311428610235453, 1191544.045714317588136 ], [ 7473304.454285758547485, 1191641.108571463730186 ], [ 7473216.554285755380988, 1191694.354285748675466 ], [ 7473135.12285718228668, 1191758.360000032000244 ], [ 7473076.385714329779148, 1191847.260000037029386 ], [ 7473042.097142898477614, 1191945.237142894417048 ], [ 7472955.951428616419435, 1192096.451428604777902 ], [ 7472916.768571464344859, 1192216.362857181578875 ], [ 7472905.874285753816366, 1192249.705714322626591 ], [ 7472869.645714327692986, 1192384.580000035464764 ], [ 7472877.808571469038725, 1192444.622857173439115 ], [ 7472878.30857147462666, 1192448.305714323185384 ], [ 7472794.705714331008494, 1192552.87142860610038 ], [ 7472687.542857183143497, 1192598.762857172638178 ], [ 7472567.23142861481756, 1192650.282857174053788 ], [ 7472439.880000036209822, 1192687.997142891865224 ], [ 7472220.002857187762856, 1192753.114285748917609 ], [ 7472208.811428610235453, 1192756.428571463562548 ], [ 7472202.848571469075978, 1192758.194285743171349 ], [ 7472084.942857187241316, 1192661.242857176344842 ], [ 7472077.485714321024716, 1192658.420000034384429 ], [ 7472034.108571470715106, 1192641.991428604815155 ], [ 7471963.528571469709277, 1192624.514285745099187 ], [ 7471619.671428617089987, 1192611.70285718049854 ], [ 7471591.911428616382182, 1192610.668571457732469 ], [ 7471576.125714326277375, 1192596.234285749262199 ], [ 7471567.442857182584703, 1192585.488571458030492 ], [ 7471549.68000004440546, 1192573.340000031981617 ], [ 7471528.097142895683646, 1192567.540000031236559 ], [ 7471512.594285760074854, 1192566.517142890021205 ], [ 7471468.194285759702325, 1192555.617142889648676 ], [ 7471430.511428605765104, 1192554.948571460787207 ], [ 7471421.3485714700073, 1192557.731428606435657 ], [ 7471414.068571468815207, 1192565.248571465956047 ], [ 7471409.522857185453176, 1192567.062857173848897 ], [ 7471404.634285754524171, 1192569.011428608093411 ], [ 7471400.714285754598677, 1192567.957142887171358 ], [ 7471388.302857181057334, 1192559.365714316489175 ], [ 7471373.325714331120253, 1192556.382857175078243 ], [ 7471365.820000036619604, 1192549.102857173420489 ], [ 7471346.011428607627749, 1192540.620000032940879 ], [ 7471325.982857185415924, 1192544.694285749923438 ], [ 7471301.162857180461287, 1192554.845714321359992 ], [ 7471290.825714329257607, 1192554.162857177201658 ], [ 7471284.86285718716681, 1192556.762857176130638 ], [ 7471251.091428617015481, 1192543.157142896205187 ], [ 7471201.462857188656926, 1192540.128571460256353 ], [ 7471076.877142900601029, 1192550.865714319283143 ] ] ] ] } },
{ "type": "Feature", "properties": { "DTUID": "505810171", "PRCODE": "24", "PRNAME": "Quebec / Québec", "CMANAME": "Ottawa - Gatineau (partie du Québec / Quebec part)", "CSDNAME": "Gatineau", "DTNAME": "Gatineau", "DT_TYPE": "1" }, "geometry": { "type": "MultiPolygon", "coordinates": [ [ [ [ 7470372.000000037252903, 1192294.000000033760443 ], [ 7470370.500000038184226, 1192641.000000034924597 ], [ 7470412.568571468815207, 1193081.968571461737156 ], [ 7469880.682857183739543, 1192854.177142895292491 ], [ 7469854.151428611949086, 1192842.814285744447261 ], [ 7469547.905714321881533, 1192498.73142860783264 ], [ 7469502.591428618878126, 1192458.722857175394893 ], [ 7469513.914285758510232, 1192444.351428602356464 ], [ 7469523.391428610309958, 1192431.151428604498506 ], [ 7469530.822857186198235, 1192421.642857173224911 ], [ 7469536.677142897620797, 1192413.180000030668452 ], [ 7469540.737142900004983, 1192407.317142894491553 ], [ 7469547.865714326500893, 1192397.585714320419356 ], [ 7469566.760000043548644, 1192373.448571459855884 ], [ 7469579.091428617015481, 1192355.582857174798846 ], [ 7469591.18285718280822, 1192340.191428601741791 ], [ 7469602.682857185602188, 1192325.55142860673368 ], [ 7469616.822857183404267, 1192304.677142891101539 ], [ 7469633.868571464903653, 1192281.780000032158569 ], [ 7469560.74857147410512, 1192284.525714315706864 ], [ 7469534.834285760298371, 1192285.497142895124853 ], [ 7468970.64571432583034, 1192306.454285752028227 ], [ 7468967.40285718627274, 1192310.405714316060767 ], [ 7468938.671428613364697, 1192307.64000003458932 ], [ 7468902.622857185080647, 1192308.665714317467064 ], [ 7468882.951428616419435, 1192308.591428600717336 ], [ 7468858.420000039972365, 1192308.502857176354155 ], [ 7468820.511428609490395, 1192305.665714319329709 ], [ 7468801.314285757020116, 1192302.78857145877555 ], [ 7468763.500000040978193, 1192295.417142891557887 ], [ 7468735.814285757020116, 1192287.645714317448437 ], [ 7468692.365714322775602, 1192272.300000031013042 ], [ 7468611.654285755939782, 1192238.882857180666178 ], [ 7468581.517142899334431, 1192226.400000032503158 ], [ 7468578.214285750873387, 1192215.642857175320387 ], [ 7468577.602857189252973, 1192213.648571461904794 ], [ 7468571.580000046640635, 1192193.974285744130611 ], [ 7468562.762857183814049, 1192165.174285745481029 ], [ 7468549.54571432992816, 1192162.337142888456583 ], [ 7468473.645714326761663, 1192146.037142894696444 ], [ 7468468.517142896540463, 1192145.362857175059617 ], [ 7468428.142857185564935, 1192134.837142893113196 ], [ 7468407.311428615823388, 1192129.891428602393717 ], [ 7468397.374285754747689, 1192127.582857180386782 ], [ 7468350.825714325532317, 1192115.611428602598608 ], [ 7468327.057142900303006, 1192108.862857177853584 ], [ 7468325.780000036582351, 1192108.500000033061951 ], [ 7468312.21714289393276, 1192104.648571459110826 ], [ 7468243.640000037848949, 1192083.528571461094543 ], [ 7468229.165714325383306, 1192079.53428574395366 ], [ 7468138.005714327096939, 1192051.962857173290104 ], [ 7468077.322857189923525, 1192034.740000035613775 ], [ 7467995.631428610533476, 1192010.157142889453098 ], [ 7467962.637142899446189, 1192000.000000034924597 ], [ 7467963.637142893858254, 1191993.908571465406567 ], [ 7467963.985714323818684, 1191989.737142892088741 ], [ 7467964.985714325681329, 1191983.645714322337881 ], [ 7467967.928571470081806, 1191974.997142891399562 ], [ 7467974.222857184708118, 1191943.902857177890837 ], [ 7467981.802857180126011, 1191912.177142890403047 ], [ 7467983.457142896018922, 1191904.162857175339013 ], [ 7467986.400000041350722, 1191895.514285744167864 ], [ 7467995.617142903618515, 1191858.982857175171375 ], [ 7468004.54571432992816, 1191816.994285744614899 ], [ 7468011.494285758584738, 1191783.98000003490597 ], [ 7468021.691428609192371, 1191744.565714322030544 ], [ 7468025.30857147462666, 1191730.785714319674298 ], [ 7468029.251428613439202, 1191716.04571431921795 ], [ 7468041.102857187390327, 1191668.620000032708049 ], [ 7468045.108571470715106, 1191644.251428604824468 ], [ 7468054.365714328363538, 1191601.300000034738332 ], [ 7468054.711428608745337, 1191597.128571461420506 ], [ 7468055.365714322775602, 1191595.208571464987472 ], [ 7468068.914285758510232, 1191533.3457143206615 ], [ 7468080.131428616121411, 1191484.631428604479879 ], [ 7468096.662857186049223, 1191407.702857177238911 ], [ 7468099.6057143304497, 1191399.054285746533424 ], [ 7468100.625714322552085, 1191389.75428575091064 ], [ 7468103.957142894156277, 1191370.517142894444987 ], [ 7468109.208571469411254, 1191351.9342857520096 ], [ 7468111.191428609192371, 1191342.960000030929223 ], [ 7468117.465714326128364, 1191315.074285751441494 ], [ 7468120.202857185155153, 1191300.537142887944356 ], [ 7468122.777142895385623, 1191286.862857181811705 ], [ 7468125.740000038407743, 1191275.005714317085221 ], [ 7468146.194285755977035, 1191186.548571464372799 ], [ 7468148.502857185900211, 1191176.611428603762761 ], [ 7468160.768571466207504, 1191131.725714322179556 ], [ 7468169.317142900079489, 1191119.677142893895507 ], [ 7468173.740000039339066, 1191115.308571458328515 ], [ 7468182.411428617313504, 1191110.088571462780237 ], [ 7468184.851428616791964, 1191108.088571466505527 ], [ 7468185.942857183516026, 1191107.2057143189013 ], [ 7468189.86571432556957, 1191102.420000035548583 ], [ 7468192.934285749681294, 1191095.294285750947893 ], [ 7468193.622857185080647, 1191089.148571462370455 ], [ 7468192.362857185304165, 1191081.568571459501982 ], [ 7468190.911428613588214, 1191078.1485714642331 ], [ 7468183.620000039227307, 1191065.137142888503149 ], [ 7468182.520000038668513, 1191053.314285744680092 ], [ 7468185.237142900004983, 1191041.64000003458932 ], [ 7468188.16285718139261, 1191033.331428608857095 ], [ 7468193.75428575463593, 1191024.81142860581167 ], [ 7468191.625714322552085, 1191024.474285749951378 ], [ 7468189.008571466431022, 1191023.442857176298276 ], [ 7468186.017142901197076, 1191021.362857180181891 ], [ 7468184.448571467772126, 1191019.702857181429863 ], [ 7468183.162857179529965, 1191017.145714320242405 ], [ 7468182.48857147525996, 1191014.908571465872228 ], [ 7468182.285714330151677, 1191012.288571461569518 ], [ 7468183.131428616121411, 1191008.888571463990957 ], [ 7468185.228571468032897, 1191005.848571462091058 ], [ 7468187.717142894864082, 1191003.951428605243564 ], [ 7468190.374285754747689, 1191002.700000030454248 ], [ 7468193.002857184037566, 1191002.125714323949069 ], [ 7468194.597142897546291, 1191002.197142891585827 ], [ 7468196.394285757094622, 1191002.465714321471751 ], [ 7468193.960000040009618, 1190997.425714315846562 ], [ 7468191.385714329779148, 1190989.171428608708084 ], [ 7468190.734285757876933, 1190983.42857146076858 ], [ 7468190.814285757951438, 1190978.69428574712947 ], [ 7468224.131428617984056, 1190837.822857171995565 ], [ 7468251.165714321658015, 1190723.725714318454266 ], [ 7468260.382857182994485, 1190687.191428607795388 ], [ 7468268.331428606063128, 1190648.082857179455459 ], [ 7468274.6057143304497, 1190620.197142892051488 ], [ 7468277.568571474403143, 1190608.340000035241246 ], [ 7468287.131428616121411, 1190567.637142892694101 ], [ 7468297.657142898067832, 1190527.260000032605603 ], [ 7468307.220000041648746, 1190486.557142890058458 ], [ 7468315.168571471236646, 1190447.445714320288971 ], [ 7468325.691428611986339, 1190407.071428601630032 ], [ 7468335.257142903283238, 1190366.365714317653328 ], [ 7468344.820000037550926, 1190325.662857175339013 ], [ 7468354.38285718113184, 1190284.957142891362309 ], [ 7468363.945714322850108, 1190244.254285749047995 ], [ 7468391.32857147231698, 1190125.982857172843069 ], [ 7468469.12285718228668, 1190158.891428601695225 ], [ 7468521.622857179492712, 1190181.045714322477579 ], [ 7468528.982857180759311, 1190184.622857176000252 ], [ 7468569.320000037550926, 1190201.568571466952562 ], [ 7468683.605714328587055, 1190250.111428602132946 ], [ 7468713.700000040233135, 1190262.49714289419353 ], [ 7468743.465714327991009, 1190275.845714318100363 ], [ 7468763.317142894491553, 1190283.674285744782537 ], [ 7468784.131428615190089, 1190291.828571461606771 ], [ 7468793.411428612656891, 1190296.060000028926879 ], [ 7468803.020000042393804, 1190299.331428606063128 ], [ 7468844.317142896354198, 1190316.602857179241255 ], [ 7468885.942857182584703, 1190332.911428605206311 ], [ 7468907.717142894864082, 1190341.394285753369331 ], [ 7468930.122857180424035, 1190351.16571431607008 ], [ 7468933.640000039711595, 1190353.434285749681294 ], [ 7468972.382857182994485, 1190368.762857179390267 ], [ 7469009.508571471087635, 1190385.688571464503184 ], [ 7469035.431428609415889, 1190397.728571460582316 ], [ 7469071.585714326240122, 1190411.480000033043325 ], [ 7469076.651428612880409, 1190413.37714288989082 ], [ 7469120.908571469597518, 1190433.251428603427485 ], [ 7469141.722857182845473, 1190441.408571461681277 ], [ 7469152.925714327022433, 1190446.294285750715062 ], [ 7469166.05142860673368, 1190451.831428604433313 ], [ 7469173.411428616382182, 1190455.411428607068956 ], [ 7469179.482857180759311, 1190459.620000035036355 ], [ 7469187.477142897434533, 1190464.485714318463579 ], [ 7469203.462857190519571, 1190474.217142892535776 ], [ 7469217.857142895460129, 1190482.331428605597466 ], [ 7469234.171428611502051, 1190491.100000032689422 ], [ 7469258.194285758771002, 1190499.277142888866365 ], [ 7469282.214285757392645, 1190507.45142860384658 ], [ 7469290.534285756759346, 1190511.357142888940871 ], [ 7469305.254285751841962, 1190518.511428603902459 ], [ 7469334.388571472838521, 1190530.571428605820984 ], [ 7469350.722857186570764, 1190536.131428606575355 ], [ 7469366.097142895683646, 1190541.362857175990939 ], [ 7469387.891428614035249, 1190546.637142890598625 ], [ 7469397.825714325532317, 1190548.94571432005614 ], [ 7469408.41714289970696, 1190549.334285745862871 ], [ 7469412.585714323446155, 1190549.680000033928081 ], [ 7469413.894285751506686, 1190545.837142892181873 ], [ 7469416.511428606696427, 1190538.151428608456627 ], [ 7469417.820000033825636, 1190534.305714317597449 ], [ 7469425.668571474030614, 1190511.245714317541569 ], [ 7469427.651428606361151, 1190502.271428604144603 ], [ 7469432.557142901234329, 1190487.857142893597484 ], [ 7469446.945714322850108, 1190445.580000034999102 ], [ 7469452.811428615823388, 1190431.494285748340189 ], [ 7469458.351428611204028, 1190418.368571467231959 ], [ 7469461.948571463115513, 1190407.800000032410026 ], [ 7469462.971428612247109, 1190398.497142895124853 ], [ 7469464.66571432352066, 1190384.062857178971171 ], [ 7469465.36285718344152, 1190375.722857173765078 ], [ 7469466.997142893262208, 1190370.917142892256379 ], [ 7469468.305714320391417, 1190367.074285750510171 ], [ 7469471.228571468964219, 1190361.637142886873335 ], [ 7469474.497142896056175, 1190352.028571465518326 ], [ 7469482.020000038668513, 1190329.925714314449579 ], [ 7469488.21428575553, 1190314.880000029457733 ], [ 7469500.805714325979352, 1190303.082857174333185 ], [ 7469580.820000033825636, 1190238.108571460470557 ], [ 7469602.100000039674342, 1190222.834285749588162 ], [ 7469617.311428614892066, 1190203.351428603054956 ], [ 7469619.43714289739728, 1190200.294285744661465 ], [ 7469828.177142895758152, 1190330.377142891054973 ], [ 7469949.682857187464833, 1190396.440000038594007 ], [ 7469955.548571464605629, 1190399.862857175525278 ], [ 7469966.351428615860641, 1190406.168571463786066 ], [ 7470133.385714328847826, 1190503.660000031581149 ], [ 7470335.500000039115548, 1190621.625714323483407 ], [ 7470430.825714329257607, 1190708.122857176000252 ], [ 7470576.182857185602188, 1190840.014285747194663 ], [ 7470580.997142899781466, 1190908.240000032354146 ], [ 7470592.700000040233135, 1191074.142857173457742 ], [ 7470501.700000040233135, 1191414.177142889704555 ], [ 7470496.797142902389169, 1191433.014285746961832 ], [ 7470495.174285750836134, 1191439.645714317448437 ], [ 7470431.500000040978193, 1191700.125714318826795 ], [ 7470382.265714321285486, 1192210.031428604619578 ], [ 7470380.520000040531158, 1192226.062857176410034 ], [ 7470372.000000037252903, 1192294.000000033760443 ] ] ] ] } },
{ "type": "Feature", "properties": { "DTUID": "535200051", "PRCODE": "35", "PRNAME": "Ontario", "CMANAME": "Toronto", "CSDNAME": "Toronto", "DTNAME": "Toronto", "DT_TYPE": "1" }, "geometry": { "type": "MultiPolygon", "coordinates": [ [ [ [ 7223838.448571465909481, 931133.854285744251683 ], [ 7223838.305714322254062, 931134.140000030631199 ], [ 7223817.80857147462666, 931173.140000036684796 ], [ 7223812.982857178896666, 931182.680000031832606 ], [ 7223778.374285755679011, 931248.291428602999076 ], [ 7223773.731428608298302, 931256.825714321108535 ], [ 7223770.631428612396121, 931262.508571459329687 ], [ 7223754.968571467325091, 931291.968571462552063 ], [ 7223728.280000036582351, 931342.348571460461244 ], [ 7223709.1571429008618, 931379.508571462356485 ], [ 7223657.340000039897859, 931477.420000035082921 ], [ 7223615.988571474328637, 931557.437142892391421 ], [ 7223580.840000042691827, 931626.07428575027734 ], [ 7223552.540000040084124, 931680.740000034449622 ], [ 7223550.265714324079454, 931685.177142888307571 ], [ 7223541.185714329592884, 931676.531428606482223 ], [ 7223406.240000041201711, 931552.325714318896644 ], [ 7223083.742857178673148, 931245.317142885876819 ], [ 7223072.397142892703414, 931234.5142857497558 ], [ 7223058.060000040568411, 931220.868571465951391 ], [ 7223036.994285753928125, 931200.817142888437957 ], [ 7222963.265714328736067, 931137.317142892628908 ], [ 7222904.05142861045897, 931091.317142888437957 ], [ 7222761.685714326798916, 930997.745714320801198 ], [ 7222725.911428619176149, 930976.282857176149264 ], [ 7222719.954285752959549, 930973.128571461304091 ], [ 7222709.594285753555596, 930967.622857179259881 ], [ 7222709.534285752102733, 930967.59142860758584 ], [ 7222699.854285754263401, 930962.457142886938527 ], [ 7222691.474285753443837, 930958.008571459446102 ], [ 7222680.75428575091064, 930952.505714318947867 ], [ 7222382.502857186831534, 930799.425714315730147 ], [ 7222369.262857185676694, 930792.640000036219135 ], [ 7222369.242857179604471, 930792.628571462584659 ], [ 7222362.611428609117866, 930789.225714316009544 ], [ 7222023.597142900340259, 930615.225714318221435 ], [ 7222011.745714326389134, 930609.140000031562522 ], [ 7221999.080000046640635, 930602.640000030631199 ], [ 7221998.777142895385623, 930602.485714321490377 ], [ 7221991.474285755306482, 930598.728571462444961 ], [ 7221978.434285748749971, 930592.048571463674307 ], [ 7221819.720000043511391, 930510.585714318556711 ], [ 7221807.102857176214457, 930504.111428606207483 ], [ 7221807.597142898477614, 930503.080000032670796 ], [ 7221810.380000036209822, 930497.69142860500142 ], [ 7221848.93714289739728, 930423.051428601844236 ], [ 7221904.025714321061969, 930318.440000032191165 ], [ 7222003.091428612358868, 930124.905714318272658 ], [ 7222014.471428612247109, 930101.954285748186521 ], [ 7222042.702857179567218, 930048.731428602826782 ], [ 7222114.24000003747642, 929911.285714321304113 ], [ 7222123.474285747855902, 929893.545714315026999 ], [ 7222204.605714328587055, 929736.354285747976974 ], [ 7222256.31428575143218, 929633.20571431517601 ], [ 7222256.382857177406549, 929633.068571462761611 ], [ 7222264.297142902389169, 929617.202857181197032 ], [ 7222264.420000040903687, 929616.960000032559037 ], [ 7222284.908571464009583, 929577.954285751096904 ], [ 7222352.825714331120253, 929442.325714319013059 ], [ 7222416.385714328847826, 929319.451428606407717 ], [ 7222481.602857183665037, 929198.937142892973498 ], [ 7222525.860000047832727, 929114.240000033169053 ], [ 7222574.122857186943293, 929018.79428574827034 ], [ 7222657.631428615190089, 928859.934285750379786 ], [ 7222753.36285718716681, 928679.311428606510162 ], [ 7222758.185714324936271, 928669.771428603678942 ], [ 7222761.460000035353005, 928663.077142889844254 ], [ 7222783.320000037550926, 928622.228571462794207 ], [ 7222783.428571468219161, 928622.017142893513665 ], [ 7222786.397142894566059, 928616.377142892684788 ], [ 7222879.405714329332113, 928439.597142890677787 ], [ 7222988.24857147410512, 928232.177142893429846 ], [ 7223040.288571470417082, 928133.162857171613723 ], [ 7223059.731428605504334, 928094.062857175362296 ], [ 7223169.828571466729045, 927879.997142892563716 ], [ 7223177.577142893336713, 927865.351428606780246 ], [ 7223183.954285757616162, 927852.960000031860545 ], [ 7223185.68000004068017, 927849.102857175050303 ], [ 7223219.102857181802392, 927784.317142890999094 ], [ 7223220.837142897769809, 927780.46285717561841 ], [ 7223239.774285759776831, 927744.30000003403984 ], [ 7223265.640000037848949, 927692.725714321481064 ], [ 7223281.934285756200552, 927656.38571431604214 ], [ 7223301.045714326202869, 927616.837142892414704 ], [ 7223354.420000039041042, 927516.065714315394871 ], [ 7223373.000000039115548, 927481.920000034384429 ], [ 7223390.040000045672059, 927450.614285751711577 ], [ 7223410.171428615227342, 927413.631428605993278 ], [ 7223416.731428610160947, 927400.2342857462354 ], [ 7223419.085714327171445, 927395.728571466053836 ], [ 7223443.600000038743019, 927348.834285748424008 ], [ 7223484.231428606435657, 927272.831428606295958 ], [ 7223513.182857187464833, 927215.568571464740671 ], [ 7223554.174285758286715, 927137.551428603706881 ], [ 7223575.360000040382147, 927096.622857176698744 ], [ 7223582.768571462482214, 927082.305714322486892 ], [ 7223617.568571472540498, 927015.668571460759267 ], [ 7223620.660000044852495, 927009.98285717330873 ], [ 7223623.168571470305324, 927005.160000035306439 ], [ 7223629.394285750575364, 926993.148571461671963 ], [ 7223638.240000035613775, 926975.660000036004931 ], [ 7223638.894285749644041, 926974.408571460982785 ], [ 7223642.185714324936271, 926968.125714319990948 ], [ 7223681.817142898216844, 926892.480000031762756 ], [ 7223704.548571465536952, 926849.088571466272697 ], [ 7223722.854285754263401, 926814.517142889555544 ], [ 7223751.740000035613775, 926759.688571464270353 ], [ 7223752.342857180163264, 926758.608571462449618 ], [ 7223768.597142895683646, 926729.400000032270327 ], [ 7223768.757142902351916, 926729.071428600815125 ], [ 7223769.954285758547485, 926726.625714318710379 ], [ 7223771.871428605169058, 926722.705714318435639 ], [ 7223778.065714330412447, 926711.322857177583501 ], [ 7223779.091428613290191, 926709.442857177462429 ], [ 7223805.62000004388392, 926660.697142889723182 ], [ 7223807.491428612731397, 926657.251428605639376 ], [ 7223834.905714325606823, 926602.837142894626595 ], [ 7223846.754285749979317, 926583.10000003350433 ], [ 7223855.685714325867593, 926568.037142892018892 ], [ 7223856.460000036284328, 926567.368571463041008 ], [ 7223860.482857182621956, 926562.805714322719723 ], [ 7223863.737142896279693, 926559.9485714599723 ], [ 7223871.885714329779148, 926554.048571461578831 ], [ 7223877.117142898961902, 926550.748571462230757 ], [ 7223883.857142899185419, 926547.188571457518265 ], [ 7223923.471428608521819, 926531.271428606356494 ], [ 7223931.454285759478807, 926527.577142890542746 ], [ 7223937.657142899930477, 926524.771428605308756 ], [ 7223945.768571464344859, 926520.451428605942056 ], [ 7223955.531428609974682, 926514.837142893811688 ], [ 7223966.865714330226183, 926507.782857176847756 ], [ 7223974.188571469858289, 926501.845714316237718 ], [ 7223978.440000042319298, 926498.385714317089878 ], [ 7223981.177142893895507, 926494.705714316456579 ], [ 7223988.671428613364697, 926487.72571431635879 ], [ 7224001.457142896950245, 926474.391428607515991 ], [ 7224019.151428610086441, 926455.222857177490368 ], [ 7224089.008571470156312, 926379.568571464857087 ], [ 7224120.674285756424069, 926347.954285748768598 ], [ 7224159.080000042915344, 926356.577142891008407 ], [ 7224163.357142897322774, 926357.545714321313426 ], [ 7224168.062857180833817, 926362.794285747222602 ], [ 7224174.897142896428704, 926370.428571461234242 ], [ 7224181.742857177741826, 926378.051428601611406 ], [ 7224188.580000042915344, 926385.677142891101539 ], [ 7224191.842857179231942, 926389.317142887972295 ], [ 7224198.731428606435657, 926396.905714315129444 ], [ 7224205.617142898961902, 926404.491428608540446 ], [ 7224212.502857184037566, 926412.077142894384451 ], [ 7224219.382857179269195, 926419.66285717242863 ], [ 7224226.271428612992167, 926427.24000003375113 ], [ 7224233.157142898067832, 926434.82571431947872 ], [ 7224233.51142861135304, 926435.208571462193504 ], [ 7224226.597142895683646, 926442.782857174286619 ], [ 7224219.69428576156497, 926450.3457143206615 ], [ 7224212.785714328289032, 926457.917142891325057 ], [ 7224212.408571468666196, 926458.331428605597466 ], [ 7224205.520000042393804, 926465.908571466919966 ], [ 7224198.631428616121411, 926473.485714320559055 ], [ 7224191.737142898142338, 926481.074285747716203 ], [ 7224184.848571471869946, 926488.651428609155118 ], [ 7224177.957142896018922, 926496.240000028628856 ], [ 7224171.06571432761848, 926503.817142889951356 ], [ 7224164.631428612396121, 926510.891428604954854 ], [ 7224157.668571475893259, 926518.408571464475244 ], [ 7224150.705714324489236, 926525.937142889946699 ], [ 7224143.742857180535793, 926533.451428600237705 ], [ 7224136.780000037513673, 926540.968571459758095 ], [ 7224129.825714325532317, 926548.485714319278486 ], [ 7224122.865714324638247, 926556.002857171115465 ], [ 7224115.902857188135386, 926563.520000030635856 ], [ 7224113.662857184186578, 926565.928571465890855 ], [ 7224106.69428575783968, 926573.445714317727834 ], [ 7224099.725714324042201, 926580.948571462067775 ], [ 7224092.757142905145884, 926588.462857172358781 ], [ 7224085.785714330151677, 926595.977142890449613 ], [ 7224078.817142895422876, 926603.482857176335528 ], [ 7224076.2342857606709, 926606.274285746505484 ], [ 7224085.965714327991009, 926609.460000033024698 ], [ 7224095.702857185155153, 926612.660000034607947 ], [ 7224105.434285750612617, 926615.857142894761637 ], [ 7224115.171428616158664, 926619.0542857471155 ], [ 7224124.90285718254745, 926622.240000033634715 ], [ 7224134.634285757318139, 926625.437142893671989 ], [ 7224144.37142860610038, 926628.637142887571827 ], [ 7224152.085714327171445, 926631.165714318747632 ], [ 7224158.960000040009618, 926623.57428575004451 ], [ 7224165.837142899632454, 926615.982857173541561 ], [ 7224172.714285753667355, 926608.380000031320378 ], [ 7224179.588571464642882, 926600.78857146250084 ], [ 7224186.465714326128364, 926593.197142893914133 ], [ 7224193.340000044554472, 926585.605714317411184 ], [ 7224200.21714289765805, 926578.014285748824477 ], [ 7224207.094285758212209, 926570.411428606370464 ], [ 7224213.971428611315787, 926562.820000030100346 ], [ 7224220.845714323222637, 926555.228571461280808 ], [ 7224227.722857183776796, 926547.637142892694101 ], [ 7224228.154285755008459, 926547.165714317932725 ], [ 7224235.114285748451948, 926539.648571458412334 ], [ 7224242.077142892405391, 926532.134285748121329 ], [ 7224249.040000043809414, 926524.617142888600938 ], [ 7224256.000000038184226, 926517.111428602598608 ], [ 7224259.260000041685998, 926513.594285750878043 ], [ 7224268.280000042170286, 926518.460000034188852 ], [ 7224277.291428609751165, 926523.314285751548596 ], [ 7224286.314285758882761, 926528.168571461224928 ], [ 7224295.337142899632454, 926533.022857178468257 ], [ 7224299.414285758510232, 926535.225714319618419 ], [ 7224306.580000039190054, 926542.55714289075695 ], [ 7224313.737142896279693, 926549.882857179036364 ], [ 7224320.894285751506686, 926557.211428608628921 ], [ 7224321.488571472465992, 926557.817142886575311 ], [ 7224328.740000043064356, 926565.057142891921103 ], [ 7224335.991428614594042, 926572.288571465294808 ], [ 7224343.240000036545098, 926579.528571462957188 ], [ 7224350.491428615525365, 926586.771428602049127 ], [ 7224357.74000003747642, 926594.011428607394919 ], [ 7224364.99142861738801, 926601.242857180652209 ], [ 7224372.242857180535793, 926608.482857178431004 ], [ 7224379.491428609937429, 926615.725714317522943 ], [ 7224386.742857181467116, 926622.957142890780233 ], [ 7224393.994285752996802, 926630.197142888442613 ], [ 7224394.942857185378671, 926631.140000037732534 ], [ 7224402.171428617089987, 926638.40000003343448 ], [ 7224409.411428614519536, 926645.651428604731336 ], [ 7224410.725714324973524, 926646.968571464531124 ], [ 7224420.420000037178397, 926650.26285717333667 ], [ 7224430.120000040158629, 926653.560000031371601 ], [ 7224439.820000033825636, 926656.868571462924592 ], [ 7224449.522857178002596, 926660.165714320959523 ], [ 7224459.214285756461322, 926663.471428603399545 ], [ 7224468.914285759441555, 926666.768571461318061 ], [ 7224478.617142902687192, 926670.062857177807018 ], [ 7224487.600000040605664, 926673.125714319176041 ], [ 7224488.094285755418241, 926673.351428603637032 ], [ 7224488.562857180833817, 926673.617142891860567 ], [ 7224488.997142893262208, 926673.937142891343683 ], [ 7224489.394285751506686, 926674.305714318761602 ], [ 7224489.75428575463593, 926674.702857176540419 ], [ 7224490.065714329481125, 926675.134285747539252 ], [ 7224490.334285758435726, 926675.605714314384386 ], [ 7224490.548571469262242, 926676.100000036298297 ], [ 7224490.714285751804709, 926676.608571465592831 ], [ 7224490.820000041276217, 926677.14000003435649 ], [ 7224490.874285759404302, 926677.674285744549707 ], [ 7224490.877142900601029, 926678.22000003606081 ], [ 7224490.811428615823388, 926678.751428604824468 ], [ 7224490.697142895311117, 926679.285714322701097 ], [ 7224490.528571471571922, 926679.797142885858193 ], [ 7224490.314285753294826, 926680.288571458542719 ], [ 7224490.037142898887396, 926680.745714318007231 ], [ 7224489.722857182845473, 926681.182857179548591 ], [ 7224489.357142896391451, 926681.585714320302941 ], [ 7224488.957142896950245, 926681.945714323432185 ], [ 7224488.517142901197076, 926682.251428607734852 ], [ 7224488.04857146833092, 926682.520000029820949 ], [ 7224487.557142895646393, 926682.74571431428194 ], [ 7224487.03714289329946, 926682.911428604507819 ], [ 7224486.511428607627749, 926683.014285743935034 ], [ 7224485.97714289650321, 926683.071428604191169 ], [ 7224485.437142903916538, 926683.068571462761611 ], [ 7224484.90285718627274, 926683.008571460959502 ], [ 7224484.337142895907164, 926682.885714315809309 ], [ 7224474.565714325755835, 926679.680000031366944 ], [ 7224464.834285759367049, 926676.491428603418171 ], [ 7224455.097142893821001, 926673.291428601834923 ], [ 7224445.365714328363538, 926670.105714315315709 ], [ 7224435.625714321620762, 926666.917142887366936 ], [ 7224425.894285755231977, 926663.720000035013072 ], [ 7224416.154285748489201, 926660.531428606947884 ], [ 7224406.425714330747724, 926657.334285746910609 ], [ 7224404.517142901197076, 926656.711428604787216 ], [ 7224397.30857147462666, 926649.442857176880352 ], [ 7224390.091428617015481, 926642.162857175339013 ], [ 7224382.871428608894348, 926634.891428606119007 ], [ 7224375.662857183255255, 926627.622857178328559 ], [ 7224368.445714324712753, 926620.34285717678722 ], [ 7224361.234285757876933, 926613.074285748880357 ], [ 7224354.017142899334431, 926605.802857171976939 ], [ 7224346.800000041723251, 926598.522857178235427 ], [ 7224340.257142903283238, 926591.920000037876889 ], [ 7224332.994285758584738, 926584.700000030454248 ], [ 7224325.734285755082965, 926577.46857146488037 ], [ 7224318.474285751581192, 926570.234285750193521 ], [ 7224311.220000045374036, 926563.017142892000265 ], [ 7224303.960000034421682, 926555.785714318742976 ], [ 7224296.700000039301813, 926548.551428604056127 ], [ 7224294.757142903283238, 926546.622857175534591 ], [ 7224287.822857189923525, 926554.168571457499638 ], [ 7224280.897142892703414, 926561.714285747264512 ], [ 7224273.965714328922331, 926569.24857146339491 ], [ 7224267.040000047534704, 926576.797142886789516 ], [ 7224260.10571432672441, 926584.340000035008416 ], [ 7224253.171428613364697, 926591.885714316973463 ], [ 7224246.245714331977069, 926599.434285748167895 ], [ 7224239.311428611166775, 926606.977142888586968 ], [ 7224232.385714329779148, 926614.5257143197814 ], [ 7224225.451428616419435, 926622.068571460316889 ], [ 7224218.517142903059721, 926629.614285749965347 ], [ 7224214.431428613141179, 926634.071428601862863 ], [ 7224216.808571476489305, 926644.034285743487999 ], [ 7224219.185714324936271, 926653.997142892912962 ], [ 7224219.288571471348405, 926654.422857173136435 ], [ 7224228.968571468256414, 926657.774285749997944 ], [ 7224238.654285747557878, 926661.111428603995591 ], [ 7224248.340000042691827, 926664.451428607222624 ], [ 7224258.022857181727886, 926667.802857176400721 ], [ 7224267.705714319832623, 926671.142857171827927 ], [ 7224277.391428614966571, 926674.480000033625402 ], [ 7224287.077142894268036, 926677.820000036852434 ], [ 7224296.760000040754676, 926681.171428605914116 ], [ 7224299.268571466207504, 926682.028571457136422 ], [ 7224308.968571469187737, 926685.337142888689414 ], [ 7224318.66000003926456, 926688.631428605178371 ], [ 7224328.360000042244792, 926691.937142887618393 ], [ 7224338.062857178971171, 926695.23428575322032 ], [ 7224346.617142902687192, 926698.151428610086441 ], [ 7224353.425714328885078, 926697.265714321052656 ], [ 7224359.351428615860641, 926697.931428600801155 ], [ 7224365.588571470230818, 926699.797142885974608 ], [ 7224370.231428610160947, 926702.380000035976991 ], [ 7224374.865714326500893, 926706.457142886705697 ], [ 7224377.177142897620797, 926708.445714324712753 ], [ 7224386.897142898291349, 926711.688571463804692 ], [ 7224396.608571466058493, 926714.928571461467072 ], [ 7224406.328571466729045, 926718.182857181876898 ], [ 7224416.048571467399597, 926721.425714320968837 ], [ 7224425.762857185676694, 926724.665714318631217 ], [ 7224435.482857186347246, 926727.908571465406567 ], [ 7224445.200000037439167, 926731.162857178132981 ], [ 7224446.277142897248268, 926731.514285749173723 ], [ 7224454.914285754784942, 926734.402857175795361 ], [ 7224464.634285755455494, 926737.645714322570711 ], [ 7224474.354285756126046, 926740.885714320233092 ], [ 7224476.591428618878126, 926741.634285749052651 ], [ 7224481.360000045970082, 926732.568571462295949 ], [ 7224486.125714322552085, 926723.500000033993274 ], [ 7224490.894285749644041, 926714.434285747236572 ], [ 7224495.662857184186578, 926705.36857146047987 ], [ 7224500.428571470081806, 926696.302857173723169 ], [ 7224505.197142897173762, 926687.237142886966467 ], [ 7224507.191428610123694, 926683.434285748982802 ], [ 7224507.588571468368173, 926683.09428575146012 ], [ 7224508.008571464568377, 926682.797142891678959 ], [ 7224508.454285758547485, 926682.548571459949017 ], [ 7224508.931428608484566, 926682.351428605616093 ], [ 7224509.425714330747724, 926682.194285747362301 ], [ 7224509.934285752475262, 926682.100000032456592 ], [ 7224510.445714322850108, 926682.062857177923433 ], [ 7224510.960000034421682, 926682.071428602328524 ], [ 7224511.468571471981704, 926682.137142887106165 ], [ 7224511.977142901159823, 926682.248571466305293 ], [ 7224512.457142900675535, 926682.414285748964176 ], [ 7224512.928571467287838, 926682.637142891995609 ], [ 7224513.371428611688316, 926682.90857146307826 ], [ 7224513.782857184298337, 926683.211428605951369 ], [ 7224514.160000043921173, 926683.565714318421669 ], [ 7224514.494285758584738, 926683.957142893224955 ], [ 7224514.78857146948576, 926684.385714314877987 ], [ 7224515.03714289329946, 926684.831428608624265 ], [ 7224515.237142896279693, 926685.311428607674316 ], [ 7224515.38285718113184, 926685.802857172675431 ], [ 7224515.485714320093393, 926686.311428609536961 ], [ 7224515.525714324787259, 926686.820000031148084 ], [ 7224515.517142899334431, 926687.340000034077093 ], [ 7224515.45714289881289, 926687.848571463255212 ], [ 7224515.340000043623149, 926688.348571460461244 ], [ 7224515.168571470305324, 926688.837142891599797 ], [ 7224510.405714326538146, 926697.914285751990974 ], [ 7224505.64000004157424, 926706.980000030947849 ], [ 7224500.880000038072467, 926716.048571466933936 ], [ 7224496.12000004388392, 926725.114285746123642 ], [ 7224491.351428609341383, 926734.191428606398404 ], [ 7224486.591428615152836, 926743.260000034701079 ], [ 7224481.831428611651063, 926752.328571463003755 ], [ 7224480.462857190519571, 926754.934285752475262 ], [ 7224475.665714325383306, 926763.982857174938545 ], [ 7224470.860000044107437, 926773.02857146365568 ], [ 7224466.060000037774444, 926782.088571459753439 ], [ 7224461.254285756498575, 926791.134285748470575 ], [ 7224457.328571465797722, 926798.545714319450781 ], [ 7224457.031428613699973, 926799.065714314696379 ], [ 7224456.802857180126011, 926799.625714321271516 ], [ 7224456.62285718228668, 926800.191428603138775 ], [ 7224456.505714328028262, 926800.782857173820958 ], [ 7224456.454285757616162, 926801.388571467017755 ], [ 7224456.468571472913027, 926801.982857171446085 ], [ 7224456.534285757690668, 926802.588571464875713 ], [ 7224456.671428610570729, 926803.171428603236564 ], [ 7224456.87142860610038, 926803.734285751357675 ], [ 7224457.12571432068944, 926804.282857176614925 ], [ 7224457.437142902985215, 926804.797142888884991 ], [ 7224457.79428575001657, 926805.285714320139959 ], [ 7224458.205714322626591, 926805.717142890905961 ], [ 7224458.657142899930477, 926806.120000031660311 ], [ 7224459.154285755008459, 926806.462857178179547 ], [ 7224459.677142899483442, 926806.751428605988622 ], [ 7224460.228571466170251, 926806.988571464084089 ], [ 7224460.55142860673368, 926807.10000003548339 ], [ 7224466.662857182323933, 926810.280000031460077 ], [ 7224469.640000040642917, 926811.828571458579972 ], [ 7224478.728571467101574, 926816.545714315841906 ], [ 7224487.825714325532317, 926821.277142888167873 ], [ 7224496.914285759441555, 926826.008571460377425 ], [ 7224502.300000045448542, 926828.805714321206324 ], [ 7224502.968571467325091, 926828.86857145675458 ], [ 7224503.642857186496258, 926828.865714315325022 ], [ 7224504.317142898216844, 926828.788571464596316 ], [ 7224504.968571471050382, 926828.64000003086403 ], [ 7224505.608571469783783, 926828.431428602896631 ], [ 7224506.222857187502086, 926828.145714316749945 ], [ 7224506.802857184782624, 926827.808571460773237 ], [ 7224507.337142902426422, 926827.405714320018888 ], [ 7224507.834285758435726, 926826.948571460554376 ], [ 7224508.280000036582351, 926826.442857172689401 ], [ 7224508.674285752698779, 926825.897142888861708 ], [ 7224509.014285758137703, 926825.280000037280843 ], [ 7224513.800000040791929, 926816.171428605215624 ], [ 7224518.560000043362379, 926807.102857177029364 ], [ 7224523.328571470454335, 926798.025714316638187 ], [ 7224528.088571464642882, 926788.960000037564896 ], [ 7224532.848571475595236, 926779.891428601695225 ], [ 7224537.617142901755869, 926770.825714322505519 ], [ 7224541.862857184372842, 926762.722857175394893 ], [ 7224551.560000037774444, 926766.042857180582359 ], [ 7224561.248571466654539, 926769.360000036656857 ], [ 7224570.948571469634771, 926772.668571460526437 ], [ 7224580.637142898514867, 926775.985714316600934 ], [ 7224590.334285759367049, 926779.3057143217884 ], [ 7224600.025714322924614, 926782.611428604112007 ], [ 7224609.722857182845473, 926785.931428601616062 ], [ 7224619.411428612656891, 926789.248571465257555 ], [ 7224622.702857179567218, 926790.365714321727864 ], [ 7224632.354285754263401, 926793.791428599972278 ], [ 7224642.014285760000348, 926797.220000035245903 ], [ 7224651.662857186049223, 926800.645714321290143 ], [ 7224658.825714325532317, 926803.194285750389099 ], [ 7224654.568571468815207, 926811.722857177839614 ], [ 7224649.608571470715106, 926820.694285749690607 ], [ 7224644.651428613811731, 926829.651428606361151 ], [ 7224639.69428575783968, 926838.620000036782585 ], [ 7224634.737142900004983, 926847.580000034999102 ], [ 7224633.225714327767491, 926850.30857146193739 ], [ 7224628.457142893224955, 926859.374285748694092 ], [ 7224623.688571466132998, 926868.440000035450794 ], [ 7224618.922857181169093, 926877.505714322207496 ], [ 7224614.671428615227342, 926885.571428606985137 ], [ 7224615.082857180386782, 926887.451428599655628 ], [ 7224616.045714328065515, 926889.22000003606081 ], [ 7224625.042857188731432, 926894.11714289104566 ], [ 7224633.5285714706406, 926898.740000033285469 ], [ 7224634.222857188433409, 926899.608571465592831 ], [ 7224633.840000038035214, 926901.782857176614925 ], [ 7224628.857142892666161, 926911.245714321034029 ], [ 7224619.482857180759311, 926929.051428604638204 ], [ 7224618.388571470975876, 926930.9914286066778 ], [ 7224617.06857146974653, 926931.820000035339035 ], [ 7224615.982857184484601, 926931.940000031259842 ], [ 7224607.122857185080647, 926927.368571458617225 ], [ 7224606.880000043660402, 926927.242857179837301 ], [ 7224597.7771428944543, 926922.545714320614934 ], [ 7224595.785714330151677, 926921.511428605532274 ], [ 7224591.060000041499734, 926930.608571463963017 ], [ 7224586.348571474663913, 926939.697142890305258 ], [ 7224581.625714326277375, 926948.794285748619586 ], [ 7224580.191428612917662, 926951.548571464372799 ], [ 7224581.651428608223796, 926952.228571466868743 ], [ 7224589.4771429002285, 926955.87714288814459 ], [ 7224598.765714323148131, 926960.194285746198148 ], [ 7224608.060000043362379, 926964.514285745564848 ], [ 7224617.348571472801268, 926968.83142860350199 ], [ 7224626.637142894789577, 926973.148571461439133 ], [ 7224626.768571464344859, 926973.208571463241242 ], [ 7224634.897142892703414, 926976.994285744731314 ], [ 7224636.020000039599836, 926974.860000029904768 ], [ 7224639.674285751767457, 926967.928571465658024 ], [ 7224644.457142893224955, 926958.865714320330881 ], [ 7224649.080000042915344, 926950.108571459306404 ], [ 7224640.085714324377477, 926945.200000030919909 ], [ 7224631.091428613290191, 926940.291428602300584 ], [ 7224629.07142861187458, 926939.182857178151608 ], [ 7224628.502857187762856, 926937.597142888465896 ], [ 7224628.560000040568411, 926936.111428604577668 ], [ 7224629.580000041052699, 926933.94571431807708 ], [ 7224638.568571468815207, 926916.717142889974639 ], [ 7224643.671428609639406, 926906.937142887618393 ], [ 7224644.891428614035249, 926906.102857175981626 ], [ 7224645.874285759404302, 926905.951428600819781 ], [ 7224647.92000004183501, 926906.428571466123685 ], [ 7224657.022857183590531, 926911.125714317429811 ], [ 7224664.311428616754711, 926914.891428600996733 ], [ 7224667.902857185341418, 926914.471428603632376 ], [ 7224672.4771429002285, 926905.297142886905931 ], [ 7224677.037142898887396, 926896.131428609951399 ], [ 7224681.608571471646428, 926886.957142893224955 ], [ 7224686.177142893895507, 926877.79428575001657 ], [ 7224690.740000043064356, 926868.617142891744152 ], [ 7224692.860000042244792, 926864.3428571713157 ], [ 7224687.800000037997961, 926861.745714321616106 ], [ 7224684.291428610682487, 926867.440000033471733 ], [ 7224678.605714331381023, 926864.882857179967687 ], [ 7224681.43714289739728, 926855.514285750337876 ], [ 7224685.751428614370525, 926846.220000029890798 ], [ 7224689.185714324936271, 926838.825714323204011 ], [ 7224694.054285757243633, 926829.802857173955999 ], [ 7224698.911428615450859, 926820.791428606025875 ], [ 7224700.620000042952597, 926817.625714317662641 ], [ 7224707.177142896689475, 926821.471428608521819 ], [ 7224703.574285754933953, 926831.000000030267984 ], [ 7224698.45428575668484, 926839.880000036209822 ], [ 7224696.025714322924614, 926844.094285747152753 ], [ 7224692.771428618580103, 926853.811428606277332 ], [ 7224691.745714327320457, 926856.854285749606788 ], [ 7224696.005714325234294, 926858.908571464708075 ], [ 7224700.728571465238929, 926849.811428606277332 ], [ 7224705.44285718165338, 926840.722857180051506 ], [ 7224710.165714321658015, 926831.625714321620762 ], [ 7224714.888571469113231, 926822.540000029141083 ], [ 7224715.580000044777989, 926821.21428574481979 ], [ 7224725.268571466207504, 926824.531428608577698 ], [ 7224734.965714327991009, 926827.851428606081754 ], [ 7224744.654285749420524, 926831.168571462039836 ], [ 7224754.3428571857512, 926834.488571459427476 ], [ 7224756.088571466505527, 926835.0771428886801 ], [ 7224764.040000046603382, 926837.805714323185384 ], [ 7224773.728571468032897, 926841.12571432068944 ], [ 7224783.362857185304165, 926844.420000037178397 ], [ 7224793.042857183143497, 926847.782857172191143 ], [ 7224802.71428575553, 926851.154285747092217 ], [ 7224812.391428610309958, 926854.52857146342285 ], [ 7224822.062857182696462, 926857.888571464689448 ], [ 7224831.740000038407743, 926861.26285717333667 ], [ 7224841.411428618244827, 926864.625714323832653 ], [ 7224850.782857188954949, 926867.891428602393717 ], [ 7224845.620000038295984, 926876.737142887664959 ], [ 7224840.4571428950876, 926885.585714314482175 ], [ 7224839.877142898738384, 926886.585714316461235 ], [ 7224835.080000041052699, 926895.634285746607929 ], [ 7224830.274285759776831, 926904.680000035325065 ], [ 7224825.468571471050382, 926913.72571431635879 ], [ 7224820.668571472167969, 926922.774285746505484 ], [ 7224815.86285718344152, 926931.820000035339035 ], [ 7224811.057142902165651, 926940.86571431637276 ], [ 7224807.120000044815242, 926948.288571460871026 ], [ 7224802.277142900973558, 926957.3142857439816 ], [ 7224797.437142899259925, 926966.354285749723203 ], [ 7224792.594285754486918, 926975.380000032717362 ], [ 7224787.757142901420593, 926984.411428606370464 ], [ 7224787.302857183851302, 926985.248571459436789 ], [ 7224796.340000040829182, 926990.071428605122492 ], [ 7224801.865714328363538, 926993.022857174975798 ], [ 7224805.374285755679011, 926994.897142892354168 ], [ 7224814.417142895050347, 926999.722857179585844 ], [ 7224823.45142861828208, 927004.545714317588136 ], [ 7224827.480000040493906, 927006.705714321113192 ], [ 7224832.205714322626591, 926997.605714321136475 ], [ 7224836.917142895981669, 926988.520000036340207 ], [ 7224841.642857185564935, 926979.422857177909464 ], [ 7224845.505714325234294, 926971.985714318347163 ], [ 7224849.502857184037566, 926964.125714319990948 ], [ 7224854.142857182770967, 926954.988571457797661 ], [ 7224858.780000040307641, 926945.851428603287786 ], [ 7224863.417142897844315, 926936.722857180866413 ], [ 7224868.065714328549802, 926927.5885714602191 ], [ 7224872.702857177704573, 926918.451428605709225 ], [ 7224877.340000042691827, 926909.32285717560444 ], [ 7224881.980000041425228, 926900.18571432121098 ], [ 7224883.974285755306482, 926896.26571432093624 ], [ 7224888.648571467027068, 926887.160000030416995 ], [ 7224892.020000042393804, 926880.588571461616084 ], [ 7224901.734285759739578, 926883.854285747976974 ], [ 7224911.440000045113266, 926887.128571458742954 ], [ 7224921.148571472615004, 926890.394285752787255 ], [ 7224930.854285757988691, 926893.668571463553235 ], [ 7224940.568571467883885, 926896.9457143235486 ], [ 7224950.274285753257573, 926900.208571460563689 ], [ 7224959.980000039562583, 926903.485714320559055 ], [ 7224969.688571466132998, 926906.748571465490386 ], [ 7224975.177142899483442, 926908.605714318458922 ], [ 7224973.154285747557878, 926913.054285745951347 ], [ 7224972.202857181429863, 926916.611428601434454 ], [ 7224963.525714321061969, 926913.88857146515511 ], [ 7224960.42000004183501, 926923.657142894109711 ], [ 7224957.308571472764015, 926933.411428607767448 ], [ 7224954.2057143189013, 926943.177142895176075 ], [ 7224951.100000040605664, 926952.945714324014261 ], [ 7224948.000000037252903, 926962.702857179217972 ], [ 7224946.49142861366272, 926967.437142892973498 ], [ 7224955.522857179865241, 926972.285714319674298 ], [ 7224964.545714328065515, 926977.13142860494554 ], [ 7224972.942857186309993, 926981.642857175669633 ], [ 7224982.005714323371649, 926986.414285751758143 ], [ 7224985.508571468293667, 926988.260000038892031 ], [ 7224990.140000035054982, 926979.120000035152771 ], [ 7224994.777142900042236, 926969.982857172959484 ], [ 7224998.840000042691827, 926961.97142860700842 ], [ 7224996.728571468032897, 926960.634285749169067 ], [ 7225001.588571468368173, 926951.611428599921055 ], [ 7225006.440000044181943, 926942.597142890561372 ], [ 7225011.29428575374186, 926933.571428607450798 ], [ 7225012.845714323222637, 926930.688571463804692 ], [ 7225003.134285753592849, 926927.437142892624252 ], [ 7224993.420000036247075, 926924.171428606263362 ], [ 7224983.708571467548609, 926920.917142893536948 ], [ 7224980.274285757914186, 926919.760000033420511 ], [ 7224982.771428616717458, 926912.028571462957188 ], [ 7224982.877142897807062, 926911.702857180731371 ], [ 7224992.597142898477614, 926914.957142885774374 ], [ 7225002.302857183851302, 926918.22000003058929 ], [ 7225012.022857184521854, 926921.474285750999115 ], [ 7225012.740000041201711, 926921.722857174929231 ], [ 7225015.020000041462481, 926923.302857173839584 ], [ 7225024.751428615301847, 926926.500000033993274 ], [ 7225034.480000040493906, 926929.700000035576522 ], [ 7225044.214285756461322, 926932.91142860299442 ], [ 7225053.94285718165338, 926936.108571463031694 ], [ 7225063.671428613364697, 926939.308571464614943 ], [ 7225064.637142894789577, 926939.628571463981643 ], [ 7225065.117142901755869, 926939.920000033220276 ], [ 7225064.877142902463675, 926940.371428602142259 ], [ 7225060.071428613737226, 926949.417142890859395 ], [ 7225055.25428575091064, 926958.46285717189312 ], [ 7225050.797142898663878, 926966.765714314766228 ], [ 7225045.954285754822195, 926975.782857173355296 ], [ 7225041.111428610980511, 926984.808571464149281 ], [ 7225036.265714325942099, 926993.834285747027025 ], [ 7225031.420000040903687, 927002.862857179250568 ], [ 7225026.574285754933953, 927011.888571462361142 ], [ 7225021.731428612023592, 927020.917142886784859 ], [ 7225016.885714326053858, 927029.942857177462429 ], [ 7225012.040000041015446, 927038.968571460456587 ], [ 7225010.540000041946769, 927041.768571462715045 ], [ 7225007.194285755977035, 927047.997142892563716 ], [ 7225002.351428612135351, 927057.022857175674289 ], [ 7224997.505714327096939, 927066.051428607781418 ], [ 7224994.508571470156312, 927071.628571465262212 ], [ 7224989.61142860725522, 927080.620000035152771 ], [ 7224987.49714289791882, 927084.51714288815856 ], [ 7224996.757142897695303, 927088.885714315809309 ], [ 7225006.025714321993291, 927093.260000034002587 ], [ 7225015.29428575374186, 927097.631428603082895 ], [ 7225018.645714331418276, 927099.214285743422806 ], [ 7225027.845714321359992, 927102.945714321453124 ], [ 7225037.334285762161016, 927106.805714319925755 ], [ 7225043.191428607329726, 927109.174285743618384 ], [ 7225047.882857182994485, 927100.071428602328524 ], [ 7225052.574285751208663, 927090.968571460922249 ], [ 7225057.277142893522978, 927081.854285745881498 ], [ 7225060.640000035986304, 927075.317142890300602 ], [ 7225065.417142895981669, 927066.254285752773285 ], [ 7225070.194285754114389, 927057.191428607446142 ], [ 7225072.49428575206548, 927052.831428604200482 ], [ 7225074.971428614109755, 927048.128571462118998 ], [ 7225079.748571472242475, 927039.062857175362296 ], [ 7225084.522857181727886, 927030.000000030035153 ], [ 7225089.291428608819842, 927020.934285751078278 ], [ 7225092.405714327469468, 927015.020000029937364 ], [ 7225097.225714324042201, 927005.988571463967673 ], [ 7225102.042857186868787, 926996.945714324479923 ], [ 7225106.857142893597484, 926987.900000035646372 ], [ 7225111.671428614296019, 926978.857142888475209 ], [ 7225114.697142900899053, 926973.180000032996759 ], [ 7225119.654285750351846, 926964.222857176326215 ], [ 7225121.934285749681294, 926960.091428606770933 ], [ 7225131.71714289393276, 926963.140000033075921 ], [ 7225141.502857186831534, 926966.18857145938091 ], [ 7225151.277142899110913, 926969.234285751823336 ], [ 7225152.420000035315752, 926969.588571464410052 ], [ 7225162.108571472577751, 926972.917142894002609 ], [ 7225171.800000043585896, 926976.2600000386592 ], [ 7225181.485714322887361, 926979.59142860211432 ], [ 7225191.168571468442678, 926982.931428605341353 ], [ 7225193.58285718690604, 926983.760000034002587 ], [ 7225203.302857180126011, 926987.002857173094526 ], [ 7225213.022857180796564, 926990.24857146141585 ], [ 7225222.737142898142338, 926993.488571458961815 ], [ 7225232.45714289881289, 926996.734285747399554 ], [ 7225242.177142899483442, 926999.977142886491492 ], [ 7225251.888571468181908, 927003.220000033266842 ], [ 7225252.720000045374036, 927003.488571462919936 ], [ 7225262.41714289970696, 927006.797142886789516 ], [ 7225272.12000004388392, 927010.09714288637042 ], [ 7225281.811428613960743, 927013.394285751972347 ], [ 7225291.508571467362344, 927016.702857175841928 ], [ 7225292.90000004414469, 927017.174285750486888 ], [ 7225302.594285756349564, 927020.497142889536917 ], [ 7225312.280000035651028, 927023.825714319129474 ], [ 7225321.968571472913027, 927027.15714289015159 ], [ 7225331.654285752214491, 927030.485714319860563 ], [ 7225341.348571471869946, 927033.817142890999094 ], [ 7225351.034285752102733, 927037.148571462021209 ], [ 7225360.720000047236681, 927040.477142891613767 ], [ 7225366.060000038705766, 927042.305714322254062 ], [ 7225375.77428575605154, 927045.548571461346 ], [ 7225385.494285756722093, 927048.794285749550909 ], [ 7225395.214285757392645, 927052.037142888759263 ], [ 7225404.931428609415889, 927055.280000035534613 ], [ 7225414.645714326761663, 927058.522857174742967 ], [ 7225424.365714327432215, 927061.768571462947875 ], [ 7225434.085714328102767, 927065.011428602039814 ], [ 7225443.805714320391417, 927068.257142890361138 ], [ 7225445.108571473509073, 927068.688571461243555 ], [ 7225445.04571432992816, 927069.640000035054982 ], [ 7225440.225714325904846, 927078.671428608708084 ], [ 7225435.408571470528841, 927087.717142889741808 ], [ 7225430.5857143253088, 927096.757142887683585 ], [ 7225425.768571469932795, 927105.802857176400721 ], [ 7225420.948571465909481, 927114.834285750053823 ], [ 7225420.825714328326285, 927115.065714317606762 ], [ 7225416.134285751730204, 927123.877142889657989 ], [ 7225411.308571472764015, 927132.920000036945567 ], [ 7225407.854285756126046, 927139.402857173699886 ], [ 7225403.10857146885246, 927148.474285751115531 ], [ 7225398.354285757057369, 927157.55428574536927 ], [ 7225393.600000037811697, 927166.631428605644032 ], [ 7225388.854285757988691, 927175.702857175376266 ], [ 7225384.100000038743019, 927184.780000035767443 ], [ 7225379.354285751469433, 927193.862857179017738 ], [ 7225374.600000039674342, 927202.931428607320413 ], [ 7225369.854285752400756, 927212.011428609257564 ], [ 7225368.374285759404302, 927214.825714318896644 ], [ 7225363.537142897956073, 927223.854285743320361 ], [ 7225358.700000037439167, 927232.882857175543904 ], [ 7225356.545714324340224, 927236.897142890607938 ], [ 7225362.654285751283169, 927240.874285743571818 ], [ 7225368.83142861071974, 927232.705714319366962 ], [ 7225371.174285753630102, 927229.608571464777924 ], [ 7225379.477142903953791, 927235.611428602482192 ], [ 7225380.437142902053893, 927236.302857178612612 ], [ 7225387.782857188954949, 927241.602857174235396 ], [ 7225389.011428608559072, 927242.497142895357683 ], [ 7225397.414285756647587, 927236.637142885476351 ], [ 7225405.820000039413571, 927230.780000032391399 ], [ 7225414.222857188433409, 927224.920000037760474 ], [ 7225417.73428575694561, 927222.474285747972317 ], [ 7225423.977142902091146, 927214.351428602822125 ], [ 7225430.211428614333272, 927206.217142891720869 ], [ 7225436.445714326575398, 927198.091428605141118 ], [ 7225442.68000004068017, 927189.968571459874511 ], [ 7225448.922857177443802, 927181.83428574888967 ], [ 7225455.157142898067832, 927173.711428603623062 ], [ 7225456.351428613066673, 927172.151428602868691 ], [ 7225462.548571471124887, 927163.997142893727869 ], [ 7225468.757142902351916, 927155.83142860326916 ], [ 7225474.954285752959549, 927147.677142894128338 ], [ 7225481.151428611017764, 927139.525714318733662 ], [ 7225487.3485714700073, 927131.36857146047987 ], [ 7225490.305714322254062, 927127.480000031995587 ], [ 7225493.548571469262242, 927123.217142892885022 ], [ 7225499.754285751841962, 927115.062857176060788 ], [ 7225501.068571470677853, 927113.317142886808142 ], [ 7225509.085714327171445, 927119.702857174910605 ], [ 7225517.094285758212209, 927126.088571463013068 ], [ 7225525.102857183665037, 927132.474285750999115 ], [ 7225527.071428615599871, 927134.048571466933936 ], [ 7225532.600000036880374, 927138.454285749234259 ], [ 7225528.128571461886168, 927145.002857178449631 ], [ 7225529.100000042468309, 927146.137142891297117 ], [ 7225526.380000039935112, 927150.028571461327374 ], [ 7225524.408571465872228, 927149.137142889434472 ], [ 7225518.371428607031703, 927157.41714289272204 ], [ 7225512.334285756573081, 927165.694285747013055 ], [ 7225506.297142897732556, 927173.974285750417039 ], [ 7225500.411428614519536, 927182.04000003519468 ], [ 7225508.56571433134377, 927188.242857176344842 ], [ 7225516.717142891138792, 927194.448571459040977 ], [ 7225524.871428608894348, 927200.654285749420524 ], [ 7225533.02857147436589, 927206.848571458365768 ], [ 7225541.180000034160912, 927213.051428607199341 ], [ 7225549.334285758435726, 927219.257142889779061 ], [ 7225557.485714325681329, 927225.462857172475196 ], [ 7225565.642857184633613, 927231.657142889220268 ], [ 7225569.080000044777989, 927234.277142886072397 ], [ 7225571.300000041723251, 927230.194285744801164 ], [ 7225573.108571466058493, 927229.022857177187689 ], [ 7225579.668571469374001, 927227.531428602524102 ], [ 7225582.597142899408937, 927227.845714319031686 ], [ 7225583.908571468666196, 927228.82571432297118 ], [ 7225585.408571468666196, 927231.760000036214478 ], [ 7225585.785714328289032, 927235.025714322575368 ], [ 7225584.557142900303006, 927238.320000031380914 ], [ 7225583.157142898999155, 927240.200000031618401 ], [ 7225583.668571470305324, 927240.928571462398395 ], [ 7225582.471428613178432, 927244.020000033895485 ], [ 7225580.73428575694561, 927243.602857178077102 ], [ 7225576.525714321061969, 927248.708571460912935 ], [ 7225584.945714325644076, 927254.548571465071291 ], [ 7225587.522857185453176, 927256.325714318314567 ], [ 7225593.734285758808255, 927248.185714316554368 ], [ 7225599.948571465909481, 927240.034285748959519 ], [ 7225606.16000003926456, 927231.894285747315735 ], [ 7225612.382857177406549, 927223.745714321034029 ], [ 7225618.594285758212209, 927215.605714319273829 ], [ 7225622.722857186570764, 927210.185714320046827 ], [ 7225630.77428575605154, 927216.520000030752271 ], [ 7225638.822857184335589, 927222.868571456521749 ], [ 7225646.868571471422911, 927229.202857174910605 ], [ 7225654.920000040903687, 927235.53714289329946 ], [ 7225662.968571469187737, 927241.885714319068938 ], [ 7225671.020000039599836, 927248.220000029774383 ], [ 7225679.062857184559107, 927254.554285748163238 ], [ 7225687.114285754039884, 927260.888571466552094 ], [ 7225695.162857182323933, 927267.237142892205156 ], [ 7225702.877142896875739, 927273.308571463916451 ], [ 7225710.948571464046836, 927279.637142891529948 ], [ 7225716.562857184559107, 927284.025714317220263 ], [ 7225719.011428607627749, 927285.951428604195826 ], [ 7225727.074285751208663, 927292.265714316861704 ], [ 7225735.145714326761663, 927298.582857178640552 ], [ 7225743.211428611539304, 927304.89714289130643 ], [ 7225750.837142901495099, 927310.871428606566042 ], [ 7225751.062857177108526, 927312.611428605159745 ], [ 7225745.165714320726693, 927320.997142889304087 ], [ 7225739.268571464344859, 927329.374285749159753 ], [ 7225733.380000039935112, 927337.751428601215594 ], [ 7225731.348571471869946, 927340.631428603315726 ], [ 7225736.257142899557948, 927344.171428602421656 ], [ 7225742.69428575783968, 927336.205714315408841 ], [ 7225749.12571432441473, 927328.237142886966467 ], [ 7225755.56571433134377, 927320.260000034235418 ], [ 7225756.785714327357709, 927318.748571461532265 ], [ 7225759.225714326836169, 927318.225714317173697 ], [ 7225761.388571471907198, 927318.620000033406541 ], [ 7225764.825714331120253, 927321.462857173290104 ], [ 7225765.102857178077102, 927322.900000029010698 ], [ 7225759.728571465238929, 927330.891428604722023 ], [ 7225753.325714328326285, 927338.888571463292465 ], [ 7225746.931428607553244, 927346.88857146340888 ], [ 7225740.528571471571922, 927354.897142887930386 ], [ 7225740.11142860725522, 927355.41714289074298 ], [ 7225748.291428613476455, 927361.568571462295949 ], [ 7225756.477142902091146, 927367.734285748796538 ], [ 7225764.66571432352066, 927373.88857146166265 ], [ 7225772.854285754263401, 927380.042857174645178 ], [ 7225781.040000041946769, 927386.208571461262181 ], [ 7225781.914285757578909, 927386.8571428922005 ], [ 7225788.265714325010777, 927378.828571461839601 ], [ 7225794.617142899893224, 927370.785714324330911 ], [ 7225800.968571467325091, 927362.754285752540454 ], [ 7225801.325714329257607, 927362.305714317364618 ], [ 7225803.90857146307826, 927362.760000035515986 ], [ 7225807.514285754412413, 927365.857142889988609 ], [ 7225809.060000040568411, 927367.311428610002622 ], [ 7225808.820000041276217, 927368.645714318729006 ], [ 7225802.751428611576557, 927376.905714316410013 ], [ 7225796.680000038817525, 927385.154285748139955 ], [ 7225790.60571432672441, 927393.402857179869898 ], [ 7225790.385714332573116, 927393.705714322626591 ], [ 7225798.617142899893224, 927399.811428607441485 ], [ 7225806.840000042691827, 927405.914285750710405 ], [ 7225807.040000046603382, 927406.060000035329722 ], [ 7225813.20000004209578, 927397.874285746831447 ], [ 7225819.354285755194724, 927389.688571458449587 ], [ 7225825.520000042393804, 927381.494285745546222 ], [ 7225825.631428613327444, 927381.354285743786022 ], [ 7225826.837142901495099, 927381.14285717450548 ], [ 7225831.742857180535793, 927385.320000030798838 ], [ 7225833.731428611092269, 927387.271428606472909 ], [ 7225833.548571464605629, 927388.314285745844245 ], [ 7225827.257142899557948, 927396.391428604372777 ], [ 7225820.971428608521819, 927404.480000036419369 ], [ 7225814.677142893895507, 927412.56857146078255 ], [ 7225808.391428612172604, 927420.645714319194667 ], [ 7225807.125714321620762, 927422.274285746272653 ], [ 7225806.291428610682487, 927425.740000028396025 ], [ 7225806.268571462482214, 927430.642857173923403 ], [ 7225807.954285757616162, 927432.545714321429841 ], [ 7225810.748571469448507, 927434.214285744586959 ], [ 7225815.091428616084158, 927433.177142895758152 ], [ 7225821.871428612619638, 927428.631428604247048 ], [ 7225825.582857185043395, 927426.31714289158117 ], [ 7225827.757142903283238, 927426.705714317271486 ], [ 7225829.465714330784976, 927427.857142894412391 ], [ 7225829.540000047534704, 927429.262857178458944 ], [ 7225826.660000037401915, 927433.437142893439159 ], [ 7225820.034285757690668, 927441.248571463627741 ], [ 7225813.414285752922297, 927449.062857175245881 ], [ 7225810.188571470789611, 927452.865714321029373 ], [ 7225804.128571465611458, 927452.751428600400686 ], [ 7225794.020000038668513, 927451.122857173206285 ], [ 7225786.311428615823388, 927449.88000003027264 ], [ 7225780.151428611949086, 927458.062857177341357 ], [ 7225773.988571474328637, 927466.248571465723217 ], [ 7225767.820000039413571, 927474.431428604992107 ], [ 7225761.657142901793122, 927482.614285751944408 ], [ 7225755.494285756722093, 927490.800000032759272 ], [ 7225749.325714328326285, 927498.980000030482188 ], [ 7225743.165714325383306, 927507.154285745462403 ], [ 7225737.005714328959584, 927515.337142892414704 ], [ 7225730.842857183888555, 927523.522857180796564 ], [ 7225726.240000039339066, 927529.625714324065484 ], [ 7225729.962857184931636, 927531.457142888451926 ], [ 7225734.080000040121377, 927534.108571464661509 ], [ 7225737.591428617015481, 927537.082857174100354 ], [ 7225740.780000036582351, 927540.108571460936219 ], [ 7225745.605714332312346, 927544.700000031501986 ], [ 7225749.945714320987463, 927547.280000032391399 ], [ 7225755.320000041276217, 927550.58857146394439 ], [ 7225761.720000045374036, 927554.717142892070115 ], [ 7225765.005714328959584, 927557.225714317406528 ], [ 7225768.057142896577716, 927560.434285751078278 ], [ 7225770.548571465536952, 927562.57714289042633 ], [ 7225773.36285718344152, 927563.508571458398364 ], [ 7225774.894285753369331, 927563.894285750226118 ], [ 7225775.160000042058527, 927563.548571462160908 ], [ 7225781.122857183218002, 927555.757142890011892 ], [ 7225787.351428613066673, 927547.620000037364662 ], [ 7225793.577142894268036, 927539.485714318696409 ], [ 7225799.811428614892066, 927531.362857181229629 ], [ 7225806.040000044740736, 927523.225714321015403 ], [ 7225812.268571466207504, 927515.088571460684761 ], [ 7225818.497142896056175, 927506.95428574969992 ], [ 7225824.725714325904846, 927498.817142889369279 ], [ 7225830.951428614556789, 927490.691428602673113 ], [ 7225836.05142860673368, 927484.025714319082908 ], [ 7225842.245714331045747, 927475.860000036307611 ], [ 7225848.428571466356516, 927467.691428604419343 ], [ 7225854.620000042021275, 927459.525714321760461 ], [ 7225860.802857184782624, 927451.368571463506669 ], [ 7225866.985714320093393, 927443.200000031618401 ], [ 7225873.177142895758152, 927435.034285748843104 ], [ 7225879.362857188098133, 927426.865714316954836 ], [ 7225885.554285755380988, 927418.700000034179538 ], [ 7225885.840000041760504, 927418.328571457415819 ], [ 7225886.874285757541656, 927418.508571462938562 ], [ 7225889.914285758510232, 927421.180000029504299 ], [ 7225897.934285748749971, 927427.545714319450781 ], [ 7225905.962857186794281, 927433.911428601713851 ], [ 7225913.99142861738801, 927440.277142891776748 ], [ 7225922.017142898403108, 927446.642857174156234 ], [ 7225930.045714328065515, 927453.011428605532274 ], [ 7225938.074285751208663, 927459.377142887911759 ], [ 7225946.100000040605664, 927465.742857177974656 ], [ 7225953.748571468517184, 927471.814285749569535 ], [ 7225961.777142899110913, 927478.180000031832606 ], [ 7225969.805714322254062, 927484.545714321895503 ], [ 7225977.822857186198235, 927490.922857177909464 ], [ 7225985.848571474663913, 927497.288571460172534 ], [ 7225993.868571465834975, 927503.654285750119016 ], [ 7225997.054285759106278, 927506.188571464270353 ], [ 7226005.094285755418241, 927512.534285748610273 ], [ 7226013.14285718370229, 927518.882857174379751 ], [ 7226021.182857187464833, 927525.228571466286667 ], [ 7226029.222857183776796, 927531.574285750510171 ], [ 7226034.417142898775637, 927535.671428607078269 ], [ 7226042.445714320987463, 927542.025714315706864 ], [ 7226050.4771429002285, 927548.382857173681259 ], [ 7226058.511428605765104, 927554.748571463627741 ], [ 7226060.834285758435726, 927556.591428601648659 ], [ 7226068.805714320391417, 927563.017142893397249 ], [ 7226076.777142898179591, 927569.454285751096904 ], [ 7226084.748571468517184, 927575.891428601229563 ], [ 7226092.720000045374036, 927582.328571458929218 ], [ 7226100.69428575783968, 927588.754285750677809 ], [ 7226108.665714327245951, 927595.191428608493879 ], [ 7226116.637142896652222, 927601.625714316964149 ], [ 7226116.948571464046836, 927601.874285748694092 ], [ 7226124.965714327991009, 927608.251428604591638 ], [ 7226132.982857185415924, 927614.625714319059625 ], [ 7226140.997142892330885, 927621.014285748591647 ], [ 7226149.01428575720638, 927627.391428604489192 ], [ 7226157.040000045672059, 927633.768571460386738 ], [ 7226165.057142902165651, 927640.145714324084111 ], [ 7226173.074285751208663, 927646.520000030868687 ], [ 7226181.091428615152836, 927652.897142894449644 ], [ 7226189.108571472577751, 927659.274285750463605 ], [ 7226197.12571432068944, 927665.648571464815177 ], [ 7226204.560000039637089, 927671.562857178272679 ], [ 7226212.620000042021275, 927677.888571464456618 ], [ 7226220.680000035092235, 927684.214285742957145 ], [ 7226228.731428605504334, 927690.540000029257499 ], [ 7226236.791428606957197, 927696.868571456987411 ], [ 7226244.851428616791964, 927703.194285743171349 ], [ 7226252.914285760372877, 927709.522857178701088 ], [ 7226260.968571471050382, 927715.837142891250551 ], [ 7226269.028571473434567, 927722.162857177550904 ], [ 7226269.420000040903687, 927722.474285744829103 ], [ 7226263.257142903283238, 927730.657142891781405 ], [ 7226257.097142899408937, 927738.840000031050295 ], [ 7226250.934285754337907, 927747.022857178002596 ], [ 7226244.771428616717458, 927755.208571466500871 ], [ 7226238.608571471646428, 927763.391428605769761 ], [ 7226232.445714326575398, 927771.574285752838477 ], [ 7226229.18000004068017, 927775.914285750244744 ], [ 7226222.965714326128364, 927784.062857176410034 ], [ 7226216.751428611576557, 927792.214285744004883 ], [ 7226210.540000045672059, 927800.351428604219109 ], [ 7226204.325714331120253, 927808.502857171930373 ], [ 7226198.111428608186543, 927816.640000032144599 ], [ 7226191.897142892703414, 927824.791428599739447 ], [ 7226185.691428611055017, 927832.942857175134122 ], [ 7226179.480000045150518, 927841.080000035464764 ], [ 7226173.265714323148131, 927849.231428602943197 ], [ 7226172.811428612098098, 927849.814285749103874 ], [ 7226180.868571464903653, 927856.151428609038703 ], [ 7226188.920000042766333, 927862.47714288753923 ], [ 7226196.971428612247109, 927868.814285747474059 ], [ 7226205.031428614631295, 927875.140000033657998 ], [ 7226213.080000042915344, 927881.477142885793 ], [ 7226218.065714329481125, 927885.391428603092209 ], [ 7226221.131428612396121, 927887.802857171976939 ], [ 7226229.188571464270353, 927894.140000031911768 ], [ 7226232.985714327543974, 927897.122857173439115 ], [ 7226239.157142897136509, 927888.940000034170225 ], [ 7226245.322857184335589, 927880.771428602281958 ], [ 7226251.494285752996802, 927872.588571463013068 ], [ 7226257.657142898067832, 927864.405714316060767 ], [ 7226262.737142900004983, 927857.677142889006063 ], [ 7226268.897142896428704, 927849.505714323371649 ], [ 7226275.068571472540498, 927841.322857176419348 ], [ 7226281.240000043064356, 927833.142857178580016 ], [ 7226287.400000046938658, 927824.957142890198156 ], [ 7226293.568571474403143, 927816.788571458309889 ], [ 7226299.740000035613775, 927808.605714319040999 ], [ 7226305.902857180684805, 927800.422857179772109 ], [ 7226312.074285751208663, 927792.240000032703392 ], [ 7226318.242857178673148, 927784.071428600815125 ], [ 7226324.40285718254745, 927775.885714320000261 ], [ 7226328.800000039860606, 927770.065714321564883 ], [ 7226329.451428612694144, 927769.965714323683642 ], [ 7226337.477142901159823, 927776.331428606063128 ], [ 7226345.502857182174921, 927782.708571461960673 ], [ 7226353.528571471571922, 927789.077142893453129 ], [ 7226361.548571469262242, 927795.442857175832614 ], [ 7226369.57428575027734, 927801.808571458095685 ], [ 7226377.600000038743019, 927808.174285748042166 ], [ 7226385.628571469336748, 927814.542857179651037 ], [ 7226393.654285750351846, 927820.908571461914107 ], [ 7226401.03142861649394, 927826.774285747087561 ], [ 7226409.048571465536952, 927833.151428603101522 ], [ 7226417.060000038705766, 927839.540000032633543 ], [ 7226425.068571470677853, 927845.925714320619591 ], [ 7226433.080000044777989, 927852.314285750151612 ], [ 7226441.088571468368173, 927858.700000030454248 ], [ 7226449.100000042468309, 927865.088571459986269 ], [ 7226457.105714325793087, 927871.474285748088732 ], [ 7226465.120000040158629, 927877.862857177620754 ], [ 7226473.12571432441473, 927884.248571465723217 ], [ 7226481.140000038780272, 927890.634285746025853 ], [ 7226485.637142894789577, 927894.211428607348353 ], [ 7226493.685714330524206, 927900.548571467166767 ], [ 7226501.734285758808255, 927906.885714319301769 ], [ 7226509.79142861161381, 927913.222857179120183 ], [ 7226517.842857182025909, 927919.548571465420537 ], [ 7226525.894285751506686, 927925.885714317555539 ], [ 7226533.942857187241316, 927932.222857177490368 ], [ 7226541.991428615525365, 927938.560000029625371 ], [ 7226550.042857185006142, 927944.885714315809309 ], [ 7226558.100000037811697, 927951.222857175627723 ], [ 7226563.271428612992167, 927955.294285751180723 ], [ 7226571.274285754188895, 927961.69142860500142 ], [ 7226579.280000037513673, 927968.088571459054947 ], [ 7226587.282857187092304, 927974.485714320791885 ], [ 7226595.277142896316946, 927980.882857174612582 ], [ 7226603.280000038444996, 927987.28000003634952 ], [ 7226611.282857187092304, 927993.677142890286632 ], [ 7226619.28857146948576, 928000.074285751907155 ], [ 7226627.282857187092304, 928006.471428605960682 ], [ 7226628.022857183590531, 928007.07142860093154 ], [ 7226635.285714328289032, 928012.868571467581205 ], [ 7226642.060000042431056, 928018.29142860067077 ], [ 7226650.074285749346018, 928024.677142888656817 ], [ 7226658.088571464642882, 928031.054285744554363 ], [ 7226666.094285756349564, 928037.442857174086384 ], [ 7226674.108571471646428, 928043.828571462188847 ], [ 7226682.12285718601197, 928050.205714318086393 ], [ 7226690.137142892926931, 928056.594285747618414 ], [ 7226698.142857184633613, 928062.980000035604462 ], [ 7226706.157142899930477, 928069.357142891618423 ], [ 7226714.171428615227342, 928075.745714321150444 ], [ 7226722.177142897620797, 928082.134285750682466 ], [ 7226728.437142899259925, 928087.117142888368107 ], [ 7226736.485714327543974, 928093.465714321820997 ], [ 7226744.525714322924614, 928099.800000032526441 ], [ 7226752.571428610011935, 928106.148571458179504 ], [ 7226760.620000038295984, 928112.485714318114333 ], [ 7226768.66000004298985, 928118.834285743883811 ], [ 7226776.708571471273899, 928125.171428603702225 ], [ 7226784.754285749979317, 928131.520000029471703 ], [ 7226792.79428575374186, 928137.854285747860558 ], [ 7226800.840000040829182, 928144.202857181313448 ], [ 7226808.888571469113231, 928150.54000003344845 ], [ 7226816.928571471944451, 928156.885714317671955 ], [ 7226818.102857181802392, 928157.80571431980934 ], [ 7226826.148571468889713, 928164.154285745578818 ], [ 7226834.182857189327478, 928170.511428603436798 ], [ 7226842.222857185639441, 928176.860000029206276 ], [ 7226850.268571464344859, 928183.208571462659165 ], [ 7226853.037142895162106, 928185.394285747315735 ], [ 7226856.485714321024716, 928188.114285749732517 ], [ 7226856.680000033229589, 928188.788571461569518 ], [ 7226856.500000035390258, 928189.82000003522262 ], [ 7226850.328571466729045, 928198.00285717449151 ], [ 7226844.160000038333237, 928206.171428606379777 ], [ 7226837.988571468740702, 928214.354285745648667 ], [ 7226831.817142899148166, 928222.534285743487999 ], [ 7226825.648571470752358, 928230.702857175376266 ], [ 7226819.477142902091146, 928238.885714322328568 ], [ 7226813.305714324116707, 928247.065714320167899 ], [ 7226807.137142896652222, 928255.237142893485725 ], [ 7226800.965714327059686, 928263.417142891325057 ], [ 7226794.79428575001657, 928271.597142889164388 ], [ 7226788.625714322552085, 928279.768571462482214 ], [ 7226782.454285752028227, 928287.948571460321546 ], [ 7226776.282857190817595, 928296.128571458160877 ], [ 7226770.765714326873422, 928303.442857172689401 ], [ 7226770.857142893597484, 928313.682857176172547 ], [ 7226770.948571465909481, 928323.925714321085252 ], [ 7226771.048571463674307, 928334.165714316884987 ], [ 7226771.140000037848949, 928344.420000035432167 ], [ 7226771.231428611092269, 928354.660000031231903 ], [ 7226771.262857182882726, 928357.880000030854717 ], [ 7226771.331428608857095, 928368.117142892908305 ], [ 7226771.397142893634737, 928378.362857179250568 ], [ 7226771.462857186794281, 928388.61142860725522 ], [ 7226771.471428610384464, 928391.268571458756924 ], [ 7226773.065714332275093, 928389.522857177071273 ], [ 7226774.380000043660402, 928388.054285749793053 ], [ 7226902.688571469858289, 928246.202857178403065 ], [ 7226902.771428611129522, 928246.108571463497356 ], [ 7226905.557142898440361, 928243.117142889765091 ], [ 7226912.540000047534704, 928235.608571462333202 ], [ 7226913.1057143304497, 928235.002857176819816 ], [ 7226913.871428607031703, 928234.922857176978141 ], [ 7226915.300000038929284, 928235.288571462966502 ], [ 7226922.877142900601029, 928242.171428606729023 ], [ 7226930.460000036284328, 928249.065714316326194 ], [ 7226938.034285755828023, 928255.957142892060801 ], [ 7226940.688571466132998, 928258.365714319748804 ], [ 7226948.320000039413571, 928265.200000035110861 ], [ 7226955.9571428950876, 928272.025714318500832 ], [ 7226963.588571466505527, 928278.860000034095719 ], [ 7226971.225714322179556, 928285.694285749457777 ], [ 7226978.854285753332078, 928292.517142891418189 ], [ 7226986.485714325681329, 928299.351428606896661 ], [ 7226994.122857181355357, 928306.188571463804692 ], [ 7227001.75142861250788, 928313.02285717939958 ], [ 7227009.391428609378636, 928319.84857146278955 ], [ 7227017.020000040531158, 928326.682857178151608 ], [ 7227024.657142903655767, 928333.517142893746495 ], [ 7227032.285714326426387, 928340.351428609108552 ], [ 7227039.922857182100415, 928347.177142892498523 ], [ 7227047.554285754449666, 928354.011428608093411 ], [ 7227055.188571467995644, 928360.845714315772057 ], [ 7227062.820000041276217, 928367.668571457732469 ], [ 7227070.457142896950245, 928374.505714322440326 ], [ 7227078.085714327171445, 928381.340000030118972 ], [ 7227085.722857182845473, 928388.177142894826829 ], [ 7227093.354285755194724, 928395.000000036787242 ], [ 7227100.991428610868752, 928401.834285744465888 ], [ 7227108.620000042021275, 928408.668571460060775 ], [ 7227111.682857183739543, 928411.402857177658007 ], [ 7227119.331428611651063, 928418.22000002884306 ], [ 7227126.971428608521819, 928425.031428604852408 ], [ 7227134.620000045746565, 928431.848571463720873 ], [ 7227142.271428616717458, 928438.662857173476368 ], [ 7227149.920000037178397, 928445.477142890915275 ], [ 7227157.568571474403143, 928452.294285749783739 ], [ 7227165.217142895795405, 928459.10857145965565 ], [ 7227172.860000042244792, 928465.922857177094556 ], [ 7227176.937142900191247, 928469.554285749560222 ], [ 7227180.508571471087635, 928472.737142894533463 ], [ 7227188.154285751283169, 928479.565714319352992 ], [ 7227195.805714321322739, 928486.380000029108487 ], [ 7227203.454285757616162, 928493.194285746663809 ], [ 7227211.102857179939747, 928500.011428605532274 ], [ 7227218.742857184261084, 928506.82571432297118 ], [ 7227226.394285755231977, 928513.640000032726675 ], [ 7227234.042857183143497, 928520.45714289159514 ], [ 7227241.691428612917662, 928527.271428601350635 ], [ 7227256.988571470603347, 928540.902857177774422 ], [ 7227267.245714331045747, 928532.165714322589338 ], [ 7227280.445714328438044, 928543.962857177713886 ], [ 7227282.91714289970696, 928546.171428609406576 ], [ 7227289.628571461886168, 928551.871428604354151 ], [ 7227449.585714326240122, 928687.702857181429863 ], [ 7227717.171428614296019, 928917.82285717560444 ], [ 7227767.105714325793087, 928968.577142891706899 ], [ 7227782.55142861045897, 928984.20857146428898 ], [ 7227785.465714326128364, 928987.520000029588118 ], [ 7227785.528571468777955, 928987.591428604908288 ], [ 7227785.085714324377477, 928998.074285749462433 ], [ 7227779.334285760298371, 929005.854285747976974 ], [ 7227776.208571474999189, 929010.365714318817481 ], [ 7227765.562857181765139, 929024.422857175348327 ], [ 7227764.217142891138792, 929026.351428603869863 ], [ 7227759.131428614258766, 929033.642857178929262 ], [ 7227747.151428611949086, 929049.317142889020033 ], [ 7227686.902857188135386, 929116.5485714628594 ], [ 7227669.560000039637089, 929134.877142890589312 ], [ 7227637.711428614333272, 929168.542857180349529 ], [ 7227637.174285754561424, 929169.108571462216787 ], [ 7227603.520000038668513, 929198.802857174305245 ], [ 7227591.185714324004948, 929209.685714318067767 ], [ 7227569.740000035613775, 929247.628571461886168 ], [ 7227563.540000043809414, 929258.597142888465896 ], [ 7227539.277142897248268, 929283.894285750575364 ], [ 7227531.820000039413571, 929291.67142860754393 ], [ 7227515.551428609527647, 929305.037142888060771 ], [ 7227333.765714323148131, 929454.377142888726667 ], [ 7227329.325714327394962, 929457.811428606975824 ], [ 7227324.700000043958426, 929461.637142892228439 ], [ 7227301.888571467250586, 929480.511428603902459 ], [ 7227203.997142892330885, 929561.500000032829121 ], [ 7227196.871428607963026, 929567.394285748247057 ], [ 7227190.208571473136544, 929571.557142889476381 ], [ 7227177.782857185229659, 929579.320000031497329 ], [ 7227152.431428612209857, 929595.342857171082869 ], [ 7227077.108571472577751, 929668.477142892428674 ], [ 7227057.968571472913027, 929687.631428607506678 ], [ 7227056.360000044107437, 929689.240000028861687 ], [ 7227043.320000037550926, 929718.457142891013063 ], [ 7227035.068571472540498, 929736.937142886454239 ], [ 7226874.211428612470627, 930097.331428605946712 ], [ 7226873.548571465536952, 930098.817142889951356 ], [ 7226868.154285747557878, 930107.160000036587007 ], [ 7226826.685714327730238, 930211.088571462081745 ], [ 7226821.982857186347246, 930227.534285748261027 ], [ 7226812.811428610235453, 930259.597142891841941 ], [ 7226791.837142896838486, 930299.905714317923412 ], [ 7226773.185714328661561, 930335.757142892223783 ], [ 7226766.374285759404302, 930356.391428608214483 ], [ 7226746.677142894826829, 930397.04000003170222 ], [ 7226746.594285753555596, 930397.21428574656602 ], [ 7226701.03714289329946, 930501.95714289334137 ], [ 7226638.631428615190089, 930649.280000033555552 ], [ 7226625.791428612545133, 930679.585714314365759 ], [ 7226598.637142897583544, 930740.377142888959497 ], [ 7226585.811428617686033, 930771.382857177872211 ], [ 7226576.840000038966537, 930804.117142891976982 ], [ 7226575.048571470193565, 930807.348571457434446 ], [ 7226556.882857182994485, 930840.091428603511304 ], [ 7226537.900000041350722, 930864.79142860439606 ], [ 7226525.654285751283169, 930875.088571460451931 ], [ 7226512.148571468889713, 930892.445714324247092 ], [ 7226506.025714321061969, 930897.594285752275027 ], [ 7226504.231428610160947, 930898.268571464112028 ], [ 7226471.877142897807062, 930917.982857178081758 ], [ 7226452.105714331381023, 930931.934285746188834 ], [ 7226434.7342857606709, 930941.062857176177204 ], [ 7226420.002857184037566, 930948.434285751078278 ], [ 7226400.654285748489201, 930957.077142891474068 ], [ 7226385.271428614854813, 930963.231428604340181 ], [ 7226360.097142898477614, 930980.962857178645208 ], [ 7226349.874285759404302, 930992.840000033727847 ], [ 7226340.928571468219161, 931004.980000035488047 ], [ 7226325.942857185378671, 931031.89142860181164 ], [ 7226313.097142899408937, 931052.314285748405382 ], [ 7226287.154285748489201, 931104.905714319553226 ], [ 7226262.928571471944451, 931139.61142860725522 ], [ 7226249.874285758472979, 931155.074285747949034 ], [ 7226234.011428610421717, 931167.991428608656861 ], [ 7226217.837142903357744, 931180.431428604060784 ], [ 7226185.425714330747724, 931198.797142886556685 ], [ 7226179.614285755902529, 931202.068571463460103 ], [ 7226178.954285759478807, 931202.28000003285706 ], [ 7226149.925714327022433, 931222.448571464861743 ], [ 7226115.088571470230818, 931233.177142891800031 ], [ 7226080.731428612023592, 931238.26000003516674 ], [ 7226054.580000040121377, 931243.211428601294756 ], [ 7226038.717142893001437, 931248.002857175306417 ], [ 7226015.482857184484601, 931263.251428605173714 ], [ 7226004.174285753630102, 931282.140000031911768 ], [ 7225996.125714325346053, 931309.748571465024725 ], [ 7225994.302857184782624, 931363.837142893695273 ], [ 7225995.240000035613775, 931390.111428602831438 ], [ 7225988.608571473509073, 931419.114285746356472 ], [ 7225971.780000036582351, 931448.891428607515991 ], [ 7225954.622857184149325, 931460.831428605830297 ], [ 7225945.360000043176115, 931467.26000003144145 ], [ 7225936.391428613103926, 931476.074285752838477 ], [ 7225927.840000038966537, 931484.277142890030518 ], [ 7225866.151428608223796, 931454.820000036037527 ], [ 7225860.462857187725604, 931451.714285749476403 ], [ 7225828.808571475557983, 931436.700000036042184 ], [ 7225708.245714326389134, 931377.691428605350666 ], [ 7225676.345714323222637, 931359.585714320535772 ], [ 7225676.128571463748813, 931359.465714316815138 ], [ 7225672.4571428950876, 931356.72571431635879 ], [ 7225664.931428611278534, 931352.268571464461274 ], [ 7225656.75428575463593, 931345.594285748666152 ], [ 7225649.771428612992167, 931338.114285751478747 ], [ 7225643.617142900824547, 931331.808571463217959 ], [ 7225637.637142894789577, 931324.491428607143462 ], [ 7225630.831428609788418, 931316.002857175888494 ], [ 7225576.354285755194724, 931236.545714317588136 ], [ 7225536.137142894789577, 931176.300000034505501 ], [ 7225497.868571468628943, 931122.642857176717371 ], [ 7225497.854285753332078, 931122.628571461653337 ], [ 7225464.737142896279693, 931075.100000035949051 ], [ 7225464.682857185602188, 931075.014285745332018 ], [ 7225414.05142860673368, 930999.208571465220302 ], [ 7225412.097142897546291, 930997.008571457816288 ], [ 7225412.040000044740736, 930996.977142886258662 ], [ 7225409.254285749979317, 930995.468571462784894 ], [ 7225406.405714327469468, 930993.917142894002609 ], [ 7225404.571428613737226, 930992.554285747464746 ], [ 7225401.722857182845473, 930991.000000037252903 ], [ 7225399.06571433134377, 930988.440000034403056 ], [ 7225396.217142893001437, 930986.888571465737186 ], [ 7225393.191428606398404, 930986.354285747744143 ], [ 7225390.348571473732591, 930984.802857179078273 ], [ 7225387.500000035390258, 930983.251428602612577 ], [ 7225384.474285749718547, 930982.717142892302945 ], [ 7225381.634285759180784, 930981.165714323637076 ], [ 7225378.785714328289032, 930979.614285747287795 ], [ 7225375.757142899557948, 930979.080000029294752 ], [ 7225372.917142901569605, 930977.528571460628882 ], [ 7225369.894285756163299, 930976.985714318230748 ], [ 7225366.868571469560266, 930976.440000034403056 ], [ 7225364.025714321061969, 930974.900000031571835 ], [ 7225361.002857184037566, 930974.357142889173701 ], [ 7225357.97714289650321, 930973.814285746775568 ], [ 7225355.960000036284328, 930973.457142892759293 ], [ 7225354.95142861828208, 930973.280000036582351 ], [ 7225209.931428609415889, 930975.454285747488029 ], [ 7225173.737142896279693, 930974.194285748060793 ], [ 7225090.905714329332113, 930971.877142893848941 ], [ 7225071.211428612470627, 930971.485714319162071 ], [ 7225064.980000041425228, 930971.405714319320396 ], [ 7224983.108571473509073, 930966.094285750063136 ], [ 7224982.694285758771002, 930966.068571461364627 ], [ 7224978.485714322887361, 930966.357142889057286 ], [ 7224970.417142895981669, 930964.925714316312224 ], [ 7224961.3428571857512, 930963.294285747688264 ], [ 7224948.408571468666196, 930959.942857178626582 ], [ 7224937.860000045970082, 930954.94571431807708 ], [ 7224907.397142892703414, 930939.094285751692951 ], [ 7224896.014285759069026, 930962.028571457602084 ], [ 7224866.517142901197076, 931022.308571461355314 ], [ 7224764.025714323855937, 931001.922857176978141 ], [ 7224655.988571476191282, 930980.551428605802357 ], [ 7224655.485714321956038, 930980.45142860035412 ], [ 7224630.745714332908392, 930979.151428604731336 ], [ 7224575.220000040717423, 930975.474285745527595 ], [ 7224534.168571468442678, 930972.300000032642856 ], [ 7224451.234285755082965, 930964.777142890263349 ], [ 7224297.817142895422876, 930949.85428575030528 ], [ 7224286.368571469560266, 930949.885714321979322 ], [ 7224279.308571469970047, 930948.6228571733227 ], [ 7224269.05142861045897, 930947.834285748424008 ], [ 7224261.80857147090137, 930947.580000033834949 ], [ 7224254.75142861250788, 930946.31428575143218 ], [ 7224246.502857187762856, 930945.882857180433348 ], [ 7224236.242857178673148, 930945.09428574796766 ], [ 7224226.982857178896666, 930944.482857171678916 ], [ 7224218.742857180535793, 930944.051428608363494 ], [ 7224211.500000040978193, 930943.797142886091024 ], [ 7224202.065714325755835, 930944.194285743869841 ], [ 7224195.834285754710436, 930944.117142893141136 ], [ 7224193.388571472838521, 930943.037142891436815 ], [ 7224185.651428611949086, 930942.557142892386764 ], [ 7224178.231428608298302, 930942.65714289015159 ], [ 7224169.414285753853619, 930943.005714319762774 ], [ 7224164.631428612396121, 930943.631428603432141 ], [ 7224160.414285759441555, 930943.837142889853567 ], [ 7224149.765714325010777, 930945.388571466319263 ], [ 7224140.191428609192371, 930946.628571460023522 ], [ 7224132.854285754263401, 930947.268571458873339 ], [ 7224124.482857185415924, 930947.7057143204147 ], [ 7224116.948571469634771, 930949.351428603986278 ], [ 7224106.134285759180784, 930951.388571462593973 ], [ 7224097.548571463674307, 930954.391428602160886 ], [ 7224090.542857183143497, 930957.188571462873369 ], [ 7224082.608571467921138, 930960.842857174924575 ], [ 7224074.400000039488077, 930964.442857175716199 ], [ 7224065.508571468293667, 930969.474285749252886 ], [ 7224060.020000042393804, 930973.614285751013085 ], [ 7224052.64571432583034, 930978.948571459739469 ], [ 7224045.788571471348405, 930984.894285752438009 ], [ 7224039.940000042319298, 930991.571428602095693 ], [ 7224034.51142861135304, 930996.768571465974674 ], [ 7224029.571428610011935, 931003.617142888950184 ], [ 7224023.460000035353005, 931010.768571462249383 ], [ 7224018.417142895981669, 931019.162857178598642 ], [ 7224013.140000039711595, 931028.0428571770899 ], [ 7224008.871428609825671, 931036.591428602463566 ], [ 7224004.382857179269195, 931045.6285714590922 ], [ 7224000.517142897471786, 931054.78000003634952 ], [ 7223995.828571470454335, 931064.811428604181856 ], [ 7223991.305714325979352, 931076.974285745527595 ], [ 7223989.174285752698779, 931083.337142894044518 ], [ 7223987.525714319199324, 931088.020000030403025 ], [ 7223986.428571469150484, 931091.142857173574157 ], [ 7223983.108571471646428, 931099.368571465834975 ], [ 7223979.728571464307606, 931107.051428608014248 ], [ 7223975.777142900973558, 931116.182857179548591 ], [ 7223971.802857181057334, 931123.757142891641706 ], [ 7223968.762857187539339, 931128.894285746151581 ], [ 7223966.885714327916503, 931130.742857174715027 ], [ 7223964.794285750947893, 931132.805714321904816 ], [ 7223960.73428575694561, 931136.708571465453133 ], [ 7223956.102857182733715, 931139.962857178179547 ], [ 7223952.854285752400756, 931140.897142887697555 ], [ 7223947.211428610607982, 931142.385714320931584 ], [ 7223941.014285760000348, 931142.731428601313382 ], [ 7223932.18000004068017, 931141.5085714639863 ], [ 7223922.297142898663878, 931139.03428574395366 ], [ 7223915.551428607665002, 931137.182857181644067 ], [ 7223910.345714326947927, 931135.11714289302472 ], [ 7223900.24857147410512, 931132.077142891124822 ], [ 7223898.777142897248268, 931131.262857177527621 ], [ 7223853.137142896652222, 931103.491428603185341 ], [ 7223838.448571465909481, 931133.854285744251683 ] ] ] ] } },
{ "type": "Feature", "properties": { "DTUID": "537250051", "PRCODE": "35", "PRNAME": "Ontario", "CMANAME": "Hamilton", "CSDNAME": "Hamilton", "DTNAME": "Hamilton", "DT_TYPE": "1" }, "geometry": { "type": "MultiPolygon", "coordinates": [ [ [ [ 7194718.265714323148131, 878018.060000032419339 ], [ 7194697.985714327543974, 878020.720000033266842 ], [ 7194604.202857183292508, 878032.271428605774418 ], [ 7194547.588571464642882, 878039.97714288753923 ], [ 7194502.814285754226148, 878045.605714314617217 ], [ 7194455.000000034458935, 878050.702857180731371 ], [ 7194405.820000033825636, 878057.637142886407673 ], [ 7194419.508571471087635, 878174.72285717993509 ], [ 7194393.988571474328637, 878177.505714318016544 ], [ 7194304.79428575001657, 878186.74571431952063 ], [ 7194299.045714328065515, 878136.734285749262199 ], [ 7194290.75428575091064, 878071.671428603585809 ], [ 7194284.948571467772126, 878027.908571461215615 ], [ 7194276.174285757355392, 877959.642857172293589 ], [ 7194262.317142896354198, 877961.360000031418167 ], [ 7194161.105714332312346, 877973.680000030901283 ], [ 7194104.49142861366272, 877981.380000029690564 ], [ 7194044.842857183888555, 877988.548571467283182 ], [ 7194056.814285754226148, 878091.791428599623032 ], [ 7194058.23428575322032, 878101.417142892954871 ], [ 7193946.380000037141144, 878114.994285750552081 ], [ 7193926.277142897248268, 878116.645714317215607 ], [ 7193925.211428610607982, 878104.985714322188869 ], [ 7193912.531428615562618, 878005.800000034738332 ], [ 7193802.874285757541656, 878018.717142887879163 ], [ 7193801.568571470677853, 878014.314285747008398 ], [ 7193800.800000044517219, 878006.877142895129509 ], [ 7193799.020000042393804, 877999.271428603678942 ], [ 7193797.708571473136544, 877994.865714321378618 ], [ 7193796.225714322179556, 877991.47142860700842 ], [ 7193794.920000036247075, 877987.080000032205135 ], [ 7193793.43714290112257, 877983.685714317718521 ], [ 7193791.948571468703449, 877980.291428603464738 ], [ 7193789.634285755455494, 877975.717142889392562 ], [ 7193773.237142898142338, 877944.671428604284301 ], [ 7193763.785714326426387, 877927.360000035027042 ], [ 7193761.468571472913027, 877922.785714320838451 ], [ 7193759.154285753145814, 877918.200000033248216 ], [ 7193755.997142896056175, 877912.434285745956004 ], [ 7193755.928571470081806, 877912.297142885741778 ], [ 7193753.685714324936271, 877907.848571458365768 ], [ 7193751.368571471422911, 877903.274285751860589 ], [ 7193744.777142897248268, 877887.505714319180697 ], [ 7193739.974285749718547, 877875.602857175515965 ], [ 7193737.428571469150484, 877869.300000036484562 ], [ 7193737.394285755231977, 877869.211428604554385 ], [ 7193737.114285752177238, 877868.517142894561402 ], [ 7193734.228571467101574, 877861.368571462575346 ], [ 7193733.905714326538146, 877860.568571464158595 ], [ 7193731.4571428950876, 877854.531428605667315 ], [ 7193730.677142894826829, 877854.625714320573024 ], [ 7193702.694285758771002, 877857.954285750165582 ], [ 7193638.114285754039884, 877865.774285744875669 ], [ 7193594.480000039562583, 877871.385714315460064 ], [ 7193540.394285751506686, 877878.217142889508978 ], [ 7193534.685714324936271, 877878.937142888084054 ], [ 7193524.702857177704573, 877880.085714316111989 ], [ 7193496.051428604871035, 877883.380000032600947 ], [ 7193437.085714327171445, 877890.894285742891952 ], [ 7193388.785714325495064, 877896.705714317038655 ], [ 7193295.105714328587055, 877907.542857174063101 ], [ 7193245.277142897248268, 877913.634285751264542 ], [ 7193220.862857182510197, 877917.517142889206298 ], [ 7193177.631428616121411, 877922.511428608326241 ], [ 7193164.091428613290191, 877923.222857174696401 ], [ 7193162.794285751879215, 877913.277142889564857 ], [ 7193148.702857181429863, 877805.242857175529934 ], [ 7193147.19714289996773, 877794.734285750077106 ], [ 7193146.27428575605154, 877788.26571432070341 ], [ 7193143.917142898775637, 877771.811428610119037 ], [ 7193141.588571462780237, 877766.040000032167882 ], [ 7193141.168571474030614, 877763.531428606715053 ], [ 7193141.082857183180749, 877761.09142860758584 ], [ 7193140.320000039413571, 877754.502857174607925 ], [ 7193133.740000038407743, 877693.940000033704564 ], [ 7193128.760000042617321, 877651.365714315325022 ], [ 7193127.157142903655767, 877642.740000031655654 ], [ 7193119.93714290484786, 877571.617142887786031 ], [ 7193107.782857187092304, 877469.388571464805864 ], [ 7193104.877142896875739, 877438.645714322570711 ], [ 7193086.08857146743685, 877444.705714320531115 ], [ 7193071.871428610756993, 877448.445714323082939 ], [ 7193056.334285761229694, 877452.388571462710388 ], [ 7193055.645714326761663, 877452.35142860817723 ], [ 7193054.448571462184191, 877452.668571458314545 ], [ 7193053.631428616121411, 877452.951428603148088 ], [ 7193051.828571465797722, 877454.21142860269174 ], [ 7193051.751428615301847, 877454.265714313834906 ], [ 7193051.420000042766333, 877456.048571465304121 ], [ 7193051.337142901495099, 877457.065714316209778 ], [ 7193051.351428615860641, 877458.368571460945532 ], [ 7193051.945714328438044, 877466.814285747008398 ], [ 7193056.925714332610369, 877509.397142889676616 ], [ 7193059.711428611539304, 877534.90571432095021 ], [ 7193069.242857182398438, 877628.325714321108535 ], [ 7193072.325714329257607, 877658.057142887730151 ], [ 7193019.277142899110913, 877663.26857145910617 ], [ 7192996.980000042356551, 877665.585714320885018 ], [ 7192944.765714323148131, 877671.980000033276156 ], [ 7192932.93714290484786, 877674.06285717850551 ], [ 7192866.03142861276865, 877680.997142891865224 ], [ 7192792.5342857548967, 877689.880000031786039 ], [ 7192789.868571471422911, 877669.605714318924583 ], [ 7192771.494285756722093, 877496.437142891343683 ], [ 7192768.474285752512515, 877460.460000038146973 ], [ 7192765.337142901495099, 877436.974285750184208 ], [ 7192762.068571474403143, 877425.962857178412378 ], [ 7192757.971428610384464, 877413.774285748368129 ], [ 7192752.382857179269195, 877398.200000036275014 ], [ 7192697.668571474030614, 877429.840000033378601 ], [ 7192679.225714325904846, 877440.505714317085221 ], [ 7192603.920000042766333, 877484.025714318384416 ], [ 7192586.388571471907198, 877494.291428602766246 ], [ 7192522.554285753518343, 877531.674285747809336 ], [ 7192490.980000041425228, 877550.028571456670761 ], [ 7192413.068571468815207, 877595.66571431630291 ], [ 7192349.242857183329761, 877632.340000036172569 ], [ 7192316.237142898142338, 877659.857142888125964 ], [ 7192292.14000004157424, 877690.000000035390258 ], [ 7192294.442857180722058, 877675.105714318109676 ], [ 7192249.131428610533476, 877669.962857172940858 ], [ 7192246.951428617350757, 877670.011428608791903 ], [ 7192244.777142899110913, 877670.074285752139986 ], [ 7192242.591428613290191, 877670.108571465243585 ], [ 7192240.385714331641793, 877670.337142891250551 ], [ 7192238.271428614854813, 877670.480000034323893 ], [ 7192236.06571433134377, 877670.700000035809353 ], [ 7192233.928571468219161, 877671.022857176605612 ], [ 7192231.782857187092304, 877671.322857178049162 ], [ 7192229.62857146654278, 877671.722857177257538 ], [ 7192227.474285753443837, 877672.125714317895472 ], [ 7192159.640000035986304, 877684.811428603599779 ], [ 7192158.462857184931636, 877685.120000037131831 ], [ 7192157.217142893001437, 877685.242857174482197 ], [ 7192156.002857187762856, 877685.208571461262181 ], [ 7192154.75428575463593, 877684.900000035529956 ], [ 7192153.631428615190089, 877684.442857176065445 ], [ 7192152.520000041462481, 877683.814285750733688 ], [ 7192151.614285754039884, 877683.048571465536952 ], [ 7192150.817142898216844, 877682.120000031311065 ], [ 7192150.140000035986304, 877681.037142887944356 ], [ 7192149.748571469448507, 877679.848571463953704 ], [ 7192149.440000044181943, 877678.654285749187693 ], [ 7192128.10571432672441, 877603.651428608922288 ], [ 7192148.920000040903687, 877597.948571464861743 ], [ 7192134.934285752475262, 877476.645714319078252 ], [ 7192132.91714289970696, 877458.562857173732482 ], [ 7192121.122857185080647, 877354.317142890300602 ], [ 7192168.160000038333237, 877341.788571462850086 ], [ 7192261.054285760968924, 877317.560000029043294 ], [ 7192259.337142901495099, 877303.700000034412369 ], [ 7192255.962857184931636, 877269.745714316959493 ], [ 7192251.271428616717458, 877231.385714317322709 ], [ 7192247.782857187092304, 877192.200000030454248 ], [ 7192247.122857183218002, 877189.997142889304087 ], [ 7192238.591428613290191, 877114.471428604796529 ], [ 7192233.971428613178432, 877069.86857146024704 ], [ 7192232.837142899632454, 877064.46571431751363 ], [ 7192227.917142897844315, 877015.640000037616119 ], [ 7192233.754285752773285, 877006.248571460833773 ], [ 7192230.317142893560231, 876978.537142888410017 ], [ 7192217.468571467325091, 876980.431428603595123 ], [ 7192213.611428609117866, 876981.228571460582316 ], [ 7192209.851428616791964, 876982.217142889043316 ], [ 7192205.591428611427546, 876983.285714317113161 ], [ 7192201.580000045709312, 876984.402857173467055 ], [ 7192197.845714326016605, 876985.302857177564874 ], [ 7192132.360000042244792, 877001.874285742640495 ], [ 7192126.954285757616162, 877003.002857172628865 ], [ 7192122.551428608596325, 877004.300000034389086 ], [ 7192118.100000040605664, 877004.994285744382069 ], [ 7192113.931428608484566, 877005.905714321881533 ], [ 7192108.517142899334431, 877007.034285744186491 ], [ 7192104.077142896130681, 877007.637142888503149 ], [ 7192099.888571474701166, 877008.640000031795353 ], [ 7192094.768571469001472, 877009.205714321462438 ], [ 7192090.262857181020081, 877010.065714321681298 ], [ 7192085.402857188135386, 877010.591428607469425 ], [ 7192083.108571473509073, 877010.791428603231907 ], [ 7192080.805714327841997, 877010.9914286066778 ], [ 7192078.520000036805868, 877011.194285743986256 ], [ 7192076.222857188433409, 877011.405714321066625 ], [ 7192073.937142898328602, 877011.517142892582342 ], [ 7192071.66571432352066, 877011.640000037616119 ], [ 7192069.305714324116707, 877011.74857145990245 ], [ 7192067.020000042393804, 877011.857142889872193 ], [ 7192064.674285757355392, 877011.874285746598616 ], [ 7192059.82857147231698, 877011.845714316354133 ], [ 7192057.06857147347182, 877011.828571459744126 ], [ 7192056.828571466729045, 877011.825714318314567 ], [ 7192055.894285757094622, 877000.902857178589329 ], [ 7192055.025714324787259, 876990.628571461886168 ], [ 7192044.68000004068017, 876825.285714319557883 ], [ 7192043.75714289676398, 876783.931428604759276 ], [ 7192047.242857184261084, 876750.44857146195136 ], [ 7192051.62000004388392, 876727.837142889387906 ], [ 7192056.880000043660402, 876711.940000036265701 ], [ 7192057.168571472167969, 876711.068571462295949 ], [ 7192060.831428607925773, 876700.020000035990961 ], [ 7192075.454285753890872, 876663.031428607413545 ], [ 7192084.182857185602188, 876645.762857175548561 ], [ 7192094.008571466431022, 876630.874285748810507 ], [ 7192124.925714330747724, 876590.12000003666617 ], [ 7192145.742857178673148, 876568.785714320139959 ], [ 7192168.157142897136509, 876551.374285745201632 ], [ 7192171.37142860610038, 876548.922857180121355 ], [ 7192171.885714333504438, 876548.531428605318069 ], [ 7192168.217142898589373, 876516.191428607562557 ], [ 7192168.211428616195917, 876516.160000036004931 ], [ 7192156.648571469821036, 876422.368571459082887 ], [ 7192156.600000041536987, 876421.951428603380919 ], [ 7192150.900000046938658, 876372.362857179599814 ], [ 7192139.334285758435726, 876278.568571461364627 ], [ 7192126.880000039935112, 876172.120000036782585 ], [ 7192124.805714327841997, 876160.291428602300584 ], [ 7192124.211428616195917, 876151.842857174808159 ], [ 7192112.360000041313469, 876056.151428607292473 ], [ 7192109.797142896801233, 876038.785714319208637 ], [ 7192100.317142896354198, 875956.834285750519484 ], [ 7192112.148571472615004, 875954.760000037378632 ], [ 7192337.071428610011935, 875926.77142860298045 ], [ 7192500.977142903953791, 875907.797142885858193 ], [ 7192513.642857184633613, 875906.914285745937377 ], [ 7192504.448571469634771, 875829.18000002973713 ], [ 7192502.911428615450859, 875814.311428608722053 ], [ 7192501.305714327841997, 875805.694285749341361 ], [ 7192490.751428607851267, 875712.077142887283117 ], [ 7192490.162857178598642, 875703.63142860122025 ], [ 7192480.691428610123694, 875621.691428606165573 ], [ 7192478.857142896391451, 875602.597142893006094 ], [ 7192515.014285755343735, 875598.565714321332052 ], [ 7192592.922857178375125, 875588.365714321611449 ], [ 7192692.951428617350757, 875576.871428601676598 ], [ 7192700.388571469113231, 875576.094285750295967 ], [ 7192763.24857147410512, 875568.448571462766267 ], [ 7192819.685714328661561, 875561.751428607502021 ], [ 7192824.928571471944451, 875561.62571432092227 ], [ 7192811.708571467548609, 875430.020000035990961 ], [ 7192798.137142892926931, 875300.422857179306448 ], [ 7192880.097142893821001, 875290.940000036731362 ], [ 7192875.474285751581192, 875246.334285750752315 ], [ 7192872.508571466431022, 875221.834285745630041 ], [ 7192864.248571468517184, 875203.694285747711547 ], [ 7192840.768571464344859, 875171.382857180200517 ], [ 7192816.945714328438044, 875139.542857179651037 ], [ 7192813.822857184335589, 875135.080000029411167 ], [ 7192810.614285750314593, 875130.685714320745319 ], [ 7192807.288571470417082, 875126.371428604237735 ], [ 7192803.874285757541656, 875122.111428606556728 ], [ 7192800.434285748749971, 875117.937142891809344 ], [ 7192796.905714323744178, 875113.840000035357662 ], [ 7192793.282857183367014, 875109.737142888363451 ], [ 7192789.560000037774444, 875105.765714318491518 ], [ 7192785.808571469038725, 875101.894285746384412 ], [ 7192781.988571474328637, 875097.997142893495038 ], [ 7192775.665714321658015, 875091.500000033876859 ], [ 7192768.814285757951438, 875085.502857171464711 ], [ 7192761.620000039227307, 875079.977142891380936 ], [ 7192754.074285749346018, 875074.997142895124853 ], [ 7192746.197142902761698, 875070.477142892312258 ], [ 7192737.914285757578909, 875066.660000031464733 ], [ 7192729.47428575437516, 875063.342857175506651 ], [ 7192720.817142898216844, 875060.682857174775563 ], [ 7192711.971428614109755, 875058.602857178775594 ], [ 7192703.020000039599836, 875057.188571462407708 ], [ 7192693.462857188656926, 875055.680000031366944 ], [ 7192683.99714289419353, 875053.737142887781374 ], [ 7192674.57142861187458, 875051.462857178878039 ], [ 7192665.305714322254062, 875048.874285745900124 ], [ 7192656.091428617015481, 875045.934285749681294 ], [ 7192647.037142896093428, 875042.594285746454261 ], [ 7192638.022857178933918, 875039.005714319180697 ], [ 7192629.262857183814049, 875035.014285743702203 ], [ 7192620.54857146833092, 875030.788571459241211 ], [ 7192612.060000036843121, 875026.165714317001402 ], [ 7192533.845714321359992, 874971.328571459511295 ], [ 7192437.445714320987463, 874907.71428574307356 ], [ 7192433.005714326165617, 874905.277142893057317 ], [ 7192428.508571470156312, 874903.180000032763928 ], [ 7192423.808571469970047, 874901.308571464614943 ], [ 7192419.031428610906005, 874899.840000029653311 ], [ 7192414.102857176214457, 874898.714285748777911 ], [ 7192409.111428614705801, 874897.925714316195808 ], [ 7192404.157142898999155, 874897.471428605844267 ], [ 7192399.134285757318139, 874897.371428607963026 ], [ 7192394.048571465536952, 874897.61142859980464 ], [ 7192389.082857184112072, 874898.197142895078287 ], [ 7192382.517142898403108, 874898.954285748302937 ], [ 7192375.91714289970696, 874899.437142888782546 ], [ 7192369.282857187092304, 874899.645714316749945 ], [ 7192362.597142897546291, 874899.602857179241255 ], [ 7192355.974285751581192, 874899.21142860443797 ], [ 7192349.40285718254745, 874898.574285747134127 ], [ 7192342.785714328289032, 874897.662857177201658 ], [ 7192336.308571473695338, 874896.428571466356516 ], [ 7192329.797142898663878, 874894.934285750263371 ], [ 7192323.408571469597518, 874893.194285743869841 ], [ 7192319.06571433134377, 874892.248571460833773 ], [ 7192314.691428612917662, 874891.474285751115531 ], [ 7192310.191428607329726, 874890.860000033280812 ], [ 7192305.768571469001472, 874890.331428606063128 ], [ 7192301.308571475557983, 874889.96857146138791 ], [ 7192296.842857183888555, 874889.711428605252877 ], [ 7192292.405714321881533, 874889.700000031618401 ], [ 7192287.9771429002285, 874889.702857180847786 ], [ 7192283.500000035390258, 874889.954285746323876 ], [ 7192279.014285760000348, 874890.294285751413554 ], [ 7192192.874285753816366, 874902.334285747609101 ], [ 7192071.814285757020116, 874920.722857177257538 ], [ 7192009.008571472018957, 874920.657142892479897 ], [ 7192007.057142895646393, 874920.400000028661452 ], [ 7192005.094285754486918, 874920.142857172526419 ], [ 7192003.151428610086441, 874919.877142891986296 ], [ 7192002.154285750351846, 874919.745714314747602 ], [ 7192008.325714327394962, 874917.917142892023548 ], [ 7192077.700000040233135, 874914.425714321201667 ], [ 7192163.191428608261049, 874901.522857175557874 ], [ 7192233.714285757392645, 874892.268571458989754 ], [ 7192287.805714326910675, 874882.534285743255168 ], [ 7192313.174285756424069, 874884.928571463329718 ], [ 7192342.691428612917662, 874891.628571460139938 ], [ 7192365.828571471385658, 874885.56571432063356 ], [ 7192369.657142898067832, 874876.471428603632376 ], [ 7192371.57142861187458, 874857.322857171646319 ], [ 7192386.091428617946804, 874847.111428606091067 ], [ 7192407.877142895944417, 874850.982857177965343 ], [ 7192421.237142900936306, 874852.988571464782581 ], [ 7192454.574285751208663, 874868.068571462994441 ], [ 7192510.928571471944451, 874907.440000038128346 ], [ 7192545.960000034421682, 874919.928571461699903 ], [ 7192571.62571432441473, 874934.480000032577664 ], [ 7192622.214285757392645, 874954.271428604843095 ], [ 7192671.505714328959584, 874965.302857174538076 ], [ 7192715.294285752810538, 874971.388571461313404 ], [ 7192739.768571469001472, 874960.542857179883868 ], [ 7192762.785714332014322, 874944.665714317117818 ], [ 7192800.754285756498575, 874922.971428605029359 ], [ 7192844.67714289855212, 874917.282857176149264 ], [ 7192891.928571470081806, 874927.771428603678942 ], [ 7192908.968571468256414, 874940.168571461457759 ], [ 7192913.997142892330885, 874956.308571463217959 ], [ 7192910.82285718806088, 874985.148571458063088 ], [ 7192897.194285759702325, 875001.948571464396082 ], [ 7192876.028571475297213, 875013.194285745033994 ], [ 7192868.222857188433409, 875027.348571458132938 ], [ 7192868.885714326053858, 875044.151428605895489 ], [ 7192900.768571464344859, 875064.788571463315748 ], [ 7193036.525714324787259, 875122.837142895907164 ], [ 7193106.374285753816366, 875136.597142892656848 ], [ 7193175.325714328326285, 875148.502857177751139 ], [ 7193198.608571471646428, 875163.531428606249392 ], [ 7193221.257142891176045, 875180.251428604940884 ], [ 7193269.728571466170251, 875198.880000034114346 ], [ 7193327.308571472764015, 875215.042857175460085 ], [ 7193333.348571473732591, 875217.691428602556698 ], [ 7193330.354285757988691, 875215.897142892703414 ], [ 7193308.080000041052699, 875202.554285744205117 ], [ 7193282.19428575783968, 875187.045714316656813 ], [ 7193373.297142904251814, 875229.402857174864039 ], [ 7193373.597142897546291, 875229.542857176624238 ], [ 7193444.997142896056175, 875241.240000033867545 ], [ 7193594.042857185006142, 875264.862857174361125 ], [ 7193678.217142893001437, 875277.494285748805851 ], [ 7193678.23714289907366, 875277.497142890235409 ], [ 7193678.920000042766333, 875277.594285746687092 ], [ 7193687.174285758286715, 875286.031428608344868 ], [ 7193693.794285754673183, 875297.26857146457769 ], [ 7193771.320000035688281, 875303.654285744880326 ], [ 7193774.488571472465992, 875303.888571461429819 ], [ 7193781.417142895981669, 875304.414285747334361 ], [ 7193816.79428575374186, 875306.377142888843082 ], [ 7193831.748571473173797, 875307.208571466617286 ], [ 7193868.380000039935112, 875312.957142889732495 ], [ 7193868.614285748451948, 875312.991428602836095 ], [ 7193938.605714328587055, 875332.182857180130668 ], [ 7194033.328571466729045, 875357.582857173867524 ], [ 7194144.45142861828208, 875395.682857175823301 ], [ 7194207.951428613625467, 875411.557142889476381 ], [ 7194283.105714329518378, 875429.957142892759293 ], [ 7194506.020000038668513, 875466.337142894277349 ], [ 7194530.49142861366272, 875466.997142891050316 ], [ 7194553.848571473732591, 875468.497142890002578 ], [ 7194666.368571469560266, 875467.537142891902477 ], [ 7194666.428571471944451, 875467.534285742789507 ], [ 7194669.55142860673368, 875467.508571461774409 ], [ 7194765.745714329183102, 875486.742857176577672 ], [ 7194837.20000003837049, 875503.997142893262208 ], [ 7194838.717142893001437, 875504.400000034016557 ], [ 7194919.79428575374186, 875459.574285746435635 ], [ 7194919.931428615003824, 875459.497142895823345 ], [ 7194949.748571472242475, 875457.840000030817464 ], [ 7195019.597142901271582, 875458.3914286053041 ], [ 7195035.545714324340224, 875449.991428605979308 ], [ 7195064.980000037699938, 875447.677142893429846 ], [ 7195090.445714324712753, 875449.328571459976956 ], [ 7195157.254285751841962, 875445.360000031534582 ], [ 7195198.925714332610369, 875450.654285744298249 ], [ 7195221.731428610160947, 875456.785714317695238 ], [ 7195240.302857186645269, 875454.977142892894335 ], [ 7195252.834285754710436, 875457.59714288986288 ], [ 7195277.971428610384464, 875448.668571463203989 ], [ 7195297.03714289329946, 875449.46000003721565 ], [ 7195338.245714331045747, 875445.451428605010733 ], [ 7195401.488571470603347, 875436.997142894659191 ], [ 7195419.902857180684805, 875424.694285743986256 ], [ 7195431.57142860814929, 875424.217142894049175 ], [ 7195441.968571470119059, 875425.485714317997918 ], [ 7195458.094285756349564, 875425.140000037616119 ], [ 7195472.080000045709312, 875422.794285745709203 ], [ 7195483.065714328549802, 875424.294285744661465 ], [ 7195488.391428613103926, 875424.414285748382099 ], [ 7195487.051428605802357, 875448.848571460926905 ], [ 7195485.525714325718582, 875478.400000029942021 ], [ 7195519.920000039041042, 875610.194285744684748 ], [ 7195520.40285718627274, 875610.382857174612582 ], [ 7195525.585714328102767, 875614.742857177741826 ], [ 7195526.925714327022433, 875616.971428607590497 ], [ 7195527.594285756349564, 875618.574285745969974 ], [ 7195527.900000041350722, 875619.32857145764865 ], [ 7195528.388571471907198, 875620.814285749336705 ], [ 7195528.874285753816366, 875623.148571460042149 ], [ 7195529.122857185080647, 875625.585714317625389 ], [ 7195533.514285760000348, 875669.1485714642331 ], [ 7195534.254285749047995, 875676.500000033527613 ], [ 7195539.671428615227342, 875727.054285746067762 ], [ 7195550.277142897248268, 875814.428571463096887 ], [ 7195555.551428611390293, 875861.234285748796538 ], [ 7195556.968571469187737, 875870.862857175990939 ], [ 7195557.737142896279693, 875878.300000035669655 ], [ 7195566.27428575605154, 875950.025714315939695 ], [ 7195568.637142896652222, 875969.885714322212152 ], [ 7195573.374285759404302, 876002.005714318482205 ], [ 7195574.920000037178397, 876016.871428605634719 ], [ 7195580.165714321658015, 876062.554285744205117 ], [ 7195582.445714320987463, 876082.422857174882665 ], [ 7195597.891428613103926, 876216.937142892275006 ], [ 7195600.548571464605629, 876237.214285746449605 ], [ 7195613.92285717651248, 876350.097142887301743 ], [ 7195627.197142899036407, 876457.740000034333207 ], [ 7195633.005714324302971, 876501.511428608791903 ], [ 7195637.620000042021275, 876546.108571462798864 ], [ 7195648.688571466132998, 876636.694285747362301 ], [ 7195654.737142898142338, 876690.922857177560218 ], [ 7195659.471428612247109, 876723.042857173830271 ], [ 7195680.317142898216844, 876899.797142887138762 ], [ 7195669.49428575579077, 876902.045714315026999 ], [ 7195570.945714326575398, 876916.920000034384429 ], [ 7195554.888571472838521, 876919.294285748736002 ], [ 7195502.314285758882761, 876927.711428604554385 ], [ 7195499.100000042468309, 876928.185714320745319 ], [ 7195438.088571466505527, 876937.19428574712947 ], [ 7195414.411428613588214, 876941.351428605383262 ], [ 7195429.460000040009618, 877056.605714319157414 ], [ 7195448.000000037252903, 877211.042857178254053 ], [ 7195462.691428610123694, 877328.320000035339035 ], [ 7195463.634285751730204, 877334.745714319404215 ], [ 7195394.000000040978193, 877345.354285750538111 ], [ 7195372.434285749681294, 877348.608571463264525 ], [ 7195292.237142901867628, 877360.708571461262181 ], [ 7195293.311428613960743, 877372.360000031767413 ], [ 7195320.900000041350722, 877599.297142888652161 ], [ 7195324.134285755455494, 877625.505714320577681 ], [ 7195319.828571470454335, 877632.988571459427476 ], [ 7195318.725714329630136, 877633.311428607907146 ], [ 7195317.642857186496258, 877633.557142890407704 ], [ 7195316.511428607627749, 877633.525714318733662 ], [ 7195315.40285718254745, 877633.417142888763919 ], [ 7195299.045714328996837, 877635.560000035678968 ], [ 7195224.251428608782589, 877644.742857177043334 ], [ 7195115.422857179306448, 877658.842857171082869 ], [ 7195119.485714322887361, 877688.554285747464746 ], [ 7195118.920000040903687, 877688.622857173671946 ], [ 7194889.711428608745337, 877716.465714323567227 ], [ 7194891.357142892666161, 877729.662857172079384 ], [ 7194908.971428612247109, 877882.928571463678963 ], [ 7194812.16000003926456, 877893.942857176996768 ], [ 7194705.385714332573116, 877905.862857177155092 ], [ 7194706.777142893522978, 877918.02857145993039 ], [ 7194718.265714323148131, 878018.060000032419339 ] ] ] ] } },
{ "type": "Feature", "properties": { "DTUID": "555390361", "PRCODE": "35", "PRNAME": "Ontario", "CMANAME": "London", "CSDNAME": "London", "DTNAME": "London", "DT_TYPE": "1" }, "geometry": { "type": "MultiPolygon", "coordinates": [ [ [ [ 7086255.625714327208698, 827129.048571463674307 ], [ 7086186.36857146769762, 827246.657142885960639 ], [ 7086112.11142860725522, 827374.745714319171384 ], [ 7086006.871428605169058, 827309.165714319678955 ], [ 7085902.19714289996773, 827244.368571462109685 ], [ 7085689.097142898477614, 827113.937142886221409 ], [ 7085582.537142895162106, 827048.237142890808173 ], [ 7085496.608571473509073, 826995.251428603427485 ], [ 7085476.277142900042236, 826982.717142893117853 ], [ 7085308.080000044777989, 826878.645714316749945 ], [ 7085247.45142861828208, 826841.620000033522956 ], [ 7085145.402857185341418, 826776.380000031436794 ], [ 7084976.377142900601029, 826673.974285744479857 ], [ 7084927.554285755380988, 826643.342857173644006 ], [ 7084887.365714324638247, 826619.060000028694049 ], [ 7084874.137142896652222, 826610.905714319553226 ], [ 7084807.434285750612617, 826561.925714315264486 ], [ 7084780.142857190221548, 826544.722857175976969 ], [ 7084748.957142896018922, 826525.81428575119935 ], [ 7084748.711428613401949, 826525.657142885262147 ], [ 7084734.922857178375125, 826517.048571465769783 ], [ 7084710.662857180461287, 826501.902857175213285 ], [ 7084707.508571466431022, 826499.931428601499647 ], [ 7084674.468571467325091, 826479.657142888754606 ], [ 7084674.377142902463675, 826479.594285745406523 ], [ 7084669.754285752773285, 826476.768571462016553 ], [ 7084653.742857178673148, 826466.722857179120183 ], [ 7084636.268571468070149, 826457.782857178943232 ], [ 7084590.302857184782624, 826430.808571461588144 ], [ 7084543.411428615450859, 826402.911428600666113 ], [ 7084503.022857181727886, 826378.888571460964158 ], [ 7084407.805714323185384, 826322.257142893737182 ], [ 7084438.588571469299495, 826269.874285742873326 ], [ 7084453.551428604871035, 826244.385714317206293 ], [ 7084500.740000041201711, 826170.057142888894305 ], [ 7084507.894285756163299, 826157.937142892973498 ], [ 7084572.822857183404267, 826047.994285748340189 ], [ 7084582.377142901532352, 826031.83142860699445 ], [ 7084597.625714323483407, 826006.020000032847747 ], [ 7084491.094285758212209, 825941.820000036503188 ], [ 7084416.568571466952562, 825896.880000035976991 ], [ 7084342.117142901755869, 825851.811428607441485 ], [ 7084254.2200000397861, 825798.62285717506893 ], [ 7084231.302857182919979, 825783.237142892787233 ], [ 7084225.620000044815242, 825778.880000031087548 ], [ 7084140.660000038333237, 825715.7000000346452 ], [ 7084090.274285757914186, 825685.288571465411223 ], [ 7084113.208571471273899, 825647.002857174957171 ], [ 7084121.671428613364697, 825622.702857181080617 ], [ 7084127.034285752102733, 825595.471428607590497 ], [ 7084159.725714329630136, 825431.348571461043321 ], [ 7084194.782857179641724, 825264.277142886072397 ], [ 7084202.468571471050382, 825243.491428602486849 ], [ 7084221.11142860725522, 825187.974285750184208 ], [ 7084227.991428609937429, 825156.065714315744117 ], [ 7084255.611428609117866, 825150.742857180535793 ], [ 7084259.488571472465992, 825150.734285748447292 ], [ 7084313.142857188358903, 825144.671428608940914 ], [ 7084328.071428610943258, 825141.974285745993257 ], [ 7084336.337142899632454, 825142.865714317886159 ], [ 7084348.194285755977035, 825145.842857176437974 ], [ 7084349.451428614556789, 825146.160000034375116 ], [ 7084365.665714325383306, 825155.73714289185591 ], [ 7084392.842857180163264, 825171.791428603231907 ], [ 7084410.062857182696462, 825181.962857172708027 ], [ 7084427.314285758882761, 825104.968571460805833 ], [ 7084430.871428607031703, 825089.091428605606779 ], [ 7084447.002857184037566, 825012.937142888316885 ], [ 7084453.157142896205187, 824989.105714319855906 ], [ 7084453.245714329183102, 824988.760000031790696 ], [ 7084459.322857183404267, 824984.01714289363008 ], [ 7084466.917142901569605, 824982.688571460079402 ], [ 7084480.53142861276865, 824989.228571465006098 ], [ 7084778.597142897546291, 825167.134285747772083 ], [ 7084781.894285755231977, 825172.437142892624252 ], [ 7084777.928571468219161, 825198.585714315064251 ], [ 7084774.720000041648746, 825211.185714317951351 ], [ 7084744.631428614258766, 825263.905714316992089 ], [ 7084770.002857184968889, 825281.7000000346452 ], [ 7084800.771428615786135, 825151.288571464363486 ], [ 7084807.151428613811731, 825126.300000035902485 ], [ 7084807.214285756461322, 825126.03428574767895 ], [ 7084814.240000043064356, 825097.274285744992085 ], [ 7084814.245714326389134, 825097.242857173318043 ], [ 7084815.68000004068017, 825090.825714321341366 ], [ 7084649.422857178375125, 824953.962857178412378 ], [ 7084479.737142898142338, 824814.277142893522978 ], [ 7084434.534285750240088, 824777.065714321797714 ], [ 7084425.022857185453176, 824772.902857180684805 ], [ 7084234.171428611502051, 824689.408571459935047 ], [ 7084173.577142891474068, 824662.897142892819829 ], [ 7083950.114285748451948, 824675.740000028978102 ], [ 7083937.085714324377477, 824676.488571457797661 ], [ 7083931.762857181951404, 824673.551428603008389 ], [ 7083858.257142891176045, 824632.997142894309945 ], [ 7083837.720000047236681, 824611.351428602822125 ], [ 7083843.131428614258766, 824610.9371428884333 ], [ 7083844.982857184484601, 824610.794285745359957 ], [ 7083855.765714322216809, 824609.968571458244696 ], [ 7083858.348571471869946, 824609.76571432093624 ], [ 7083923.097142901271582, 824604.788571458542719 ], [ 7084091.394285755231977, 824591.828571460209787 ], [ 7084235.908571468666196, 824583.20000003487803 ], [ 7084337.282857182435691, 824582.822857175255194 ], [ 7084431.817142897285521, 824587.40857146284543 ], [ 7084436.500000040978193, 824587.628571464447305 ], [ 7084464.680000038817525, 824589.000000035390258 ], [ 7084502.128571469336748, 824592.831428603618406 ], [ 7084505.131428616121411, 824593.128571463515982 ], [ 7084509.877142895944417, 824593.61428574542515 ], [ 7084614.045714328065515, 824607.305714323651046 ], [ 7084665.711428614333272, 824617.200000031385571 ], [ 7084770.268571465276182, 824640.348571463488042 ], [ 7084895.100000036880374, 824673.151428603800014 ], [ 7084905.537142894230783, 824675.89428574568592 ], [ 7084905.805714324116707, 824675.96285717189312 ], [ 7084905.920000037178397, 824675.425714320270345 ], [ 7084912.900000045076013, 824642.828571458812803 ], [ 7084937.397142892703414, 824529.491428607609123 ], [ 7084959.060000041499734, 824429.002857175422832 ], [ 7085260.334285750985146, 824461.625714317895472 ], [ 7085286.611428609117866, 824470.425714316428639 ], [ 7085470.080000041984022, 824520.988571461173706 ], [ 7085485.762857183814049, 824510.24285717762541 ], [ 7085532.885714327916503, 824474.528571463539265 ], [ 7085629.785714324563742, 824399.897142892354168 ], [ 7085647.397142895497382, 824384.871428605401888 ], [ 7085695.928571471944451, 824343.477142886957154 ], [ 7085760.285714326426387, 824292.38000003201887 ], [ 7085861.317142894491553, 824132.640000035753474 ], [ 7085874.845714323222637, 824110.985714319860563 ], [ 7085947.522857185453176, 823994.714285747613758 ], [ 7085974.962857186794281, 823950.948571463814005 ], [ 7086026.097142895683646, 823869.757142889779061 ], [ 7086148.657142899930477, 823941.700000030105002 ], [ 7086288.825714325532317, 824023.980000030249357 ], [ 7086299.777142895385623, 824005.677142891101539 ], [ 7086359.574285751208663, 824021.845714323106222 ], [ 7086475.468571471050382, 824055.320000033825636 ], [ 7086564.814285753294826, 824081.128571458859369 ], [ 7086646.020000042393804, 824104.591428607236594 ], [ 7086778.534285755828023, 824142.460000034305267 ], [ 7086799.294285751879215, 824082.937142891343683 ], [ 7086884.434285756200552, 824109.011428604600951 ], [ 7087046.217142893001437, 824155.402857176028192 ], [ 7087026.654285755008459, 824207.971428607590497 ], [ 7087005.617142898030579, 824252.894285743823275 ], [ 7086993.025714319199324, 824281.062857175944373 ], [ 7086958.408571464009583, 824378.371428604470566 ], [ 7086928.951428617350757, 824456.877142889075913 ], [ 7086900.582857182249427, 824534.545714320614934 ], [ 7086898.545714323408902, 824541.277142889099196 ], [ 7086895.685714326798916, 824551.471428605844267 ], [ 7086893.682857189327478, 824563.6600000357721 ], [ 7086894.880000038072467, 824575.314285747823305 ], [ 7086899.097142897546291, 824588.220000034896657 ], [ 7086861.671428615227342, 824631.002857173327357 ], [ 7086859.962857188656926, 824632.971428605611436 ], [ 7086845.005714328028262, 824650.06571431492921 ], [ 7086839.720000047236681, 824656.108571464079432 ], [ 7086839.588571470230818, 824656.271428605308756 ], [ 7087020.668571474030614, 824754.880000029457733 ], [ 7087045.2200000397861, 824767.374285743688233 ], [ 7087163.197142898105085, 824823.831428603734821 ], [ 7087202.360000045970082, 824811.154285750351846 ], [ 7087248.431428609415889, 824791.100000031292439 ], [ 7087277.460000041872263, 824757.288571464596316 ], [ 7087309.131428610533476, 824715.448571460088715 ], [ 7087350.742857182398438, 824687.134285751148127 ], [ 7087373.060000035911798, 824683.548571465420537 ], [ 7087420.908571468666196, 824698.148571464465931 ], [ 7087453.722857182845473, 824720.220000036177225 ], [ 7087508.325714331120253, 824766.277142893057317 ], [ 7087527.451428616419435, 824794.231428606668487 ], [ 7087575.882857179269195, 824821.620000038295984 ], [ 7087582.840000040829182, 824828.337142891599797 ], [ 7087638.562857178971171, 824866.591428602696396 ], [ 7087648.488571474328637, 824869.302857173141092 ], [ 7087668.391428610309958, 824874.740000028861687 ], [ 7087693.377142896875739, 824881.571428602794185 ], [ 7087714.705714322626591, 824887.40000003343448 ], [ 7087776.888571474701166, 824908.122857173788361 ], [ 7087844.134285755455494, 824924.434285748866387 ], [ 7087940.665714325383306, 824963.862857176689431 ], [ 7087961.114285752177238, 824976.402857177658007 ], [ 7087956.425714325159788, 824985.562857179436833 ], [ 7087943.328571466729045, 825010.805714322486892 ], [ 7087932.448571464978158, 825034.848571460344829 ], [ 7087921.631428614258766, 825057.614285749732517 ], [ 7087916.037142891436815, 825072.625714321620762 ], [ 7087910.3485714700073, 825090.65428574802354 ], [ 7087899.565714332275093, 825109.548571465420537 ], [ 7087893.325714329257607, 825121.720000031171367 ], [ 7087824.291428613476455, 825256.491428604582325 ], [ 7087758.365714326500893, 825386.557142894249409 ], [ 7087740.505714330822229, 825421.854285744950175 ], [ 7087692.420000040903687, 825516.568571465322748 ], [ 7087624.75428575463593, 825643.768571460270323 ], [ 7087597.414285758510232, 825699.511428604600951 ], [ 7087560.525714319199324, 825772.73714289162308 ], [ 7087512.040000045672059, 825867.234285752056167 ], [ 7087508.037142896093428, 825875.034285748610273 ], [ 7087507.340000044554472, 825883.091428601415828 ], [ 7087504.034285753965378, 825888.020000035641715 ], [ 7087494.825714324600995, 825901.725714321248233 ], [ 7087435.522857183590531, 825980.048571466701105 ], [ 7087420.768571467138827, 826005.20857146079652 ], [ 7087412.180000038817525, 826021.328571464517154 ], [ 7087386.280000040307641, 826069.968571463716216 ], [ 7087381.117142904549837, 826079.140000031329691 ], [ 7087376.405714321881533, 826087.502857176121324 ], [ 7087375.66000004298985, 826088.825714318780228 ], [ 7087345.920000036247075, 826141.637142891413532 ], [ 7087345.474285749718547, 826142.391428603092209 ], [ 7087339.685714323073626, 826152.197142894263379 ], [ 7087329.53714289329946, 826169.391428601462394 ], [ 7087317.640000039711595, 826192.14857145876158 ], [ 7087310.614285754039884, 826209.594285746803507 ], [ 7087299.528571472503245, 826240.420000030426309 ], [ 7087287.874285760335624, 826283.585714319255203 ], [ 7087271.000000037252903, 826340.748571462696418 ], [ 7087257.814285755157471, 826370.074285747250542 ], [ 7087249.622857183218002, 826384.774285751860589 ], [ 7087243.37142860610038, 826387.60857145965565 ], [ 7087221.360000044107437, 826431.908571461448446 ], [ 7087213.365714326500893, 826448.297142887138762 ], [ 7087148.637142894789577, 826561.885714319185354 ], [ 7087091.580000040121377, 826661.857142889872193 ], [ 7087071.38571432698518, 826697.211428608512506 ], [ 7087034.354285753332078, 826762.028571464121342 ], [ 7086988.148571470752358, 826843.845714321825653 ], [ 7086978.460000041872263, 826861.105714313802309 ], [ 7086932.394285752438009, 826943.214285748428665 ], [ 7086911.185714330524206, 826981.014285749057308 ], [ 7086863.494285754859447, 827064.605714318575338 ], [ 7086708.291428610682487, 826972.208571467665024 ], [ 7086654.845714323222637, 826940.697142890887335 ], [ 7086593.268571464344859, 827046.411428601713851 ], [ 7086592.12000004388392, 827048.394285748945549 ], [ 7086528.231428607366979, 827157.460000036749989 ], [ 7086418.877142899669707, 827093.388571460731328 ], [ 7086313.385714331641793, 827031.591428601182997 ], [ 7086255.625714327208698, 827129.048571463674307 ] ] ] ] } },
{ "type": "Feature", "properties": { "DTUID": "602110401", "PRCODE": "46", "PRNAME": "Manitoba", "CMANAME": "Winnipeg", "CSDNAME": "Winnipeg", "DTNAME": "Winnipeg", "DT_TYPE": "1" }, "geometry": { "type": "MultiPolygon", "coordinates": [ [ [ [ 5823310.234285754151642, 1545142.854285743320361 ], [ 5823309.482857184484601, 1545143.117142890114337 ], [ 5823300.74000003747642, 1545146.16571431630291 ], [ 5823296.894285755231977, 1545147.50000003259629 ], [ 5823234.900000032968819, 1545171.054285746999085 ], [ 5823220.074285749346018, 1545178.102857173420489 ], [ 5823197.034285755828023, 1545189.314285748638213 ], [ 5823142.840000038035214, 1545213.111428603995591 ], [ 5823096.594285759143531, 1545239.331428609322757 ], [ 5823088.897142894566059, 1545244.154285747557878 ], [ 5823033.302857182919979, 1545278.03714288957417 ], [ 5822981.288571467623115, 1545305.782857174985111 ], [ 5822972.782857179641724, 1545298.011428608559072 ], [ 5822942.780000042170286, 1545270.600000037346035 ], [ 5822908.488571468740702, 1545213.151428607758135 ], [ 5822896.811428617686033, 1545142.222857176791877 ], [ 5822829.665714326314628, 1545179.571428600698709 ], [ 5822762.837142901495099, 1545071.502857181243598 ], [ 5822700.500000040978193, 1544967.957142890663818 ], [ 5822641.282857181504369, 1545004.437142889946699 ], [ 5822608.308571469038725, 1544949.862857179483399 ], [ 5822355.24000003747642, 1545103.557142892619595 ], [ 5822302.877142900601029, 1545028.417142892256379 ], [ 5822286.100000041536987, 1544995.051428603939712 ], [ 5822266.914285754784942, 1544943.400000032968819 ], [ 5822257.677142894826829, 1544948.854285745415837 ], [ 5822243.991428615525365, 1544957.171428603352979 ], [ 5822174.4057143246755, 1544999.477142891846597 ], [ 5822095.511428606696427, 1545047.440000037662685 ], [ 5821833.634285753592849, 1545203.100000034086406 ], [ 5821783.565714322961867, 1545120.288571465061978 ], [ 5821770.851428614929318, 1545098.345714321359992 ], [ 5821751.685714326798916, 1545065.271428609965369 ], [ 5821720.697142900899053, 1545011.79428575001657 ], [ 5821668.002857175655663, 1544923.251428606687114 ], [ 5821585.631428609602153, 1544782.777142889332026 ], [ 5821562.034285757690668, 1544796.357142888475209 ], [ 5821519.691428607329726, 1544821.991428606212139 ], [ 5821505.385714318603277, 1544830.502857177052647 ], [ 5821408.540000040084124, 1544888.157142893411219 ], [ 5821403.614285755902529, 1544879.671428603585809 ], [ 5821401.337142897769809, 1544867.891428604954854 ], [ 5821394.531428611837327, 1544823.508571461774409 ], [ 5821373.137142892926931, 1544681.445714321220294 ], [ 5821324.685714324004948, 1544687.691428607562557 ], [ 5821247.600000038743019, 1544698.037142891902477 ], [ 5821200.020000043325126, 1544323.194285748526454 ], [ 5821121.945714321918786, 1544333.648571462836117 ], [ 5821069.134285757318139, 1543938.314285746775568 ], [ 5821019.948571465909481, 1543585.688571467529982 ], [ 5820942.862857189029455, 1543596.040000034961849 ], [ 5820914.297142891213298, 1543367.131428604479879 ], [ 5820897.55428575258702, 1543232.962857175152749 ], [ 5820867.757142893970013, 1543223.614285751245916 ], [ 5820867.225714324973524, 1543212.180000033229589 ], [ 5820852.860000034794211, 1543116.477142892079428 ], [ 5820842.191428609192371, 1543036.417142889462411 ], [ 5820950.305714324116707, 1543071.842857175972313 ], [ 5820991.985714320093393, 1543086.382857180666178 ], [ 5821036.640000035054982, 1543100.600000036880374 ], [ 5821012.700000043958426, 1542925.711428608745337 ], [ 5820995.008571466431022, 1542799.294285748153925 ], [ 5821209.217142892070115, 1542768.091428604908288 ], [ 5821196.591428607702255, 1542679.217142888577655 ], [ 5821301.214285751804709, 1542663.882857176009566 ], [ 5821396.040000035427511, 1542650.611428610514849 ], [ 5821374.485714325681329, 1542488.505714316386729 ], [ 5821371.791428610682487, 1542468.688571463339031 ], [ 5821354.865714326500893, 1542344.234285751823336 ], [ 5821459.225714322179556, 1542344.98000003118068 ], [ 5821543.022857178002596, 1542351.760000035632402 ], [ 5821582.351428615860641, 1542355.580000038025901 ], [ 5821598.802857184782624, 1542357.35142860817723 ], [ 5821598.900000033900142, 1542356.945714318193495 ], [ 5821599.445714324712753, 1542350.371428607963026 ], [ 5821602.940000045113266, 1542340.968571465462446 ], [ 5821605.402857184410095, 1542335.937142891809344 ], [ 5821608.028571464121342, 1542332.397142892703414 ], [ 5821610.920000039041042, 1542322.054285749793053 ], [ 5821612.251428614370525, 1542318.151428606361151 ], [ 5821615.182857178151608, 1542312.81714288983494 ], [ 5821618.088571469299495, 1542307.240000032354146 ], [ 5821620.080000033602118, 1542304.771428610663861 ], [ 5821625.051428604871035, 1542297.465714320540428 ], [ 5821629.837142895907164, 1542288.422857173252851 ], [ 5821634.371428607031703, 1542281.66571431630291 ], [ 5821642.340000042691827, 1542267.262857179157436 ], [ 5821647.931428607553244, 1542256.385714318603277 ], [ 5821649.502857182174921, 1542254.708571463357657 ], [ 5821651.325714329257607, 1542253.011428602039814 ], [ 5821657.014285750687122, 1542245.371428605169058 ], [ 5821661.831428613513708, 1542236.577142889611423 ], [ 5821664.571428613737226, 1542231.771428608335555 ], [ 5821668.908571470528841, 1542225.537142887711525 ], [ 5821672.805714323185384, 1542219.851428607944399 ], [ 5821674.217142898589373, 1542216.691428602440283 ], [ 5821681.054285747930408, 1542203.417142887599766 ], [ 5821686.720000036992133, 1542195.537142891436815 ], [ 5821689.822857182472944, 1542189.431428606621921 ], [ 5821692.320000041276217, 1542182.394285746151581 ], [ 5821693.242857176810503, 1542180.900000037625432 ], [ 5821722.922857182100415, 1542196.420000038808212 ], [ 5821854.914285758510232, 1542251.260000037495047 ], [ 5821888.862857185304165, 1542164.134285744512454 ], [ 5821975.845714320428669, 1542198.842857181327417 ], [ 5821983.342857182025909, 1542156.92571431864053 ], [ 5822043.305714327841997, 1542016.074285748880357 ], [ 5822163.017142901197076, 1542065.665714322123677 ], [ 5822181.291428609751165, 1542073.234285751357675 ], [ 5822298.028571465983987, 1542121.594285747036338 ], [ 5822310.688571470789611, 1542123.717142888344824 ], [ 5822345.971428614109755, 1542079.597142891958356 ], [ 5822361.502857180312276, 1542037.81428574770689 ], [ 5822403.071428613737226, 1541940.068571465555578 ], [ 5822446.191428609192371, 1541838.134285745443776 ], [ 5822455.174285754561424, 1541817.051428602077067 ], [ 5822479.782857181504369, 1541759.308571461355314 ], [ 5822500.408571464940906, 1541708.94571432005614 ], [ 5822518.70000003837049, 1541664.854285746347159 ], [ 5822552.448571469634771, 1541584.142857179045677 ], [ 5822553.934285753406584, 1541580.585714323446155 ], [ 5822589.640000035986304, 1541495.162857182091102 ], [ 5822669.754285749047995, 1541526.574285745620728 ], [ 5822691.111428612843156, 1541538.382857174379751 ], [ 5822744.768571462482214, 1541574.122857177164406 ], [ 5822802.2057143189013, 1541614.034285753034055 ], [ 5822802.362857185304165, 1541694.517142894444987 ], [ 5822809.771428607404232, 1541740.025714318268001 ], [ 5822844.017142901197076, 1541849.082857173867524 ], [ 5822859.902857180684805, 1541881.245714323129505 ], [ 5822860.874285751953721, 1541883.02571431780234 ], [ 5822946.980000037699938, 1542041.520000029355288 ], [ 5822999.571428609080613, 1542114.534285746980458 ], [ 5823075.082857185974717, 1542219.365714318118989 ], [ 5823157.231428609229624, 1542330.548571464139968 ], [ 5823248.642857180908322, 1542436.280000031460077 ], [ 5823312.374285751953721, 1542510.000000032829121 ], [ 5823386.134285757318139, 1542591.094285750295967 ], [ 5823396.920000037178397, 1542602.802857173606753 ], [ 5823406.151428613811731, 1542611.38571431976743 ], [ 5823483.291428610682487, 1542683.100000034086406 ], [ 5823662.042857185937464, 1542916.348571462091058 ], [ 5823696.848571464419365, 1542952.885714321862906 ], [ 5823715.562857183627784, 1542972.657142896205187 ], [ 5823735.714285751804709, 1542993.588571464410052 ], [ 5823736.157142896205187, 1542994.860000029671937 ], [ 5823786.671428612433374, 1543139.420000037644058 ], [ 5823785.117142894305289, 1543295.417142889928073 ], [ 5823780.462857180275023, 1543321.042857175692916 ], [ 5823723.854285752400756, 1543439.50000003259629 ], [ 5823700.37142860610038, 1543481.382857174612582 ], [ 5823695.834285754710436, 1543489.477142889751121 ], [ 5823677.414285752922297, 1543520.737142893485725 ], [ 5823661.634285754524171, 1543566.745714322198182 ], [ 5823661.471428614109755, 1543567.134285747539252 ], [ 5823649.185714326798916, 1543607.220000038389117 ], [ 5823625.137142898514867, 1543671.768571464344859 ], [ 5823609.714285753667355, 1543706.754285747651011 ], [ 5823584.671428614296019, 1543758.517142890021205 ], [ 5823468.914285754784942, 1543997.782857178710401 ], [ 5823451.805714322254062, 1544055.700000033946708 ], [ 5823452.47714289277792, 1544073.791428603697568 ], [ 5823452.542857185006142, 1544075.522857178002596 ], [ 5823456.548571467399597, 1544092.637142892926931 ], [ 5823454.002857180312276, 1544106.197142893914133 ], [ 5823452.780000034719706, 1544111.091428607236594 ], [ 5823452.4571428950876, 1544117.391428604954854 ], [ 5823451.58285718690604, 1544125.508571467129514 ], [ 5823451.462857183068991, 1544138.302857175003737 ], [ 5823449.714285752736032, 1544143.002857175655663 ], [ 5823451.58285718690604, 1544162.602857176680118 ], [ 5823447.654285755008459, 1544179.568571465555578 ], [ 5823450.980000043287873, 1544198.765714318025857 ], [ 5823452.182857181876898, 1544202.891428604722023 ], [ 5823454.117142893373966, 1544218.471428607590497 ], [ 5823456.300000043585896, 1544234.028571463190019 ], [ 5823462.588571468368173, 1544248.134285748004913 ], [ 5823463.765714326873422, 1544249.765714324312285 ], [ 5823465.974285749718547, 1544265.565714321099222 ], [ 5823468.842857178300619, 1544273.525714317336679 ], [ 5823469.785714328289032, 1544279.945714318659157 ], [ 5823479.094285756349564, 1544296.485714319627732 ], [ 5823479.860000032931566, 1544298.908571462146938 ], [ 5823491.137142892926931, 1544310.468571459408849 ], [ 5823492.482857183553278, 1544311.325714318081737 ], [ 5823498.688571466132998, 1544324.691428606165573 ], [ 5823501.24000003747642, 1544327.422857174649835 ], [ 5823507.840000043623149, 1544337.485714321956038 ], [ 5823514.391428614035249, 1544347.054285747231916 ], [ 5823520.228571468964219, 1544354.694285744102672 ], [ 5823526.84857146628201, 1544360.245714320568368 ], [ 5823533.617142897099257, 1544369.540000033332035 ], [ 5823538.694285749457777, 1544374.760000036796555 ], [ 5823540.445714321918786, 1544377.071428607916459 ], [ 5823569.077142896130681, 1544400.797142895404249 ], [ 5823574.951428606174886, 1544406.428571464028209 ], [ 5823578.797142896801233, 1544409.522857177071273 ], [ 5823580.688571470789611, 1544410.822857180377468 ], [ 5823583.931428609415889, 1544412.98000003490597 ], [ 5823605.388571470975876, 1544425.948571465210989 ], [ 5823608.131428605876863, 1544428.157142889220268 ], [ 5823610.025714321061969, 1544429.457142892526463 ], [ 5823615.411428608000278, 1544432.88857146166265 ], [ 5823617.554285746067762, 1544434.157142893178388 ], [ 5823622.911428609862924, 1544437.337142888922244 ], [ 5823646.068571474403143, 1544452.125714317895472 ], [ 5823651.671428613364697, 1544455.28000003262423 ], [ 5823653.540000040084124, 1544456.331428604200482 ], [ 5823656.451428605243564, 1544457.777142892125994 ], [ 5823669.997142899781466, 1544464.828571459976956 ], [ 5823678.702857183292508, 1544471.154285746160895 ], [ 5823686.894285754300654, 1544475.028571467380971 ], [ 5823693.162857180461287, 1544477.362857177853584 ], [ 5823696.594285756349564, 1544478.997142895823345 ], [ 5823702.86285718344152, 1544481.3285714648664 ], [ 5823715.014285750687122, 1544484.777142890496179 ], [ 5823722.822857178747654, 1544487.440000032540411 ], [ 5823728.762857181951404, 1544489.05428575235419 ], [ 5823735.880000041797757, 1544492.297142891446128 ], [ 5823743.440000046044588, 1544494.988571463618428 ], [ 5823751.382857178337872, 1544498.891428607515991 ], [ 5823755.040000040084124, 1544500.251428604824468 ], [ 5823766.371428610756993, 1544503.03142860904336 ], [ 5823772.72000003606081, 1544506.11142860702239 ], [ 5823779.205714322626591, 1544508.165714322123677 ], [ 5823790.768571468070149, 1544515.437142891343683 ], [ 5823799.097142900340259, 1544518.29428574629128 ], [ 5823806.851428610272706, 1544520.465714323567227 ], [ 5823817.082857181318104, 1544522.36571432184428 ], [ 5823823.05142860673368, 1544524.228571465471759 ], [ 5823832.97714289277792, 1544527.917142890626565 ], [ 5823838.585714321583509, 1544528.814285745378584 ], [ 5823847.111428608186543, 1544531.148571463767439 ], [ 5823850.657142890617251, 1544531.517142891418189 ], [ 5823854.482857182621956, 1544532.105714320437983 ], [ 5823856.574285753071308, 1544532.885714320931584 ], [ 5823868.731428611092269, 1544534.074285752605647 ], [ 5823888.000000039115548, 1544540.762857175897807 ], [ 5823903.100000042468309, 1544543.645714319543913 ], [ 5823911.811428616754711, 1544547.717142894864082 ], [ 5823927.494285751134157, 1544549.031428605783731 ], [ 5823950.268571465276182, 1544553.334285748656839 ], [ 5823962.674285755492747, 1544554.497142891632393 ], [ 5823969.880000039935112, 1544556.22571431659162 ], [ 5823976.642857179977, 1544558.500000033061951 ], [ 5823993.040000038221478, 1544559.482857178431004 ], [ 5824006.608571471646428, 1544559.771428606240079 ], [ 5824014.474285752512515, 1544560.671428602654487 ], [ 5824021.405714323744178, 1544562.18285717535764 ], [ 5824049.268571464344859, 1544557.911428604042158 ], [ 5824053.29142861161381, 1544555.728571461047977 ], [ 5824067.688571466132998, 1544554.422857174649835 ], [ 5824076.197142902761698, 1544552.000000032130629 ], [ 5824086.340000042691827, 1544548.397142889909446 ], [ 5824095.311428613960743, 1544547.925714322831482 ], [ 5824101.68000003695488, 1544544.22857146570459 ], [ 5824114.262857183814049, 1544542.368571463506669 ], [ 5824125.000000035390258, 1544539.705714321229607 ], [ 5824127.865714330226183, 1544538.388571461429819 ], [ 5824137.062857178971171, 1544537.642857174156234 ], [ 5824144.354285754263401, 1544537.857142892666161 ], [ 5824155.91714289970696, 1544535.860000030370429 ], [ 5824176.177142897620797, 1544533.1714286073111 ], [ 5824189.334285750985146, 1544531.99714289046824 ], [ 5824195.837142900563776, 1544529.540000034729019 ], [ 5824211.36857146769762, 1544527.108571460004896 ], [ 5824219.491428612731397, 1544525.731428605969995 ], [ 5824223.840000042691827, 1544524.251428605057299 ], [ 5824227.282857177779078, 1544523.634285745676607 ], [ 5824243.060000041499734, 1544521.177142890170217 ], [ 5824254.182857178151608, 1544519.72000003606081 ], [ 5824270.728571468964219, 1544517.428571463096887 ], [ 5824282.205714324489236, 1544516.940000032074749 ], [ 5824299.211428610607982, 1544516.605714317411184 ], [ 5824305.357142899185419, 1544513.188571463571861 ], [ 5824324.600000037811697, 1544510.354285748209804 ], [ 5824344.068571468815207, 1544507.248571461532265 ], [ 5824348.117142889648676, 1544505.30571431806311 ], [ 5824355.637142898514867, 1544502.9857143224217 ], [ 5824357.594285757280886, 1544502.522857179865241 ], [ 5824365.305714322254062, 1544499.682857181411237 ], [ 5824387.000000033527613, 1544496.337142895441502 ], [ 5824414.177142895758152, 1544492.645714321173728 ], [ 5824422.157142890617251, 1544492.285714317811653 ], [ 5824431.437142895534635, 1544490.034285748377442 ], [ 5824446.054285751655698, 1544488.451428608037531 ], [ 5824451.894285755231977, 1544486.817142890300602 ], [ 5824463.734285756014287, 1544485.037142888177186 ], [ 5824470.811428612098098, 1544483.271428608335555 ], [ 5824476.322857176885009, 1544480.920000033453107 ], [ 5824485.105714319273829, 1544478.714285750873387 ], [ 5824490.477142890915275, 1544477.380000034580007 ], [ 5824495.154285751283169, 1544476.620000032242388 ], [ 5824500.222857187502086, 1544474.82285718107596 ], [ 5824510.108571470715106, 1544473.502857179613784 ], [ 5824519.95714289881289, 1544474.194285748060793 ], [ 5824540.642857177183032, 1544468.451428608037531 ], [ 5824550.065714325755835, 1544465.177142889471725 ], [ 5824555.708571460098028, 1544464.06285717478022 ], [ 5824559.814285757020116, 1544462.617142886854708 ], [ 5824575.368571471422911, 1544460.434285751311108 ], [ 5824578.062857184559107, 1544459.891428601462394 ], [ 5824581.062857182696462, 1544459.820000033592805 ], [ 5824596.840000039897859, 1544457.362857177853584 ], [ 5824618.314285757951438, 1544454.285714321304113 ], [ 5824623.020000042393804, 1544453.774285750463605 ], [ 5824630.12571432814002, 1544452.257142887450755 ], [ 5824635.462857178412378, 1544452.93428574828431 ], [ 5824650.991428611800075, 1544450.505714322905988 ], [ 5824656.751428607851267, 1544448.125714317895472 ], [ 5824672.305714322254062, 1544445.945714323781431 ], [ 5824688.080000038258731, 1544443.488571460358799 ], [ 5824703.88285718485713, 1544441.28000003634952 ], [ 5824709.334285747259855, 1544440.691428607329726 ], [ 5824714.811428614892066, 1544440.348571460694075 ], [ 5824731.465714327991009, 1544439.05142860673368 ], [ 5824742.862857184372842, 1544437.820000037085265 ], [ 5824755.271428608335555, 1544438.985714321956038 ], [ 5824767.105714318342507, 1544437.205714319366962 ], [ 5824776.025714320130646, 1544436.240000038407743 ], [ 5824780.042857185006142, 1544436.308571464614943 ], [ 5824785.000000040978193, 1544435.771428605075926 ], [ 5824794.99142861366272, 1544435.440000032074749 ], [ 5824804.982857184484601, 1544435.108571459073573 ], [ 5824817.311428616754711, 1544435.528571464121342 ], [ 5824820.062857182696462, 1544435.48571431892924 ], [ 5824827.354285757988691, 1544435.700000029755756 ], [ 5824836.020000037737191, 1544437.020000031217933 ], [ 5824849.442857186309993, 1544438.328571458812803 ], [ 5824863.248571470379829, 1544440.848571465350688 ], [ 5824868.751428610645235, 1544440.754285750444978 ], [ 5824891.420000035315752, 1544444.068571465089917 ], [ 5824897.880000040866435, 1544445.87714288989082 ], [ 5824909.654285748489201, 1544448.114285751711577 ], [ 5824914.274285756982863, 1544449.1171428875532 ], [ 5824919.582857185043395, 1544449.545714316889644 ], [ 5824933.548571467399597, 1544453.551428607665002 ], [ 5824938.034285757690668, 1544453.314285749569535 ], [ 5824955.745714318007231, 1544456.462857173755765 ], [ 5824965.262857181951404, 1544458.688571461942047 ], [ 5824969.368571470491588, 1544460.782857173122466 ], [ 5824980.594285752624273, 1544466.760000037495047 ], [ 5824983.725714328698814, 1544467.92571432213299 ], [ 5824995.062857182696462, 1544477.728571464074776 ], [ 5825005.671428613364697, 1544483.097142893821001 ], [ 5825014.600000040605664, 1544489.148571459576488 ], [ 5825026.625714321620762, 1544498.377142887562513 ], [ 5825032.05428575258702, 1544504.557142889127135 ], [ 5825048.471428608521819, 1544517.322857182472944 ], [ 5825062.468571471050382, 1544530.84857146255672 ], [ 5825065.317142894491553, 1544534.048571464139968 ], [ 5825069.92285718023777, 1544539.568571461131796 ], [ 5825077.322857176885009, 1544550.048571464139968 ], [ 5825085.451428605243564, 1544564.960000038146973 ], [ 5825090.488571461290121, 1544574.437142889946699 ], [ 5825092.340000038966537, 1544580.005714322905988 ], [ 5825093.694285754114389, 1544587.880000028759241 ], [ 5825095.414285754784942, 1544592.2057143189013 ], [ 5825100.95714289881289, 1544606.39428575290367 ], [ 5825106.302857181057334, 1544614.088571460917592 ], [ 5825108.600000036880374, 1544619.105714319273829 ], [ 5825110.234285755082965, 1544624.94285717443563 ], [ 5825116.360000038519502, 1544646.837142889853567 ], [ 5825119.920000042766333, 1544651.965714320074767 ], [ 5825121.574285751208663, 1544661.768571462016553 ], [ 5825122.20000004209578, 1544668.037142887711525 ], [ 5825012.434285754337907, 1544686.800000035669655 ], [ 5824953.068571468815207, 1544696.842857177136466 ], [ 5824907.225714323110878, 1544709.162857176735997 ], [ 5824676.185714326798916, 1544748.21714289393276 ], [ 5824664.260000043548644, 1544750.205714316572994 ], [ 5824663.351428614929318, 1544750.357142891734838 ], [ 5824658.437142895534635, 1544751.177142888307571 ], [ 5824543.257142891176045, 1544770.602857174351811 ], [ 5824482.300000041723251, 1544781.708571461029351 ], [ 5824406.517142901197076, 1544799.422857178840786 ], [ 5824335.405714323744178, 1544818.645714320242405 ], [ 5824176.968571471981704, 1544870.234285747632384 ], [ 5824176.128571469336748, 1544870.505714318947867 ], [ 5824167.362857184372842, 1544873.357142890803516 ], [ 5824028.880000038072467, 1544918.451428608270362 ], [ 5824025.53714289329946, 1544919.562857173848897 ], [ 5823938.862857185304165, 1544948.245714318240061 ], [ 5823924.3428571857512, 1544952.908571464242414 ], [ 5823914.120000038295984, 1544956.191428607096896 ], [ 5823895.988571465015411, 1544962.15714289015159 ], [ 5823894.782857176847756, 1544962.554285747930408 ], [ 5823884.748571467585862, 1544965.857142888940871 ], [ 5823883.537142897024751, 1544966.254285746719688 ], [ 5823854.797142891213298, 1544975.711428608279675 ], [ 5823830.388571467250586, 1544983.885714315343648 ], [ 5823726.480000040493906, 1545019.328571458347142 ], [ 5823663.880000040866435, 1545035.874285750091076 ], [ 5823625.245714320801198, 1545044.174285743851215 ], [ 5823583.825714329257607, 1545055.194285747595131 ], [ 5823535.068571467883885, 1545068.705714320298284 ], [ 5823438.428571468219161, 1545098.968571463599801 ], [ 5823417.137142896652222, 1545105.640000037848949 ], [ 5823329.611428611911833, 1545136.105714318342507 ], [ 5823323.968571469187737, 1545138.071428601397201 ], [ 5823323.228571465238929, 1545138.328571457415819 ], [ 5823310.234285754151642, 1545142.854285743320361 ] ] ] ] } },
{ "type": "Feature", "properties": { "DTUID": "725110661", "PRCODE": "47", "PRNAME": "Saskatchewan", "CMANAME": "Saskatoon", "CSDNAME": "Saskatoon", "DTNAME": "Saskatoon", "DT_TYPE": "1" }, "geometry": { "type": "MultiPolygon", "coordinates": [ [ [ [ 5207921.385714326053858, 1892452.011428606696427 ], [ 5207932.234285748563707, 1892498.251428610645235 ], [ 5207943.28857147321105, 1892545.448571463348344 ], [ 5207894.151428610086441, 1892556.922857177676633 ], [ 5207843.074285754002631, 1892568.800000032642856 ], [ 5207746.731428606435657, 1892591.331428605597466 ], [ 5207713.485714321956038, 1892601.440000031841919 ], [ 5207594.34857146255672, 1892616.682857178617269 ], [ 5207563.385714326053858, 1892623.268571462482214 ], [ 5207541.897142892703414, 1892626.831428608624265 ], [ 5207534.360000034794211, 1892629.442857173504308 ], [ 5207523.508571471087635, 1892630.745714318240061 ], [ 5207523.174285756424069, 1892630.845714316237718 ], [ 5207478.854285756126046, 1892644.294285745592788 ], [ 5207388.088571466505527, 1892678.777142890263349 ], [ 5207351.940000033006072, 1892689.511428608093411 ], [ 5207312.208571461960673, 1892692.905714322347194 ], [ 5207207.157142888754606, 1892717.28571432386525 ], [ 5207115.648571468889713, 1892738.785714322933927 ], [ 5207015.434285749681294, 1892762.134285750798881 ], [ 5206975.00000003632158, 1892771.762857177993283 ], [ 5206889.300000040791929, 1892792.028571466449648 ], [ 5206797.794285754673183, 1892813.522857174975798 ], [ 5206757.360000033862889, 1892823.140000036219135 ], [ 5206752.008571468293667, 1892797.980000034440309 ], [ 5206711.134285752661526, 1892624.928571461234242 ], [ 5206670.125714326277375, 1892451.305714323185384 ], [ 5206665.800000043585896, 1892430.988571465248242 ], [ 5206652.66571432352066, 1892435.800000037299469 ], [ 5206547.817142895422876, 1892461.151428602868691 ], [ 5206559.842857183888555, 1892508.154285750351846 ], [ 5206579.90285718627274, 1892592.891428606351838 ], [ 5206591.725714322179556, 1892638.925714323762804 ], [ 5206594.61142860725522, 1892652.468571460573003 ], [ 5206490.871428611688316, 1892673.53428574744612 ], [ 5206383.737142901867628, 1892702.40857146307826 ], [ 5206381.060000036843121, 1892689.831428607460111 ], [ 5206370.971428608521819, 1892642.414285753155127 ], [ 5206355.93714289739728, 1892571.788571464829147 ], [ 5206343.931428614072502, 1892558.157142896205187 ], [ 5206337.240000042133033, 1892550.480000037001446 ], [ 5206296.791428614407778, 1892574.265714318724349 ], [ 5206243.777142896316946, 1892586.554285746533424 ], [ 5206231.197142899036407, 1892589.231428603874519 ], [ 5206170.448571462184191, 1892603.174285747343674 ], [ 5206131.494285758584738, 1892591.240000032121316 ], [ 5206124.908571466803551, 1892560.274285746738315 ], [ 5206026.831428611651063, 1892584.19428574712947 ], [ 5205925.854285756126046, 1892608.722857174696401 ], [ 5205923.385714318603277, 1892597.105714324861765 ], [ 5205911.708571467548609, 1892547.000000032130629 ], [ 5205884.84857146255672, 1892430.337142892880365 ], [ 5205859.760000037029386, 1892331.500000034924597 ], [ 5205846.085714322514832, 1892276.757142892573029 ], [ 5205742.411428611725569, 1892302.877142892451957 ], [ 5205695.062857183627784, 1892318.014285750919953 ], [ 5205645.365714330226183, 1892331.625714321620762 ], [ 5205601.068571461364627, 1892342.068571462295949 ], [ 5205552.128571469336748, 1892354.508571465499699 ], [ 5205549.594285747036338, 1892337.848571460694075 ], [ 5205535.094285746105015, 1892279.240000037010759 ], [ 5205491.125714325346053, 1892096.434285749914125 ], [ 5205457.117142897099257, 1891950.940000032540411 ], [ 5205495.962857178412378, 1891938.622857174603269 ], [ 5205505.845714319497347, 1891937.534285748377442 ], [ 5205528.302857183851302, 1891933.765714323380962 ], [ 5205551.671428617089987, 1891924.748571464791894 ], [ 5205513.13142860494554, 1891757.968571459176019 ], [ 5205562.071428612805903, 1891745.531428605085239 ], [ 5205608.511428612284362, 1891735.645714321872219 ], [ 5205641.945714326575398, 1891740.662857180461287 ], [ 5205665.771428604610264, 1891752.791428608587012 ], [ 5205733.154285753145814, 1891789.014285751851276 ], [ 5205719.828571469523013, 1891731.168571464251727 ], [ 5205702.79428575374186, 1891655.900000035762787 ], [ 5205692.702857184223831, 1891608.482857181457803 ], [ 5205665.431428615003824, 1891489.880000040167943 ], [ 5205654.580000035464764, 1891443.637142894789577 ], [ 5205650.51714289188385, 1891429.334285747958347 ], [ 5205628.811428606510162, 1891336.860000031068921 ], [ 5205628.491428606212139, 1891335.348571466049179 ], [ 5205628.360000036656857, 1891334.734285748330876 ], [ 5205616.682857178151608, 1891284.628571463050321 ], [ 5205571.428571468219161, 1891105.314285747008398 ], [ 5205514.954285752028227, 1891120.362857181113213 ], [ 5205463.468571471050382, 1891130.317142890533432 ], [ 5205451.788571470417082, 1891080.208571464056149 ], [ 5205422.028571465983987, 1890964.151428610319272 ], [ 5205377.511428612284362, 1890973.628571462118998 ], [ 5205327.611428612843156, 1890986.282857176149264 ], [ 5205288.520000041462481, 1890821.642857176018879 ], [ 5205241.108571469783783, 1890831.737142887199298 ], [ 5205190.994285752996802, 1890843.414285746403039 ], [ 5205164.200000041164458, 1890731.788571463664994 ], [ 5205151.140000036917627, 1890679.948571462882683 ], [ 5205202.21714289393276, 1890668.065714324824512 ], [ 5205248.45428575668484, 1890657.208571462193504 ], [ 5205243.57428575027734, 1890639.025714318966493 ], [ 5205207.217142895795405, 1890492.01142860436812 ], [ 5205257.32571433018893, 1890480.328571462072432 ], [ 5205303.568571460433304, 1890469.480000031646341 ], [ 5205355.325714327394962, 1890465.537142891902477 ], [ 5205362.511428605765104, 1890466.028571464587003 ], [ 5205407.582857184112072, 1890454.420000039273873 ], [ 5205364.491428604349494, 1890280.511428607162088 ], [ 5205326.551428609527647, 1890130.797142896102741 ], [ 5205313.077142891474068, 1890077.020000034710392 ], [ 5205298.782857176847756, 1890019.377142891986296 ], [ 5205265.314285757020116, 1889885.894285748247057 ], [ 5205337.400000032037497, 1889864.037142894929275 ], [ 5205375.174285752698779, 1889835.874285753583536 ], [ 5205431.19714289996773, 1889784.805714321089908 ], [ 5205441.377142901532352, 1889798.491428608773276 ], [ 5205474.851428612135351, 1889842.314285745145753 ], [ 5205495.897142893634737, 1889870.502857175190002 ], [ 5205641.07142861187458, 1890064.960000032791868 ], [ 5205792.211428612470627, 1890230.357142893830314 ], [ 5205896.582857182249427, 1890326.717142890207469 ], [ 5205904.188571466132998, 1890331.440000038128346 ], [ 5205995.260000033304095, 1890388.014285752549767 ], [ 5206128.222857180982828, 1890424.320000037318096 ], [ 5206207.114285750314593, 1890413.065714324358851 ], [ 5206265.965714322403073, 1890405.594285751692951 ], [ 5206268.785714322701097, 1890405.237142889993265 ], [ 5206278.351428614929318, 1890404.022857177071273 ], [ 5206313.79428575001657, 1890403.300000037066638 ], [ 5206334.520000039599836, 1890399.22571432008408 ], [ 5206461.322857176885009, 1890372.445714323315769 ], [ 5206644.288571471348405, 1890357.191428602673113 ], [ 5206753.237142896279693, 1890343.462857177713886 ], [ 5206883.071428610943258, 1890371.20285718026571 ], [ 5206908.717142894864082, 1890373.617142890812829 ], [ 5207092.077142897993326, 1890464.780000038677827 ], [ 5207206.251428609713912, 1890584.860000031767413 ], [ 5207221.931428611278534, 1890608.280000035185367 ], [ 5207246.628571461886168, 1890645.160000033676624 ], [ 5207247.305714323185384, 1890646.171428609406576 ], [ 5207328.945714324712753, 1890749.760000037495047 ], [ 5207428.322857175953686, 1890829.222857178654522 ], [ 5207539.3342857491225, 1890918.828571467194706 ], [ 5207560.937142894603312, 1890936.468571460340172 ], [ 5207699.220000036992133, 1891005.448571464745328 ], [ 5207794.385714318603277, 1891049.245714320335537 ], [ 5207877.302857183851302, 1891116.122857173904777 ], [ 5207983.754285749979317, 1891254.248571465490386 ], [ 5208274.425714319571853, 1891628.665714320959523 ], [ 5208320.262857181951404, 1891676.814285747474059 ], [ 5208385.614285755902529, 1891748.574285748414695 ], [ 5208467.880000040866435, 1891870.782857173588127 ], [ 5208602.731428606435657, 1892181.765714318025857 ], [ 5208655.588571465574205, 1892242.468571460573003 ], [ 5208666.117142897099257, 1892254.560000034049153 ], [ 5208711.291428614407778, 1892306.440000038826838 ], [ 5208595.59428574796766, 1892372.482857180759311 ], [ 5208537.551428605802357, 1892400.78571432386525 ], [ 5208507.491428608074784, 1892354.591428606770933 ], [ 5208482.105714321136475, 1892325.608571461169049 ], [ 5208464.794285751879215, 1892306.022857175208628 ], [ 5208422.817142895422876, 1892237.080000032903627 ], [ 5208342.414285746403039, 1892073.151428606826812 ], [ 5208287.651428613811731, 1892100.980000033974648 ], [ 5208233.514285748824477, 1892131.725714325206354 ], [ 5208158.814285758882761, 1891989.837142891716212 ], [ 5208088.594285745173693, 1892006.80857146368362 ], [ 5208074.285714323632419, 1892010.860000033397228 ], [ 5208067.448571465909481, 1892007.254285749513656 ], [ 5208034.968571467325091, 1892016.197142891120166 ], [ 5208076.245714323595166, 1892186.428571464028209 ], [ 5208025.934285751543939, 1892197.14000003435649 ], [ 5208016.114285753108561, 1892203.274285749299452 ], [ 5207971.19714289996773, 1892210.808571465546265 ], [ 5207922.054285746999085, 1892222.282857179641724 ], [ 5207869.040000037290156, 1892234.571428607683629 ], [ 5207909.502857180312276, 1892400.937142891343683 ], [ 5207921.385714326053858, 1892452.011428606696427 ] ] ] ] } },
{ "type": "Feature", "properties": { "DTUID": "810020121", "PRCODE": "48", "PRNAME": "Alberta", "CMANAME": "Lethbridge", "CSDNAME": "Lethbridge", "DTNAME": "Lethbridge", "DT_TYPE": "1" }, "geometry": { "type": "MultiPolygon", "coordinates": [ [ [ [ 4719166.442857183516026, 1752651.814285750966519 ], [ 4719180.891428606584668, 1752694.331428608857095 ], [ 4719192.540000036358833, 1752714.722857176093385 ], [ 4719207.631428607739508, 1752755.985714317532256 ], [ 4719208.342857182025909, 1752758.242857177508995 ], [ 4719210.091428604908288, 1752763.800000036833808 ], [ 4719206.325714321807027, 1752765.400000033667311 ], [ 4719198.657142894342542, 1752768.662857178598642 ], [ 4719143.465714324265718, 1752789.84285717853345 ], [ 4719033.774285753257573, 1752840.914285752456635 ], [ 4719021.740000039339066, 1752844.571428605820984 ], [ 4718527.002857184037566, 1752972.514285746729001 ], [ 4718513.720000036992133, 1752977.351428607478738 ], [ 4718507.802857181988657, 1752979.491428605280817 ], [ 4718354.38571432325989, 1753032.120000030845404 ], [ 4718293.965714325197041, 1753048.780000035651028 ], [ 4718224.442857178859413, 1753067.834285744931549 ], [ 4717862.442857178859413, 1753198.8742857479956 ], [ 4717756.360000032931566, 1753238.665714320493862 ], [ 4717748.654285751283169, 1753241.842857174808159 ], [ 4717742.351428612135351, 1753244.428571466356516 ], [ 4717653.122857175767422, 1753276.094285752158612 ], [ 4717512.585714323446155, 1753321.38571431604214 ], [ 4717490.311428613960743, 1753328.562857178039849 ], [ 4717477.220000037923455, 1753328.737142892787233 ], [ 4717459.000000040978193, 1753329.897142894566059 ], [ 4717441.345714325085282, 1753331.828571464400738 ], [ 4717424.797142891213298, 1753334.762857177760452 ], [ 4717411.451428608968854, 1753338.077142892405391 ], [ 4717395.025714321061969, 1753343.385714320000261 ], [ 4717352.12571432814002, 1753359.808571459027007 ], [ 4717312.108571463264525, 1753370.254285748815164 ], [ 4717287.797142895869911, 1753376.748571459203959 ], [ 4717202.108571466058493, 1753399.991428606212139 ], [ 4717201.540000035427511, 1753400.145714323036373 ], [ 4716917.720000037923455, 1753477.097142889630049 ], [ 4716738.074285756796598, 1753525.805714322952554 ], [ 4716711.880000039935112, 1753533.020000031916425 ], [ 4716710.988571467809379, 1753533.265714321983978 ], [ 4716214.911428605206311, 1753670.05142860673368 ], [ 4716159.374285754747689, 1753685.362857179716229 ], [ 4716041.50000003632158, 1753543.12571432441473 ], [ 4716026.000000040978193, 1753459.500000033993274 ], [ 4716035.500000040046871, 1753325.500000036787242 ], [ 4716052.500000034458935, 1753244.62571432068944 ], [ 4716089.000000039115548, 1753126.625714323483407 ], [ 4716155.00000003632158, 1753038.625714322552085 ], [ 4716356.417142895981669, 1752754.75714288954623 ], [ 4716414.71714289393276, 1752616.180000036722049 ], [ 4716444.545714324340224, 1752620.468571464531124 ], [ 4716546.9571428950876, 1752629.891428605187684 ], [ 4716578.111428610049188, 1752632.757142892340198 ], [ 4716742.017142896540463, 1752641.762857177294791 ], [ 4716803.551428608596325, 1752641.208571461262181 ], [ 4716885.360000034794211, 1752635.291428606491536 ], [ 4717002.20000003837049, 1752610.845714320195839 ], [ 4717023.711428610607982, 1752606.345714322989807 ], [ 4717117.360000036656857, 1752571.602857173187658 ], [ 4717434.620000039227307, 1752426.657142896438017 ], [ 4717481.994285748340189, 1752405.485714321024716 ], [ 4717480.551428609527647, 1752403.757142888382077 ], [ 4717469.228571470826864, 1752392.83142860699445 ], [ 4717462.637142895720899, 1752386.471428607590497 ], [ 4717449.337142892181873, 1752373.63714289595373 ], [ 4717413.237142894417048, 1752345.531428607180715 ], [ 4717406.38285718113184, 1752340.374285747064278 ], [ 4717353.988571464084089, 1752303.542857176624238 ], [ 4717312.354285753332078, 1752264.362857180414721 ], [ 4717290.448571464046836, 1752234.660000036004931 ], [ 4717271.437142892740667, 1752200.902857180684805 ], [ 4717254.245714318938553, 1752152.980000030947849 ], [ 4717245.620000035502017, 1752102.360000033630058 ], [ 4717245.337142898701131, 1752061.651428608223796 ], [ 4717248.962857180275023, 1752033.31428574421443 ], [ 4717264.362857185304165, 1751979.300000032642856 ], [ 4717283.260000037029386, 1751943.011428604600951 ], [ 4717314.885714326053858, 1751900.634285748237744 ], [ 4717352.057142893783748, 1751865.900000038091093 ], [ 4717385.211428605020046, 1751844.994285750901327 ], [ 4717418.920000040903687, 1751829.142857176950201 ], [ 4717600.891428608447313, 1751775.991428606910631 ], [ 4717604.440000038594007, 1751790.560000034281984 ], [ 4717610.688571467064321, 1751813.702857175609097 ], [ 4717617.151428613811731, 1751804.337142895208672 ], [ 4717719.805714324116707, 1751778.26857146481052 ], [ 4717829.771428608335555, 1751748.845714316237718 ], [ 4717935.934285754337907, 1751720.631428605178371 ], [ 4717998.674285748042166, 1751703.997142889071256 ], [ 4718048.102857179939747, 1751691.562857176642865 ], [ 4718095.968571469187737, 1751677.520000035176054 ], [ 4718160.620000042021275, 1751660.291428607190028 ], [ 4718190.72000003606081, 1751652.902857175795361 ], [ 4718268.682857178151608, 1751631.471428610384464 ], [ 4718288.0142857497558, 1751626.431428604759276 ], [ 4718382.460000040009618, 1751600.854285747045651 ], [ 4718476.722857183776796, 1751575.022857174742967 ], [ 4718484.514285748824477, 1751572.888571459800005 ], [ 4718598.28857146948576, 1751542.265714321285486 ], [ 4718771.951428610831499, 1751495.925714319571853 ], [ 4718835.162857178598642, 1751679.960000034421682 ], [ 4718877.782857175916433, 1751802.874285750789568 ], [ 4718880.937142890878022, 1751811.971428609220311 ], [ 4718920.660000037401915, 1751928.100000038277358 ], [ 4718954.885714326053858, 1752033.411428600782529 ], [ 4718988.614285751245916, 1752130.511428609024733 ], [ 4719022.694285747595131, 1752225.414285751525313 ], [ 4719078.411428610794246, 1752385.662857176968828 ], [ 4719095.231428607366979, 1752435.737142890458927 ], [ 4719128.920000037178397, 1752536.037142892833799 ], [ 4719133.422857183031738, 1752550.314285750966519 ], [ 4719166.442857183516026, 1752651.814285750966519 ] ] ] ] } },
{ "type": "Feature", "properties": { "DTUID": "825060161", "PRCODE": "48", "PRNAME": "Alberta", "CMANAME": "Calgary", "CSDNAME": "Calgary", "DTNAME": "Calgary", "DT_TYPE": "1" }, "geometry": { "type": "MultiPolygon", "coordinates": [ [ [ [ 4686085.594285756349564, 1923854.885714319068938 ], [ 4686066.817142892628908, 1923859.817142894957215 ], [ 4686012.931428609415889, 1923863.474285748321563 ], [ 4685946.862857178784907, 1923863.728571462910622 ], [ 4685814.985714321956038, 1923849.208571463823318 ], [ 4685806.045714322477579, 1923850.654285744065419 ], [ 4685744.994285750202835, 1923834.020000035641715 ], [ 4685666.000000034458935, 1923812.497142889304087 ], [ 4685645.974285753443837, 1923812.49142860644497 ], [ 4685605.431428610347211, 1923804.640000032261014 ], [ 4685592.397142895497382, 1923802.114285750314593 ], [ 4685562.240000040270388, 1923799.591428609797731 ], [ 4685537.777142889797688, 1923790.78857146226801 ], [ 4685499.145714326761663, 1923758.651428609387949 ], [ 4685485.322857178747654, 1923742.308571462752298 ], [ 4685414.474285747855902, 1923697.734285748330876 ], [ 4685407.737142896279693, 1923695.737142893485725 ], [ 4685307.34857146255672, 1923665.982857179595158 ], [ 4685284.080000041984022, 1923661.128571462351829 ], [ 4685243.377142892219126, 1923668.13714289246127 ], [ 4685227.302857182919979, 1923666.928571462631226 ], [ 4685213.965714324265718, 1923660.574285746319219 ], [ 4685167.677142892964184, 1923655.842857181793079 ], [ 4685123.194285752251744, 1923647.025714318966493 ], [ 4685093.58857146371156, 1923635.46857146336697 ], [ 4685070.780000036582351, 1923619.577142893103883 ], [ 4685054.400000043213367, 1923612.371428608661518 ], [ 4685048.554285756312311, 1923615.662857176037505 ], [ 4685024.434285752475262, 1923613.848571468144655 ], [ 4685006.302857179194689, 1923602.825714322738349 ], [ 4684992.442857176065445, 1923594.402857176261023 ], [ 4684968.340000037103891, 1923572.557142888894305 ], [ 4684967.142857180908322, 1923568.622857173671946 ], [ 4684970.797142893075943, 1923561.428571462631226 ], [ 4685003.651428610086441, 1923557.805714322486892 ], [ 4685015.440000040456653, 1923553.217142893234268 ], [ 4685016.997142892330885, 1923544.131428608438 ], [ 4684967.968571467325091, 1923524.522857175441459 ], [ 4684943.85428574681282, 1923522.705714318435639 ], [ 4684924.962857178412378, 1923517.757142893737182 ], [ 4684924.580000035464764, 1923517.657142895972356 ], [ 4684759.55142861045897, 1923500.760000033304095 ], [ 4684714.111428604461253, 1923492.985714317532256 ], [ 4684665.822857176885009, 1923488.351428609341383 ], [ 4684616.294285754673183, 1923478.791428608587012 ], [ 4684608.354285748675466, 1923480.177142894593999 ], [ 4684469.317142894491553, 1923459.277142890263349 ], [ 4684427.797142889350653, 1923453.034285753034055 ], [ 4684387.157142898067832, 1923441.02285717939958 ], [ 4684318.454285755753517, 1923428.391428604954854 ], [ 4684193.094285748898983, 1923444.582857176428661 ], [ 4684161.480000040493906, 1923453.151428607525304 ], [ 4684120.002857180312276, 1923472.160000030184165 ], [ 4684112.94000003952533, 1923452.654285744298249 ], [ 4684106.962857183068991, 1923437.131428609369323 ], [ 4684100.805714320391417, 1923421.134285750798881 ], [ 4684098.325714325532317, 1923414.697142892982811 ], [ 4684097.668571462854743, 1923412.982857175404206 ], [ 4684095.800000036135316, 1923408.205714316340163 ], [ 4684093.742857178673148, 1923403.060000037541613 ], [ 4684084.645714320242405, 1923374.631428607972339 ], [ 4684076.31428574770689, 1923351.565714324824512 ], [ 4684059.580000041052699, 1923296.148571462836117 ], [ 4684052.708571471273899, 1923277.340000035939738 ], [ 4684047.62571432814002, 1923263.422857173252851 ], [ 4684044.148571465164423, 1923253.900000034598634 ], [ 4683996.800000037066638, 1923123.437142894603312 ], [ 4683967.262857182882726, 1923026.477142895571887 ], [ 4683927.540000036358833, 1922926.928571463562548 ], [ 4683906.137142893858254, 1922879.925714323762804 ], [ 4683886.568571464158595, 1922832.168571464251727 ], [ 4683849.22000003233552, 1922730.554285751422867 ], [ 4683815.800000040791929, 1922635.922857180004939 ], [ 4683779.211428611539304, 1922536.14571432210505 ], [ 4683752.605714321136475, 1922463.38285717763938 ], [ 4683858.814285754226148, 1922424.16285717766732 ], [ 4683948.10571432672441, 1922390.791428606258705 ], [ 4683960.042857183143497, 1922385.891428602160886 ], [ 4684057.065714325755835, 1922350.4342857520096 ], [ 4684109.242857182398438, 1922331.188571463571861 ], [ 4684155.371428607031703, 1922315.51142860413529 ], [ 4684254.225714321248233, 1922279.288571460871026 ], [ 4684272.965714322403073, 1922272.685714320512488 ], [ 4684344.274285754188895, 1922247.757142893737182 ], [ 4684436.534285752102733, 1922216.394285750808194 ], [ 4684465.168571468442678, 1922202.511428609024733 ], [ 4684598.588571469299495, 1922156.420000039041042 ], [ 4684753.842857182957232, 1922098.177142893662676 ], [ 4684826.600000036880374, 1922071.577142894500867 ], [ 4684917.194285754114389, 1922038.757142890011892 ], [ 4685005.40285718254745, 1922007.968571461038664 ], [ 4685075.782857180573046, 1921983.425714318407699 ], [ 4685086.265714325010777, 1921980.208571460330859 ], [ 4685095.445714324712753, 1921976.442857176763937 ], [ 4685271.117142895236611, 1921913.045714320382103 ], [ 4685246.397142896428704, 1921844.871428604936227 ], [ 4685236.782857175916433, 1921818.782857176614925 ], [ 4685211.694285749457777, 1921749.697142891352996 ], [ 4685202.457142889499664, 1921724.525714315939695 ], [ 4685176.23714289162308, 1921652.680000031832606 ], [ 4685169.248571466654539, 1921633.011428604833782 ], [ 4685139.642857179045677, 1921552.902857173932716 ], [ 4685318.360000034794211, 1921478.605714325094596 ], [ 4685378.057142891921103, 1921454.151428606593981 ], [ 4685398.134285750798881, 1921445.817142892163247 ], [ 4685418.391428606584668, 1921470.854285748908296 ], [ 4685450.782857181504369, 1921498.294285750249401 ], [ 4685536.894285750575364, 1921539.094285749131814 ], [ 4685561.605714324861765, 1921552.900000032503158 ], [ 4685634.354285754263401, 1921566.334285747027025 ], [ 4685648.437142891809344, 1921567.637142891762778 ], [ 4685700.082857179455459, 1921559.091428607702255 ], [ 4685723.557142893783748, 1921547.917142887134105 ], [ 4685774.865714326500893, 1921512.351428606780246 ], [ 4685861.877142898738384, 1921490.034285752568394 ], [ 4685874.282857180573046, 1921479.437142895068973 ], [ 4685883.01142861135304, 1921471.980000037467107 ], [ 4685897.108571464195848, 1921453.257142893271521 ], [ 4685920.862857181578875, 1921407.034285753732547 ], [ 4685952.037142895162106, 1921308.374285752186552 ], [ 4685953.000000035390258, 1921269.391428602626547 ], [ 4685953.374285752885044, 1921254.245714319869876 ], [ 4685956.682857184670866, 1921240.068571459501982 ], [ 4685961.951428608968854, 1921204.768571459921077 ], [ 4685994.454285755753517, 1921133.074285751208663 ], [ 4686045.108571466058493, 1921043.477142894873396 ], [ 4686049.200000039301813, 1921037.445714319357648 ], [ 4686156.182857181876898, 1920879.800000034272671 ], [ 4686201.360000040382147, 1920760.434285748982802 ], [ 4686234.951428612694144, 1920694.042857177555561 ], [ 4686238.765714325010777, 1920686.505714319879189 ], [ 4686258.214285749942064, 1920671.825714321108535 ], [ 4686262.900000035762787, 1920668.291428605094552 ], [ 4686271.742857179604471, 1920664.854285753099248 ], [ 4686296.708571468479931, 1920663.622857176000252 ], [ 4686334.548571465536952, 1920679.780000034486875 ], [ 4686379.217142894864082, 1920712.617142895469442 ], [ 4686403.574285756796598, 1920739.457142894156277 ], [ 4686436.848571464419365, 1920784.874285752186552 ], [ 4686457.808571462519467, 1920803.857142893830314 ], [ 4686476.968571468256414, 1920826.945714324247092 ], [ 4686507.591428606770933, 1920879.497142891399562 ], [ 4686532.820000034756958, 1920944.337142894277349 ], [ 4686556.140000039711595, 1921092.368571467231959 ], [ 4686568.845714323222637, 1921126.782857178011909 ], [ 4686598.420000039972365, 1921178.385714320698753 ], [ 4686622.242857184261084, 1921255.311428606510162 ], [ 4686640.84571432415396, 1921287.440000034868717 ], [ 4686649.765714326873422, 1921303.61714289127849 ], [ 4686665.031428605318069, 1921331.29714289214462 ], [ 4686715.485714327543974, 1921379.865714316023514 ], [ 4686722.257142892107368, 1921385.314285745378584 ], [ 4686734.25428575091064, 1921394.968571461271495 ], [ 4686815.100000036880374, 1921471.074285750510171 ], [ 4686932.737142897211015, 1921562.39142860728316 ], [ 4686987.100000038743019, 1921588.754285748349503 ], [ 4687045.817142900079489, 1921601.868571463273838 ], [ 4687113.968571468256414, 1921623.540000035893172 ], [ 4687157.531428607180715, 1921642.702857175143436 ], [ 4687163.091428607702255, 1921645.148571464931592 ], [ 4687202.71714289765805, 1921677.234285748098046 ], [ 4687217.142857181839645, 1921685.540000040316954 ], [ 4687246.488571464084089, 1921712.128571465611458 ], [ 4687283.594285755418241, 1921751.331428609089926 ], [ 4687303.5285714706406, 1921772.394285746850073 ], [ 4687331.474285751581192, 1921799.122857173904777 ], [ 4687337.071428607217968, 1921794.891428606351838 ], [ 4687343.857142894528806, 1921799.517142890254036 ], [ 4687347.980000039562583, 1921804.540000039385632 ], [ 4687356.645714327692986, 1921815.097142893122509 ], [ 4687360.968571468256414, 1921820.362857175525278 ], [ 4687368.194285750389099, 1921824.90857145935297 ], [ 4687374.411428607068956, 1921827.505714316852391 ], [ 4687385.128571468405426, 1921838.777142893988639 ], [ 4687400.851428606547415, 1921853.640000032028183 ], [ 4687485.102857179939747, 1921929.46571431774646 ], [ 4687503.451428614556789, 1921935.360000033164397 ], [ 4687529.88285718113184, 1921936.440000035101548 ], [ 4687555.142857180908322, 1921941.205714320298284 ], [ 4687581.297142894007266, 1921931.785714321071282 ], [ 4687561.305714325979352, 1921951.688571464968845 ], [ 4687546.634285751730204, 1921968.442857176763937 ], [ 4687532.477142897434533, 1921984.611428608652204 ], [ 4687520.191428611055017, 1921998.642857176717371 ], [ 4687519.491428609937429, 1922010.042857174063101 ], [ 4687501.094285756349564, 1922042.988571465015411 ], [ 4687435.377142896875739, 1922111.311428606510162 ], [ 4687368.2200000397861, 1922170.688571464968845 ], [ 4687339.194285748526454, 1922191.145714316982776 ], [ 4687327.540000036358833, 1922203.562857180600986 ], [ 4687311.605714321136475, 1922220.540000035427511 ], [ 4687257.168571462854743, 1922294.305714323418215 ], [ 4687160.354285748675466, 1922422.23142860759981 ], [ 4687016.574285756796598, 1922609.731428604573011 ], [ 4687007.954285755753517, 1922620.971428609918803 ], [ 4686960.582857180386782, 1922690.631428609369323 ], [ 4686938.077142896130681, 1922723.728571460349485 ], [ 4686933.27428574860096, 1922730.788571460172534 ], [ 4686894.222857180982828, 1922791.777142896782607 ], [ 4686874.340000035241246, 1922814.788571460871026 ], [ 4686809.785714326426387, 1922866.034285749774426 ], [ 4686779.751428608782589, 1922886.534285746980458 ], [ 4686737.8428571857512, 1922909.625714318826795 ], [ 4686686.045714322477579, 1922943.300000032875687 ], [ 4686672.842857182957232, 1922951.882857179036364 ], [ 4686633.42000003810972, 1922984.860000034095719 ], [ 4686556.065714322961867, 1923060.762857178458944 ], [ 4686526.048571470193565, 1923087.108571462798864 ], [ 4686523.434285756200552, 1923089.402857177425176 ], [ 4686510.171428607776761, 1923104.04000003868714 ], [ 4686477.851428607478738, 1923139.708571465918794 ], [ 4686427.957142892293632, 1923224.262857174966484 ], [ 4686418.03142861276865, 1923238.842857175972313 ], [ 4686410.34857146255672, 1923250.128571460489184 ], [ 4686396.21428575553, 1923270.888571463059634 ], [ 4686345.088571470230818, 1923330.474285749252886 ], [ 4686334.491428612731397, 1923339.008571467362344 ], [ 4686333.597142891958356, 1923340.02857146714814 ], [ 4686339.77428575232625, 1923380.017142893979326 ], [ 4686340.797142893075943, 1923382.914285752689466 ], [ 4686344.600000038743019, 1923381.565714321332052 ], [ 4686352.597142890095711, 1923381.171428604982793 ], [ 4686359.571428607217968, 1923400.854285747278482 ], [ 4686360.357142898254097, 1923416.831428607925773 ], [ 4686328.27714289072901, 1923517.537142892368138 ], [ 4686326.365714326500893, 1923539.651428609387949 ], [ 4686326.320000039413571, 1923599.725714319152758 ], [ 4686323.068571468815207, 1923614.902857173467055 ], [ 4686297.008571462705731, 1923675.265714318724349 ], [ 4686275.857142892666161, 1923713.351428605616093 ], [ 4686239.420000039041042, 1923766.208571464987472 ], [ 4686201.991428607143462, 1923799.091428605141118 ], [ 4686175.857142891734838, 1923817.402857176261023 ], [ 4686138.594285750761628, 1923833.257142891874537 ], [ 4686085.594285756349564, 1923854.885714319068938 ] ] ] ] } },
{ "type": "Feature", "properties": { "DTUID": "835110611", "PRCODE": "48", "PRNAME": "Alberta", "CMANAME": "Edmonton", "CSDNAME": "Edmonton", "DTNAME": "Edmonton", "DT_TYPE": "1" }, "geometry": { "type": "MultiPolygon", "coordinates": [ [ [ [ 4815855.474285751581192, 2169718.845714319497347 ], [ 4815751.302857177332044, 2169745.448571460321546 ], [ 4815737.848571464419365, 2169748.648571461439133 ], [ 4815657.565714319236577, 2169762.574285748880357 ], [ 4815623.497142896056175, 2169769.160000032745302 ], [ 4815568.662857180461287, 2169788.488571462221444 ], [ 4815509.671428605914116, 2169814.288571462966502 ], [ 4815393.417142890393734, 2169856.208571467548609 ], [ 4815374.288571463897824, 2169863.105714318342507 ], [ 4815276.831428609788418, 2169897.914285745471716 ], [ 4815236.731428611092269, 2169911.582857176661491 ], [ 4815168.394285755231977, 2169937.217142894864082 ], [ 4815053.645714321173728, 2169979.871428605169058 ], [ 4815043.420000039972365, 2169983.597142892424017 ], [ 4814999.142857178114355, 2169999.802857179194689 ], [ 4814975.66000003926456, 2170007.197142893448472 ], [ 4814944.720000035129488, 2170018.494285751134157 ], [ 4814832.111428614705801, 2170059.611428608186543 ], [ 4814722.442857182584703, 2170098.271428609266877 ], [ 4814712.111428612843156, 2170101.522857180330902 ], [ 4814609.665714322589338, 2170136.88571432325989 ], [ 4814492.185714320279658, 2170176.968571464996785 ], [ 4814266.914285752922297, 2170255.122857178561389 ], [ 4813928.217142894864082, 2170373.122857175767422 ], [ 4813904.091428607702255, 2170381.74857145966962 ], [ 4813814.151428612880409, 2170414.205714319832623 ], [ 4813673.77428575232625, 2170463.568571466486901 ], [ 4813578.20285718049854, 2170497.791428606025875 ], [ 4813463.194285749457777, 2170539.162857177201658 ], [ 4813436.24000003747642, 2170548.680000033229589 ], [ 4813335.31428575143218, 2170585.325714322738349 ], [ 4813289.845714323222637, 2170601.834285751916468 ], [ 4813243.505714322440326, 2170618.660000031813979 ], [ 4813139.180000038817525, 2170654.617142894305289 ], [ 4813136.811428607441485, 2170647.094285752158612 ], [ 4813080.300000036135316, 2170487.29428574629128 ], [ 4813022.597142891958356, 2170323.728571465238929 ], [ 4812958.045714324340224, 2170141.680000031366944 ], [ 4812906.608571464195848, 2169994.731428601779044 ], [ 4812902.120000040158629, 2169983.751428608782589 ], [ 4812848.351428611204028, 2169845.794285749085248 ], [ 4812843.862857179716229, 2169834.814285749103874 ], [ 4812786.857142894528806, 2169666.902857179753482 ], [ 4812729.105714322067797, 2169506.457142892293632 ], [ 4812688.122857175767422, 2169386.151428606361151 ], [ 4812740.285714325495064, 2169354.620000031776726 ], [ 4812784.414285753853619, 2169327.948571464978158 ], [ 4812875.820000035688281, 2169272.465714318212122 ], [ 4812871.134285749867558, 2169245.917142888531089 ], [ 4812820.285714326426387, 2169100.837142893113196 ], [ 4812763.474285753443837, 2168940.091428604908288 ], [ 4812711.940000037662685, 2168795.688571462407708 ], [ 4812693.240000040270388, 2168743.291428604163229 ], [ 4812680.802857179194689, 2168723.462857177481055 ], [ 4812673.122857177630067, 2168689.754285749979317 ], [ 4812672.68285718280822, 2168687.825714321807027 ], [ 4812672.985714325681329, 2168670.165714323054999 ], [ 4812676.791428612545133, 2168661.922857174184173 ], [ 4812684.400000037625432, 2168655.2628571735695 ], [ 4812819.548571471124887, 2168567.222857176326215 ], [ 4812886.4628571793437, 2168514.137142891064286 ], [ 4812984.648571465164423, 2168435.714285748079419 ], [ 4813040.691428611055017, 2168402.557142887730151 ], [ 4813089.105714324861765, 2168373.914285747334361 ], [ 4813136.300000036135316, 2168327.040000035427511 ], [ 4813185.9057143246755, 2168304.200000036507845 ], [ 4813169.980000041425228, 2168250.34857146628201 ], [ 4813133.345714325085282, 2168146.257142891641706 ], [ 4813261.225714323110878, 2168140.042857176624238 ], [ 4813285.320000037550926, 2168083.028571466915309 ], [ 4813364.862857178784907, 2168052.694285748526454 ], [ 4813468.551428604871035, 2168017.971428603865206 ], [ 4813585.154285750351846, 2167975.062857178971171 ], [ 4813557.925714326091111, 2167908.248571461066604 ], [ 4813530.471428609453142, 2167817.765714323613793 ], [ 4813539.025714325718582, 2167808.865714319515973 ], [ 4813638.065714321099222, 2167772.528571463190019 ], [ 4813593.500000038184226, 2167642.437142892740667 ], [ 4813586.977142898365855, 2167623.391428607515991 ], [ 4813592.234285756014287, 2167607.282857177313417 ], [ 4813600.148571465164423, 2167599.62000003317371 ], [ 4813696.965714321471751, 2167566.040000034030527 ], [ 4813717.337142898701131, 2167558.594285749830306 ], [ 4813746.760000038892031, 2167551.442857176531106 ], [ 4813774.891428609378636, 2167544.602857178077102 ], [ 4813799.808571462519467, 2167545.025714316871017 ], [ 4813829.074285753071308, 2167546.131428607273847 ], [ 4813813.225714320316911, 2167534.92571432236582 ], [ 4813800.071428609080613, 2167525.908571464009583 ], [ 4813788.7000000346452, 2167516.585714321583509 ], [ 4813778.782857179641724, 2167507.688571466132998 ], [ 4813770.588571466505527, 2167499.451428608037531 ], [ 4813764.16571432352066, 2167492.271428604610264 ], [ 4813708.917142893187702, 2167410.491428609006107 ], [ 4813691.225714323110878, 2167396.53142860904336 ], [ 4813676.217142893001437, 2167389.24000003375113 ], [ 4813675.654285752214491, 2167388.705714316107333 ], [ 4813665.60857146885246, 2167379.194285751320422 ], [ 4813657.880000032484531, 2167369.754285746254027 ], [ 4813623.957142894156277, 2167330.880000034347177 ], [ 4813468.120000042021275, 2167136.862857179716229 ], [ 4813475.582857182249427, 2167134.128571461886168 ], [ 4813512.802857179194689, 2167117.277142893522978 ], [ 4813623.611428613774478, 2167049.742857177276164 ], [ 4813768.302857176400721, 2166938.474285748321563 ], [ 4813886.185714326798916, 2166831.540000034030527 ], [ 4813927.062857183627784, 2166787.477142890449613 ], [ 4813929.268571466207504, 2166784.202857179567218 ], [ 4813987.700000033713877, 2166697.380000037141144 ], [ 4814066.04857146833092, 2166602.654285750817508 ], [ 4814162.025714321993291, 2166496.554285747930408 ], [ 4814212.285714323632419, 2166460.037142894230783 ], [ 4814278.7714286101982, 2166427.722857177257538 ], [ 4814355.842857180163264, 2166406.900000039488077 ], [ 4814400.840000033378601, 2166405.691428609192371 ], [ 4814425.220000035129488, 2166409.182857180014253 ], [ 4814439.81142860930413, 2166411.274285749532282 ], [ 4814468.400000039488077, 2166415.37142860610038 ], [ 4814553.777142893522978, 2166441.202857178635895 ], [ 4814679.722857180051506, 2166498.06571432063356 ], [ 4814738.748571466654539, 2166534.834285748191178 ], [ 4814743.762857176363468, 2166537.957142891362309 ], [ 4814779.008571464568377, 2166562.257142892573029 ], [ 4814821.5342857548967, 2166592.191428604535758 ], [ 4814871.180000038817525, 2166644.814285746775568 ], [ 4814922.668571460992098, 2166714.362857175059617 ], [ 4815005.75428575091064, 2166876.465714319609106 ], [ 4815140.01428575348109, 2167122.154285750351846 ], [ 4815211.90285718254745, 2167242.600000037811697 ], [ 4815220.157142897136509, 2167256.43142860988155 ], [ 4815221.868571465834975, 2167259.294285747688264 ], [ 4815255.574285751208663, 2167333.728571464773268 ], [ 4815281.022857180796564, 2167362.502857182174921 ], [ 4815333.114285754971206, 2167392.448571459855884 ], [ 4815343.58857146743685, 2167398.468571461737156 ], [ 4815393.351428605616093, 2167427.071428606286645 ], [ 4815475.84857146628201, 2167476.045714319683611 ], [ 4815502.454285755753517, 2167487.751428609713912 ], [ 4815506.294285748153925, 2167488.660000029951334 ], [ 4815579.448571467772126, 2167505.988571464084089 ], [ 4815646.711428605020046, 2167509.680000030435622 ], [ 4815743.148571467958391, 2167495.908571460284293 ], [ 4815853.340000036172569, 2167456.431428603827953 ], [ 4815889.508571468293667, 2167438.637142893858254 ], [ 4815895.351428606547415, 2167435.337142894975841 ], [ 4816046.474285750649869, 2167352.80000003054738 ], [ 4816117.008571465499699, 2167321.291428610682487 ], [ 4816222.380000038072467, 2167245.005714315921068 ], [ 4816337.882857182994485, 2167171.231428603641689 ], [ 4816592.594285755418241, 2167057.551428605802357 ], [ 4816654.025714321061969, 2167044.511428607627749 ], [ 4816713.740000035613775, 2167057.585714318789542 ], [ 4816792.72000003606081, 2167095.740000032354146 ], [ 4816897.877142897807062, 2167177.662857178598642 ], [ 4816959.762857181020081, 2167234.680000029504299 ], [ 4816967.642857177183032, 2167248.911428608931601 ], [ 4817048.794285755604506, 2167395.500000035390258 ], [ 4817066.285714322701097, 2167445.691428603604436 ], [ 4817076.422857179306448, 2167509.277142897248268 ], [ 4817082.951428610831499, 2167601.062857179902494 ], [ 4817080.18571432121098, 2167641.811428608838469 ], [ 4817075.994285749271512, 2167703.528571460396051 ], [ 4817039.505714326165617, 2167897.565714321099222 ], [ 4817019.925714323297143, 2167967.617142895236611 ], [ 4816995.294285748153925, 2168056.93714289739728 ], [ 4816973.342857180163264, 2168099.065714322030544 ], [ 4816966.545714319683611, 2168146.182857174426317 ], [ 4816950.208571471273899, 2168259.397142888512462 ], [ 4816950.142857179045677, 2168359.525714317336679 ], [ 4816973.194285754114389, 2168461.514285748824477 ], [ 4816977.12571432814002, 2168480.342857181094587 ], [ 4817005.257142897695303, 2168535.520000035874546 ], [ 4817011.482857178896666, 2168547.731428605504334 ], [ 4817060.18285717908293, 2168601.402857178356498 ], [ 4817166.911428607068956, 2168654.208571460098028 ], [ 4817173.448571463115513, 2168655.777142893522978 ], [ 4817117.297142894938588, 2168727.051428604871035 ], [ 4817116.100000038743019, 2168754.617142892442644 ], [ 4817113.168571466580033, 2168819.254285750444978 ], [ 4817157.380000036209822, 2168968.251428604591638 ], [ 4817170.397142894566059, 2168988.962857178878039 ], [ 4817177.997142896056175, 2168999.994285748805851 ], [ 4817218.480000036768615, 2169112.194285753183067 ], [ 4817255.062857183627784, 2169215.29428575001657 ], [ 4817269.357142898254097, 2169254.151428605429828 ], [ 4817275.154285749420524, 2169271.634285748004913 ], [ 4817299.802857180126011, 2169340.79714289214462 ], [ 4817330.588571468368173, 2169429.000000029802322 ], [ 4817335.377142893150449, 2169440.92000003810972 ], [ 4817188.857142892666161, 2169483.791428608354181 ], [ 4817149.122857180424035, 2169495.417142890393734 ], [ 4817055.171428611502051, 2169524.985714323353022 ], [ 4816960.237142897211015, 2169557.965714319609106 ], [ 4816868.765714324079454, 2169588.825714316684753 ], [ 4816817.688571467064321, 2169606.97142860526219 ], [ 4816782.385714326053858, 2169612.914285748731345 ], [ 4816754.79142860788852, 2169623.668571464717388 ], [ 4816662.031428611837327, 2169657.002857181243598 ], [ 4816568.037142897956073, 2169689.682857176288962 ], [ 4816559.580000038258731, 2169692.345714318566024 ], [ 4816442.882857178337872, 2169699.557142893783748 ], [ 4816363.428571469150484, 2169705.562857180833817 ], [ 4816269.697142894379795, 2169722.682857178617269 ], [ 4816169.385714326053858, 2169741.865714316256344 ], [ 4816126.27428575605154, 2169749.240000032354146 ], [ 4816077.44285717792809, 2169745.00000003259629 ], [ 4815959.768571462482214, 2169722.162857175804675 ], [ 4815888.248571468517184, 2169714.728571465238929 ], [ 4815855.474285751581192, 2169718.845714319497347 ] ] ] ] } },
{ "type": "Feature", "properties": { "DTUID": "933150221", "PRCODE": "59", "PRNAME": "British Columbia / Colombie-Britannique", "CMANAME": "Vancouver", "CSDNAME": "Vancouver", "DTNAME": "Vancouver", "DT_TYPE": "1" }, "geometry": { "type": "MultiPolygon", "coordinates": [ [ [ [ 4018020.317142895888537, 2009050.13142860494554 ], [ 4018016.900000034365803, 2009063.620000038295984 ], [ 4018016.65428575174883, 2009064.588571460917592 ], [ 4017966.060000035446137, 2009110.048571464139968 ], [ 4017871.088571466505527, 2009089.965714322635904 ], [ 4017884.888571467250586, 2009067.577142893103883 ], [ 4017885.948571463115513, 2009065.442857178160921 ], [ 4017843.922857177909464, 2009051.491428609937429 ], [ 4017833.222857180982828, 2009047.945714320521802 ], [ 4017796.191428607329726, 2009049.554285749560222 ], [ 4017738.582857177592814, 2009018.434285747585818 ], [ 4017734.894285752438009, 2009014.731428607366979 ], [ 4017699.545714324805886, 2008951.982857181923464 ], [ 4017635.505714320577681, 2008952.842857182025909 ], [ 4017560.771428609732538, 2008939.934285745723173 ], [ 4017562.245714320335537, 2008939.585714323911816 ], [ 4017566.994285749271512, 2008930.754285746021196 ], [ 4017570.774285755120218, 2008923.71142860269174 ], [ 4017580.148571467958391, 2008907.385714320233092 ], [ 4017584.1714286073111, 2008897.98857146804221 ], [ 4017587.725714321248233, 2008889.680000034626573 ], [ 4017590.022857177536935, 2008883.068571462063119 ], [ 4017594.000000038184226, 2008871.611428604228422 ], [ 4017600.728571465238929, 2008854.534285751637071 ], [ 4017607.334285754710436, 2008837.36285717622377 ], [ 4017618.997142890933901, 2008820.88000003551133 ], [ 4017629.820000040344894, 2008805.040000034961849 ], [ 4017631.105714321136475, 2008802.265714321518317 ], [ 4017635.774285749997944, 2008792.197142891120166 ], [ 4017638.237142896279693, 2008786.882857180433348 ], [ 4017639.265714320819825, 2008784.291428606025875 ], [ 4017644.477142892312258, 2008771.165714317467064 ], [ 4017649.905714323744178, 2008753.537142890272662 ], [ 4017655.188571462407708, 2008735.988571462919936 ], [ 4017658.691428607329726, 2008717.060000032186508 ], [ 4017659.23142860783264, 2008712.222857179120183 ], [ 4017660.868571467231959, 2008697.760000032605603 ], [ 4017657.291428606025875, 2008678.140000033657998 ], [ 4017650.457142890430987, 2008657.037142892135307 ], [ 4017642.325714320875704, 2008635.19142860500142 ], [ 4017630.577142893802375, 2008613.114285750314593 ], [ 4017618.354285750538111, 2008590.234285747865215 ], [ 4017605.18285717535764, 2008565.520000031916425 ], [ 4017594.40285717882216, 2008547.017142889322713 ], [ 4017592.108571464195848, 2008543.082857174100354 ], [ 4017578.902857183478773, 2008520.717142891604453 ], [ 4017566.317142895422876, 2008499.100000037811697 ], [ 4017553.734285749495029, 2008477.485714317997918 ], [ 4017541.002857177052647, 2008455.948571464279667 ], [ 4017528.042857178952545, 2008435.782857173588127 ], [ 4017515.460000040009618, 2008414.165714320028201 ], [ 4017502.734285750892013, 2008392.625714316964149 ], [ 4017490.140000038780272, 2008371.005714321741834 ], [ 4017478.397142894566059, 2008348.940000033006072 ], [ 4017465.671428612899035, 2008327.400000037625432 ], [ 4017450.120000040158629, 2008315.262857177527621 ], [ 4017433.102857181802392, 2008308.585714320186526 ], [ 4017432.662857178598642, 2008307.762857174500823 ], [ 4017425.031428606249392, 2008293.525714320130646 ], [ 4017427.825714325532317, 2008284.36571431835182 ], [ 4017429.940000042319298, 2008277.437142895767465 ], [ 4017432.288571468088776, 2008271.428571459604427 ], [ 4017436.682857176754624, 2008260.177142888307571 ], [ 4017445.214285753201693, 2008244.302857182454318 ], [ 4017451.82000003522262, 2008227.128571465611458 ], [ 4017454.605714322533458, 2008208.762857175432146 ], [ 4017451.860000038985163, 2008188.694285748992115 ], [ 4017448.982857177965343, 2008168.697142890421674 ], [ 4017447.557142896112055, 2008148.994285749970004 ], [ 4017447.100000036414713, 2008128.962857178179547 ], [ 4017446.140000038314611, 2008110.271428605774418 ], [ 4017445.982857180293649, 2008103.991428606212139 ], [ 4017445.114285755436867, 2008069.900000036228448 ], [ 4017444.99428575206548, 2008050.757142887217924 ], [ 4017443.694285748526454, 2008031.165714318398386 ], [ 4017442.751428606919944, 2008012.28571432386525 ], [ 4017442.637142893858254, 2007993.140000033192337 ], [ 4017441.445714320521802, 2007980.300000031013042 ], [ 4017440.734285746701062, 2007972.622857179492712 ], [ 4017440.260000037960708, 2007954.754285752540454 ], [ 4017443.045714325271547, 2007936.388571462361142 ], [ 4017446.882857183925807, 2007918.365714319050312 ], [ 4017450.985714323818684, 2007900.365714322542772 ], [ 4017452.665714320261031, 2007882.4142857468687 ], [ 4017452.211428609676659, 2007862.380000033415854 ], [ 4017448.62571432441473, 2007852.634285751963034 ], [ 4017444.542857183143497, 2007841.534285748144612 ], [ 4017437.234285751357675, 2007819.425714321667328 ], [ 4017432.2057143189013, 2007799.320000033127144 ], [ 4017429.891428606584668, 2007782.374285749858245 ], [ 4017429.462857177015394, 2007779.251428606687114 ], [ 4017429.008571466896683, 2007759.217142893234268 ], [ 4017431.051428608130664, 2007740.000000035157427 ], [ 4017433.091428608167917, 2007728.951428608736023 ], [ 4017434.545714320614934, 2007721.077142887515947 ], [ 4017438.651428609155118, 2007703.077142891241238 ], [ 4017443.928571464959532, 2007685.531428605318069 ], [ 4017446.617142896167934, 2007675.23142860759981 ], [ 4017448.380000033881515, 2007668.440000037429854 ], [ 4017453.325714324600995, 2007649.98857146454975 ], [ 4017459.585714318789542, 2007631.91714289272204 ], [ 4017463.554285746999085, 2007614.000000030035153 ], [ 4017467.537142897956073, 2007595.900000035762787 ], [ 4017471.494285752996802, 2007577.977142890216783 ], [ 4017471.86571432184428, 2007574.702857179567218 ], [ 4017473.680000037420541, 2007558.685714322840795 ], [ 4017474.180000034626573, 2007540.282857178011909 ], [ 4017473.720000033732504, 2007520.251428606221452 ], [ 4017471.280000042170286, 2007510.985714323585853 ], [ 4017468.214285751804709, 2007499.331428603967652 ], [ 4017464.002857182174921, 2007478.96571431774646 ], [ 4017465.348571464419365, 2007460.122857177630067 ], [ 4017468.934285750146955, 2007450.931428604293615 ], [ 4017472.088571465108544, 2007442.865714319515973 ], [ 4017482.908571465406567, 2007427.028571460396051 ], [ 4017503.168571463320404, 2007418.334285750519484 ], [ 4017504.500000038184226, 2007399.674285749671981 ], [ 4017501.142857178114355, 2007378.674285747576505 ], [ 4017502.485714327078313, 2007359.822857175255194 ], [ 4017505.125714321620762, 2007347.885714326286688 ], [ 4017506.448571464512497, 2007341.908571461914107 ], [ 4017516.440000036731362, 2007326.325714317383245 ], [ 4017527.114285752177238, 2007310.565714324591681 ], [ 4017519.177142895758152, 2007295.434285749215633 ], [ 4017503.268571469001472, 2007265.540000033564866 ], [ 4017499.462857181672007, 2007258.417142890393734 ], [ 4017498.505714324768633, 2007239.722857176326215 ], [ 4017491.182857178151608, 2007219.777142895152792 ], [ 4017477.362857179716229, 2007202.237142892088741 ], [ 4017477.468571468256414, 2007187.791428609751165 ], [ 4017477.485714324750006, 2007185.29714289191179 ], [ 4017477.717142892070115, 2007183.91428574710153 ], [ 4017479.494285752996802, 2007179.851428603986278 ], [ 4017485.425714323297143, 2007166.325714323669672 ], [ 4017504.000000040978193, 2007158.711428607814014 ], [ 4017521.011428609024733, 2007158.651428605895489 ], [ 4017523.245714321732521, 2007158.640000032493845 ], [ 4017542.388571470975876, 2007156.291428606724367 ], [ 4017546.617142897099257, 2007151.682857179548591 ], [ 4017551.1142857526429, 2007147.134285746375099 ], [ 4017555.342857178300619, 2007142.525714319199324 ], [ 4017538.551428611855954, 2007134.46571431751363 ], [ 4017521.148571461439133, 2007131.40857146657072 ], [ 4017518.88000003574416, 2007112.157142895273864 ], [ 4017519.740000036079437, 2007109.542857181280851 ], [ 4017522.005714320577681, 2007094.69428575062193 ], [ 4017523.688571466132998, 2007076.740000033285469 ], [ 4017525.025714324321598, 2007057.891428602626547 ], [ 4017522.280000040773302, 2007037.825714317848906 ], [ 4017519.897142894100398, 2007033.542857180582359 ], [ 4017510.140000038780272, 2007019.385714326053858 ], [ 4017510.734285750892013, 2007015.251428607385606 ], [ 4017512.780000041704625, 2007001.097142886603251 ], [ 4017532.580000038258731, 2006989.411428610794246 ], [ 4017521.225714319851249, 2006980.785714319208637 ], [ 4017504.525714319199324, 2006977.162857178831473 ], [ 4017514.588571466505527, 2006966.205714318202808 ], [ 4017530.128571465611458, 2006963.454285751795396 ], [ 4017531.857142898254097, 2006958.0428571770899 ], [ 4017538.288571465294808, 2006937.548571462742984 ], [ 4017543.237142897676677, 2006921.591428607702255 ], [ 4017543.702857181429863, 2006920.108571465360001 ], [ 4017557.711428609676659, 2006923.634285749169067 ], [ 4017559.431428610347211, 2006924.074285752139986 ], [ 4017560.482857182156295, 2006924.405714325141162 ], [ 4017575.694285749457777, 2006930.085714322049171 ], [ 4017578.17142861103639, 2006919.774285750929266 ], [ 4017553.522857179865241, 2006884.162857176037505 ], [ 4017554.757142890710384, 2006880.088571459287778 ], [ 4017558.948571462184191, 2006866.540000039618462 ], [ 4017562.625714321620762, 2006854.514285750687122 ], [ 4017563.411428604740649, 2006847.2771428944543 ], [ 4017567.245714322198182, 2006829.242857177508995 ], [ 4017566.431428608484566, 2006810.488571461755782 ], [ 4017565.280000039376318, 2006794.934285747585818 ], [ 4017564.985714321024716, 2006790.971428609685972 ], [ 4017565.360000038985163, 2006789.511428606696427 ], [ 4017566.794285753276199, 2006784.920000036247075 ], [ 4017570.411428610794246, 2006773.348571465350688 ], [ 4017584.202857179101557, 2006759.145714316517115 ], [ 4017593.051428605802357, 2006752.07714289217256 ], [ 4017601.385714320465922, 2006746.545714321313426 ], [ 4017604.508571463637054, 2006729.071428603259847 ], [ 4017613.040000040084124, 2006713.200000038836151 ], [ 4017634.162857179529965, 2006701.891428607050329 ], [ 4017654.662857176735997, 2006695.580000035930425 ], [ 4017658.502857177052647, 2006677.557142892386764 ], [ 4017642.797142895404249, 2006671.24571432126686 ], [ 4017636.162857175804675, 2006656.662857178831473 ], [ 4017643.377142892219126, 2006640.425714320736006 ], [ 4017648.66000003926456, 2006622.880000034812838 ], [ 4017657.191428608261049, 2006607.008571462705731 ], [ 4017663.457142892293632, 2006588.937142890878022 ], [ 4017649.32571432646364, 2006579.451428606873378 ], [ 4017650.165714321192354, 2006561.951428607804701 ], [ 4017666.934285755734891, 2006553.151428609155118 ], [ 4017684.005714325699955, 2006555.314285746542737 ], [ 4017702.028571461327374, 2006559.314285746542737 ], [ 4017715.854285750538111, 2006559.802857177797705 ], [ 4017721.745714324526489, 2006543.188571467529982 ], [ 4017725.722857177257538, 2006525.094285748666152 ], [ 4017730.525714324787259, 2006506.722857175394893 ], [ 4017734.968571461737156, 2006489.625714316964149 ], [ 4017740.400000034831464, 2006472.011428604833782 ], [ 4017744.354285748209804, 2006454.091428608400747 ], [ 4017747.017142897937447, 2006435.617142895935103 ], [ 4017747.83714289451018, 2006431.914285748032853 ], [ 4017750.98285717703402, 2006417.702857174677774 ], [ 4017757.725714319385588, 2006400.460000031627715 ], [ 4017767.574285747949034, 2006384.954285745741799 ], [ 4017778.87142860610038, 2006369.937142890878022 ], [ 4017797.725714319385588, 2006356.428571459604427 ], [ 4017819.211428611539304, 2006343.857142894528806 ], [ 4017837.3571428922005, 2006330.905714320717379 ], [ 4017845.280000041704625, 2006314.102857172954828 ], [ 4017851.168571466580033, 2006297.491428604349494 ], [ 4017867.17428574943915, 2006295.742857173550874 ], [ 4017883.854285752400756, 2006301.531428608112037 ], [ 4017901.040000034961849, 2006305.98285717703402 ], [ 4017919.057142895646393, 2006309.974285744829103 ], [ 4017941.022857178933918, 2006298.217142893467098 ], [ 4017938.271428604610264, 2006278.151428608456627 ], [ 4017954.97428575437516, 2006264.725714318687096 ], [ 4017951.251428608782589, 2006245.182857177918777 ], [ 4017963.860000035725534, 2006230.534285750705749 ], [ 4017986.808571464382112, 2006218.25428574741818 ], [ 4018003.120000039692968, 2006225.500000035623088 ], [ 4018019.220000037457794, 2006226.591428611194715 ], [ 4018021.865714323241264, 2006226.771428608801216 ], [ 4018038.068571468349546, 2006231.734285748563707 ], [ 4018055.731428608763963, 2006237.000000030966476 ], [ 4018073.234285749495029, 2006242.525714318733662 ], [ 4018089.914285751990974, 2006248.317142894724384 ], [ 4018107.92285718023777, 2006254.480000032112002 ], [ 4018118.820000039413571, 2006243.077142893336713 ], [ 4018124.731428611092269, 2006226.280000036116689 ], [ 4018132.777142890263349, 2006209.588571459753439 ], [ 4018152.388571464922279, 2006208.240000036079437 ], [ 4018168.677142892964184, 2006200.608571463497356 ], [ 4018173.265714321751148, 2006183.434285746654496 ], [ 4018185.397142891772091, 2006167.971428605960682 ], [ 4018202.831428613513708, 2006168.87142860237509 ], [ 4018219.622857180424035, 2006176.934285745723173 ], [ 4018226.0200000340119, 2006177.091428611660376 ], [ 4018237.88571432325989, 2006177.380000039469451 ], [ 4018248.582857178524137, 2006161.437142891809344 ], [ 4018264.548571465536952, 2006150.740000036545098 ], [ 4018281.960000040475279, 2006153.797142894938588 ], [ 4018299.608571466058493, 2006159.245714324293658 ], [ 4018309.354285747278482, 2006175.577142889844254 ], [ 4018306.225714321248233, 2006193.040000034496188 ], [ 4018319.902857184410095, 2006199.354285747045651 ], [ 4018337.317142893094569, 2006202.422857179073617 ], [ 4018354.494285751134157, 2006206.865714315790683 ], [ 4018363.954285754356533, 2006212.034285749774426 ], [ 4018391.928571465890855, 2006219.860000035027042 ], [ 4018388.520000036805868, 2006226.168571464717388 ], [ 4018374.480000036768615, 2006221.120000034570694 ], [ 4018373.462857177946717, 2006229.740000035380945 ], [ 4018388.21714289393276, 2006234.231428608065471 ], [ 4018387.928571465890855, 2006240.120000032708049 ], [ 4018372.211428610607982, 2006235.965714323567227 ], [ 4018368.408571464940906, 2006245.902857176726684 ], [ 4018385.591428606305271, 2006250.340000030584633 ], [ 4018383.014285754412413, 2006256.205714315641671 ], [ 4018367.762857182882726, 2006253.062857174547389 ], [ 4018363.980000035371631, 2006260.834285748656839 ], [ 4018382.822857175488025, 2006266.540000034030527 ], [ 4018382.428571466822177, 2006270.16571432352066 ], [ 4018364.445714319590479, 2006263.811428607208654 ], [ 4018361.50285718170926, 2006271.13142860471271 ], [ 4018366.140000038780272, 2006277.797142896102741 ], [ 4018380.05428575258702, 2006282.737142888596281 ], [ 4018388.025714322458953, 2006295.52285717963241 ], [ 4018385.94000003580004, 2006302.208571461495012 ], [ 4018404.122857179027051, 2006308.280000033089891 ], [ 4018409.471428610384464, 2006310.065714318305254 ], [ 4018415.042857185006142, 2006303.682857179548591 ], [ 4018419.514285752084106, 2006301.288571459241211 ], [ 4018409.654285749420524, 2006282.87714289012365 ], [ 4018416.311428608838469, 2006278.231428608531132 ], [ 4018425.211428605485708, 2006295.002857176819816 ], [ 4018439.340000037103891, 2006287.442857179790735 ], [ 4018426.500000034924597, 2006263.631428609369323 ], [ 4018430.140000039711595, 2006261.68285717535764 ], [ 4018442.340000035241246, 2006286.920000035548583 ], [ 4018461.788571469020098, 2006276.514285749290138 ], [ 4018445.27428574860096, 2006245.682857175124809 ], [ 4018452.408571465872228, 2006241.86571432207711 ], [ 4018443.365714326035231, 2006225.171428604284301 ], [ 4018445.491428609006107, 2006216.134285747539252 ], [ 4018455.25142860552296, 2006213.254285745322704 ], [ 4018480.668571463320404, 2006260.842857180628926 ], [ 4018503.471428607590497, 2006248.640000035753474 ], [ 4018489.954285752028227, 2006223.037142889341339 ], [ 4018495.62571432441473, 2006218.917142893420532 ], [ 4018506.91142860846594, 2006239.982857180293649 ], [ 4018511.808571463450789, 2006243.108571464894339 ], [ 4018532.094285749830306, 2006232.254285751376301 ], [ 4018515.71714289765805, 2006201.351428609341383 ], [ 4018521.400000036228448, 2006197.240000037942082 ], [ 4018540.625714326277375, 2006233.434285751078278 ], [ 4018479.777142891660333, 2006265.802857178961858 ], [ 4018484.534285752568394, 2006274.574285747250542 ], [ 4018562.534285749308765, 2006231.928571461234242 ], [ 4018554.111428610514849, 2006215.985714321490377 ], [ 4018552.942857176996768, 2006209.79428574629128 ], [ 4018560.097142891958356, 2006203.814285748172551 ], [ 4018574.185714319813997, 2006195.785714317811653 ], [ 4018591.374285751953721, 2006185.994285749504343 ], [ 4018609.362857182510197, 2006175.297142894240096 ], [ 4018630.988571467809379, 2006162.645714321639389 ], [ 4018653.934285755269229, 2006150.36571431835182 ], [ 4018674.185714320745319, 2006141.862857179483399 ], [ 4018674.728571470826864, 2006141.754285749513656 ], [ 4018684.431428607553244, 2006139.797142890980467 ], [ 4018685.162857179529965, 2006139.671428604284301 ], [ 4018693.831428608391434, 2006138.18000002973713 ], [ 4018701.045714325271547, 2006137.685714323306456 ], [ 4018713.442857183050364, 2006136.837142888922244 ], [ 4018730.494285754859447, 2006141.16857146192342 ], [ 4018748.394285753369331, 2006143.082857175264508 ], [ 4018768.862857178784907, 2006141.105714318575338 ], [ 4018790.480000040493906, 2006128.454285746207461 ], [ 4018810.122857178561389, 2006124.762857179623097 ], [ 4018830.988571462221444, 2006117.191428608959541 ], [ 4018852.100000035949051, 2006108.051428605336696 ], [ 4018870.980000038165599, 2006109.44285717443563 ], [ 4018888.157142888754606, 2006113.885714318836108 ], [ 4018900.640000036917627, 2006133.225714322179556 ], [ 4018903.771428604610264, 2006115.762857177527621 ], [ 4018918.485714324284345, 2006111.294285752112046 ], [ 4018931.528571464121342, 2006119.031428605318069 ], [ 4018929.005714323371649, 2006137.428571459604427 ], [ 4018942.557142892386764, 2006126.777142890961841 ], [ 4018949.640000039711595, 2006110.428571461234242 ], [ 4018968.825714325997978, 2006103.757142886752263 ], [ 4018987.071428604889661, 2006106.365714317886159 ], [ 4019004.617142890579998, 2006109.542857179883868 ], [ 4019023.01142861135304, 2006112.088571459986269 ], [ 4019040.185714320279658, 2006116.534285753732547 ], [ 4019048.717142896726727, 2006134.762857175897807 ], [ 4019064.168571463786066, 2006144.628571461187676 ], [ 4019080.957142896950245, 2006152.694285753648728 ], [ 4019099.797142895404249, 2006141.357142891734838 ], [ 4019107.002857179846615, 2006125.117142892209813 ], [ 4019119.122857175767422, 2006111.817142896354198 ], [ 4019140.360000035725534, 2006102.788571464363486 ], [ 4019158.271428607869893, 2006104.508571464801207 ], [ 4019172.114285754039884, 2006119.894285747082904 ], [ 4019187.202857184223831, 2006131.025714322691783 ], [ 4019201.888571465853602, 2006145.962857177481055 ], [ 4019219.797142896335572, 2006147.685714319581166 ], [ 4019238.182857176754624, 2006150.414285746403039 ], [ 4019255.73428575322032, 2006153.408571461681277 ], [ 4019274.485714327543974, 2006154.680000034626573 ], [ 4019292.411428607068956, 2006154.240000039339066 ], [ 4019307.642857180442661, 2006142.691428608261049 ], [ 4019324.81714288983494, 2006147.137142894323915 ], [ 4019333.714285752270371, 2006163.908571462612599 ], [ 4019353.465714320540428, 2006162.491428605047986 ], [ 4019374.597142892424017, 2006151.202857179101557 ], [ 4019394.765714324079454, 2006138.262857178691775 ], [ 4019416.871428609360009, 2006126.437142893439159 ], [ 4019438.948571464046836, 2006116.960000033956021 ], [ 4019456.971428607590497, 2006103.908571462146938 ], [ 4019475.354285754263401, 2006089.591428607935086 ], [ 4019496.094285750761628, 2006081.914285748731345 ], [ 4019516.594285755883902, 2006075.611428609583527 ], [ 4019539.54285718454048, 2006063.337142889155075 ], [ 4019556.945714319590479, 2006049.545714320847765 ], [ 4019555.520000037737191, 2006029.848571463488042 ], [ 4019543.03428574744612, 2006010.508571467828006 ], [ 4019537.417142894119024, 2006004.365714320680127 ], [ 4019527.874285750091076, 2005994.754285750212148 ], [ 4019514.391428607050329, 2005978.10285717761144 ], [ 4019501.425714318174869, 2005957.937142894836143 ], [ 4019488.331428608857095, 2005937.662857181858271 ], [ 4019475.740000038407743, 2005916.048571462044492 ], [ 4019463.991428611334413, 2005893.9857143224217 ], [ 4019447.580000038258731, 2005882.49142861017026 ], [ 4019425.985714324284345, 2005892.780000034021214 ], [ 4019408.322857175953686, 2005887.511428602505475 ], [ 4019394.982857176568359, 2005870.782857179176062 ], [ 4019386.834285750519484, 2005849.122857172507793 ], [ 4019375.614285750780255, 2005834.662857175339013 ], [ 4019380.665714322589338, 2005818.505714316852391 ], [ 4019398.211428608279675, 2005804.637142890132964 ], [ 4019418.694285748992115, 2005800.500000030035153 ], [ 4019438.788571464363486, 2005799.982857176335528 ], [ 4019460.75714289676398, 2005788.234285749262199 ], [ 4019461.114285750780255, 2005769.914285745937377 ], [ 4019449.362857182044536, 2005747.845714323222637 ], [ 4019495.651428606361151, 2005744.274285744875669 ], [ 4019526.785714323632419, 2005748.685714317951351 ], [ 4019534.557142897509038, 2005739.082857179455459 ], [ 4019545.157142888754606, 2005725.985714320791885 ], [ 4019548.89714289130643, 2005734.442857172805816 ], [ 4019550.411428605671972, 2005737.862857175990939 ], [ 4019560.194285749457777, 2005732.762857176130638 ], [ 4019579.651428607292473, 2005722.617142895236611 ], [ 4019640.42285718396306, 2005669.434285745956004 ], [ 4019649.488571463152766, 2005660.842857175273821 ], [ 4019658.205714320298284, 2005676.162857180461287 ], [ 4019662.157142892014235, 2005683.108571459772065 ], [ 4019664.134285748470575, 2005686.582857174100354 ], [ 4019732.851428606547415, 2005807.368571466300637 ], [ 4019763.617142895702273, 2005861.448571462649852 ], [ 4019784.377142898272723, 2005898.071428605355322 ], [ 4019792.582857177127153, 2005912.548571466933936 ], [ 4019822.934285752475262, 2005966.094285745406523 ], [ 4019863.671428607776761, 2006037.954285752028227 ], [ 4019911.360000033397228, 2006009.18857146659866 ], [ 4020046.497142892796546, 2005929.73428574972786 ], [ 4020049.945714318193495, 2005927.708571464754641 ], [ 4020061.234285752288997, 2005921.071428603492677 ], [ 4020082.994285748805851, 2005908.262857172871009 ], [ 4020093.217142895795405, 2005907.925714324694127 ], [ 4020129.262857182882726, 2005888.100000031525269 ], [ 4020253.751428607385606, 2005818.64571431861259 ], [ 4020260.097142891958356, 2005829.762857178924605 ], [ 4020277.942857178859413, 2005861.01714289188385 ], [ 4020302.585714319720864, 2005904.180000031599775 ], [ 4020326.620000040624291, 2005946.151428605662659 ], [ 4020352.617142895236611, 2005991.554285748628899 ], [ 4020377.725714319851249, 2006035.514285753015429 ], [ 4020402.308571466244757, 2006078.554285747464746 ], [ 4020426.722857180982828, 2006121.482857178198174 ], [ 4020452.040000033099204, 2006166.000000032363459 ], [ 4020477.377142891287804, 2006209.982857176102698 ], [ 4020505.640000038314611, 2006259.048571463208646 ], [ 4020534.648571465164423, 2006309.66285717766732 ], [ 4020557.59714289335534, 2006349.702857173979282 ], [ 4020544.294285748619586, 2006357.188571461942047 ], [ 4020433.68285717535764, 2006419.442857173271477 ], [ 4020432.074285746086389, 2006420.348571467911825 ], [ 4020458.548571466468275, 2006466.905714322114363 ], [ 4020481.800000037997961, 2006507.797142894240096 ], [ 4020606.985714321490377, 2006436.182857177918777 ], [ 4020631.94571432005614, 2006479.757142890244722 ], [ 4020657.525714326649904, 2006524.417142887599766 ], [ 4020699.785714320838451, 2006598.397142893867567 ], [ 4020671.522857181727886, 2006628.4857143224217 ], [ 4020601.914285751990974, 2006669.582857173401862 ], [ 4020578.788571466691792, 2006676.931428608717397 ], [ 4020605.00285718170926, 2006724.034285746747628 ], [ 4020650.091428608633578, 2006734.731428602011874 ], [ 4020620.120000034570694, 2006751.100000037346035 ], [ 4020566.942857183516026, 2006756.76571431919001 ], [ 4020520.737142893020064, 2006766.797142894705757 ], [ 4020409.902857184410095, 2006784.282857178943232 ], [ 4020408.202857181429863, 2006784.551428608596325 ], [ 4020374.880000038538128, 2006795.814285745844245 ], [ 4020353.657142893411219, 2006805.98857146454975 ], [ 4020326.671428610105067, 2006810.505714318249375 ], [ 4020344.108571466058493, 2006826.737142893485725 ], [ 4020335.591428604908288, 2006870.24571432126686 ], [ 4020329.877142895013094, 2006912.502857181476429 ], [ 4020377.411428611259907, 2006991.888571464456618 ], [ 4020422.811428605113178, 2007069.062857174081728 ], [ 4020446.520000035874546, 2007111.917142888065428 ], [ 4020480.017142893746495, 2007160.845714322756976 ], [ 4020485.637142896652222, 2007168.345714317867532 ], [ 4020482.240000032819808, 2007169.194285752251744 ], [ 4020473.417142895050347, 2007171.405714325606823 ], [ 4020356.837142896838486, 2007320.582857177359983 ], [ 4020255.597142894752324, 2007396.431428610580042 ], [ 4020208.705714326351881, 2007410.574285749811679 ], [ 4020174.711428612470627, 2007428.565714321797714 ], [ 4020170.825714325532317, 2007441.594285746337846 ], [ 4020119.71142860641703, 2007479.577142894035205 ], [ 4020063.222857182379812, 2007521.54285717732273 ], [ 4020014.780000037513673, 2007557.534285753266886 ], [ 4019976.280000036116689, 2007567.18000003695488 ], [ 4019900.040000035893172, 2007607.785714322933927 ], [ 4019860.342857178300619, 2007737.760000031674281 ], [ 4019814.537142894696444, 2007794.920000033685938 ], [ 4019724.028571460396051, 2007788.608571462566033 ], [ 4019709.428571469150484, 2007796.420000032754615 ], [ 4019681.640000038314611, 2007811.288571461569518 ], [ 4019600.76000003144145, 2007843.434285746421665 ], [ 4019591.825714322272688, 2007849.548571463208646 ], [ 4019554.525714326184243, 2007875.114285747287795 ], [ 4019552.251428609713912, 2007876.671428606612608 ], [ 4019529.022857178002596, 2007892.574285750510171 ], [ 4019466.342857178300619, 2007946.285714319441468 ], [ 4019458.931428607553244, 2007952.631428603548557 ], [ 4019442.462857182137668, 2007966.734285746933892 ], [ 4019373.325714326929301, 2008025.968571462202817 ], [ 4019370.525714324787259, 2008028.374285748228431 ], [ 4019354.005714321509004, 2008042.520000036805868 ], [ 4019327.077142891008407, 2008065.59714289335534 ], [ 4019315.674285752233118, 2008074.734285747865215 ], [ 4019310.985714325215667, 2008078.491428606910631 ], [ 4019283.485714321956038, 2008100.514285750454292 ], [ 4019273.900000032503158, 2008108.191428601974621 ], [ 4019248.397142891772091, 2008128.617142890114337 ], [ 4019228.148571467492729, 2008144.834285750286654 ], [ 4019205.848571462091058, 2008162.702857177006081 ], [ 4019204.914285752456635, 2008163.454285747371614 ], [ 4019187.982857176568359, 2008172.514285751152784 ], [ 4019148.225714324973524, 2008175.90000003343448 ], [ 4019134.571428609080613, 2008177.060000034980476 ], [ 4019115.017142894677818, 2008178.717142892302945 ], [ 4019093.422857180703431, 2008202.582857173867524 ], [ 4019089.568571465089917, 2008206.840000029886141 ], [ 4019070.797142893075943, 2008227.582857175962999 ], [ 4019037.580000038258731, 2008264.288571459939703 ], [ 4019025.677142894826829, 2008277.448571461718529 ], [ 4018992.371428608428687, 2008314.251428609481081 ], [ 4018967.880000035278499, 2008341.308571460423991 ], [ 4018961.774285750463605, 2008348.054285751655698 ], [ 4018960.38571432325989, 2008349.591428605373949 ], [ 4018943.6714286073111, 2008368.051428602775559 ], [ 4018943.411428609862924, 2008370.705714320531115 ], [ 4018942.745714322198182, 2008377.454285745508969 ], [ 4018937.014285747893155, 2008435.497142895124853 ], [ 4018936.862857180647552, 2008437.017142892116681 ], [ 4018933.000000040512532, 2008439.637142896885052 ], [ 4018908.477142896037549, 2008456.242857174947858 ], [ 4018904.211428607814014, 2008459.131428609136492 ], [ 4018888.982857176102698, 2008469.43714289739728 ], [ 4018887.200000039767474, 2008470.642857178114355 ], [ 4018883.92000003810972, 2008472.865714317187667 ], [ 4018883.520000039134175, 2008473.128571463981643 ], [ 4018881.700000032782555, 2008474.368571465369314 ], [ 4018875.540000037290156, 2008478.534285748144612 ], [ 4018871.731428608298302, 2008481.117142890579998 ], [ 4018868.134285748936236, 2008483.545714315958321 ], [ 4018865.577142895199358, 2008485.280000031692907 ], [ 4018859.560000034980476, 2008489.357142890105024 ], [ 4018859.074285753071308, 2008489.680000030901283 ], [ 4018854.660000038333237, 2008492.674285753862932 ], [ 4018851.80285717593506, 2008494.605714323697612 ], [ 4018839.282857180573046, 2008503.085714322980493 ], [ 4018839.105714324396104, 2008503.202857177238911 ], [ 4018832.65428575174883, 2008507.565714322030544 ], [ 4018828.454285755753517, 2008510.417142894119024 ], [ 4018826.540000034496188, 2008511.705714316107333 ], [ 4018826.12571432814002, 2008511.985714319394901 ], [ 4018825.800000037997961, 2008512.202857179334387 ], [ 4018820.86000003805384, 2008515.554285748396069 ], [ 4018813.591428610030562, 2008520.480000033508986 ], [ 4018784.88285718485713, 2008539.902857178123668 ], [ 4018743.885714324191213, 2008656.028571465751156 ], [ 4018743.577142890542746, 2008656.900000032037497 ], [ 4018742.617142892442644, 2008659.617142893141136 ], [ 4018741.442857183516026, 2008662.942857173504308 ], [ 4018738.002857182174921, 2008672.674285747809336 ], [ 4018732.774285754188895, 2008687.505714321741834 ], [ 4018724.268571466207504, 2008697.314285746775568 ], [ 4018685.134285749401897, 2008742.46000003372319 ], [ 4018678.434285752475262, 2008750.191428604070097 ], [ 4018645.094285752624273, 2008788.642857177183032 ], [ 4018639.305714325979352, 2008800.020000034943223 ], [ 4018638.608571466989815, 2008799.754285746719688 ], [ 4018640.837142896838486, 2008794.645714322570711 ], [ 4018614.211428608745337, 2008786.017142889555544 ], [ 4018582.880000037606806, 2008775.862857176689431 ], [ 4018548.311428610235453, 2008764.617142895935103 ], [ 4018520.571428607217968, 2008755.591428605141118 ], [ 4018454.465714322403073, 2008736.740000033052638 ], [ 4018348.00285717472434, 2008703.820000030798838 ], [ 4018300.837142893578857, 2008854.460000034654513 ], [ 4018347.43142860988155, 2008869.251428605057299 ], [ 4018405.937142894603312, 2008887.828571464400738 ], [ 4018366.134285748470575, 2009021.471428607823327 ], [ 4018313.900000039022416, 2009006.051428604638204 ], [ 4018279.51714289188385, 2008995.90000003320165 ], [ 4018264.228571466170251, 2008991.560000035678968 ], [ 4018214.774285753257573, 2008975.597142890095711 ], [ 4018209.842857177834958, 2008974.005714317783713 ], [ 4018156.428571468684822, 2008956.765714323846623 ], [ 4018112.911428608931601, 2008943.514285748591647 ], [ 4018103.300000037997961, 2008940.58571431809105 ], [ 4018052.011428611818701, 2008924.962857177713886 ], [ 4018020.317142895888537, 2009050.13142860494554 ] ] ] ] } }
]
}
