{
  "type": "FeatureCollection",
  "name": "Edmonton final downtown residential permits",
  "metadata": {
    "city": "Edmonton",
    "dtuid": "835110611",
    "spatial_coverage": "downtown",
    "coordinate_reference_system": "urn:ogc:def:crs:OGC::CRS84",
    "report_start_date": "2026-01-01",
    "report_end_date": "2026-07-17",
    "retrieved_at_utc": "2026-07-17T18:30:45.175912+00:00",
    "selection": "Residential records inside the downtown DTUID used by the active inventory and/or reporting-period flow metrics.",
    "feature_count": 138
  },
  "features": [
    {
      "type": "Feature",
      "id": "active_development_permits:162139487-029",
      "geometry": {
        "type": "Point",
        "coordinates": [
          -113.49727925828043,
          53.54527207244413
        ]
      },
      "properties": {
        "city": "Edmonton",
        "dtuid": "835110611",
        "feed": "active_development_permits",
        "source_record_id": "162139487-029",
        "status": "In Progress",
        "permit_type": "Major Development Permit",
        "permit_class": "Permitted Development",
        "work_type": null,
        "description": "To construct interior and exterior alterations to a mixed Use Tower; and to add 29 Dwellings in the Residential portion of the Tower; and to add 493.0 square meters of increased Floor Area to the Commercial portion of the building; and landscaping modifications (revisions to issued Development Permit number 162139487-015). (Stantec Tower)",
        "address": "10220 - 103 AVENUE NW",
        "applied_date": "2016-05-06T00:00:00.000",
        "issued_date": null,
        "completed_date": null,
        "period_date": "2016-05-06T00:00:00.000",
        "longitude": -113.49727925828043,
        "latitude": 53.54527207244413,
        "units_created": null,
        "units_lost": null,
        "net_units": null,
        "is_residential": true,
        "is_active": true,
        "in_period": false,
        "requested_geography": "downtown",
        "in_requested_geography": true,
        "spatial_qa": "point_in_polygon_tested",
        "metric_roles": "active_inventory",
        "source_page": "https://data.edmonton.ca/d/2ccn-pwtu",
        "retrieved_at_utc": "2026-07-17T18:30:45.175912+00:00",
        "metric_membership": "active"
      }
    },
    {
      "type": "Feature",
      "id": "active_development_permits:185518810-001",
      "geometry": {
        "type": "Point",
        "coordinates": [
          -113.49687468075297,
          53.538248634267404
        ]
      },
      "properties": {
        "city": "Edmonton",
        "dtuid": "835110611",
        "feed": "active_development_permits",
        "source_record_id": "185518810-001",
        "status": "In Progress",
        "permit_type": "Major Development Permit",
        "permit_class": "Not Available",
        "work_type": null,
        "description": "To construct interior alteration and change the use of an existing two storey commerical building to a multi-family residential building (15 units).",
        "address": "9929 - 103 STREET NW",
        "applied_date": null,
        "issued_date": null,
        "completed_date": null,
        "period_date": null,
        "longitude": -113.49687468075297,
        "latitude": 53.538248634267404,
        "units_created": null,
        "units_lost": null,
        "net_units": null,
        "is_residential": true,
        "is_active": true,
        "in_period": false,
        "requested_geography": "downtown",
        "in_requested_geography": true,
        "spatial_qa": "point_in_polygon_tested",
        "metric_roles": "active_inventory",
        "source_page": "https://data.edmonton.ca/d/2ccn-pwtu",
        "retrieved_at_utc": "2026-07-17T18:30:45.175912+00:00",
        "metric_membership": "active"
      }
    },
    {
      "type": "Feature",
      "id": "active_development_permits:226902267-001",
      "geometry": {
        "type": "Point",
        "coordinates": [
          -113.48246735384868,
          53.54547659752229
        ]
      },
      "properties": {
        "city": "Edmonton",
        "dtuid": "835110611",
        "feed": "active_development_permits",
        "source_record_id": "226902267-001",
        "status": "In Progress",
        "permit_type": "Major Development Permit",
        "permit_class": "Not Available",
        "work_type": null,
        "description": "To move on and operate a Residential Sales Centre (Novhaus Inc.)",
        "address": null,
        "applied_date": null,
        "issued_date": null,
        "completed_date": null,
        "period_date": null,
        "longitude": -113.48246735384868,
        "latitude": 53.54547659752229,
        "units_created": null,
        "units_lost": null,
        "net_units": null,
        "is_residential": true,
        "is_active": true,
        "in_period": false,
        "requested_geography": "downtown",
        "in_requested_geography": true,
        "spatial_qa": "point_in_polygon_tested",
        "metric_roles": "active_inventory",
        "source_page": "https://data.edmonton.ca/d/2ccn-pwtu",
        "retrieved_at_utc": "2026-07-17T18:30:45.175912+00:00",
        "metric_membership": "active"
      }
    },
    {
      "type": "Feature",
      "id": "active_development_permits:229100891-001",
      "geometry": {
        "type": "Point",
        "coordinates": [
          -113.497324946614,
          53.529616245140424
        ]
      },
      "properties": {
        "city": "Edmonton",
        "dtuid": "835110611",
        "feed": "active_development_permits",
        "source_record_id": "229100891-001",
        "status": "In Progress",
        "permit_type": "Major Development Permit",
        "permit_class": "Not Available",
        "work_type": null,
        "description": "To construct a Minor Impact Utility Services Use building (EPCOR- Rossdale Water Treatment Plant Guard House & Fence upgrade).",
        "address": "9449 - ROSSDALE ROAD NW",
        "applied_date": "2016-10-20T00:00:00.000",
        "issued_date": null,
        "completed_date": null,
        "period_date": "2016-10-20T00:00:00.000",
        "longitude": -113.497324946614,
        "latitude": 53.529616245140424,
        "units_created": null,
        "units_lost": null,
        "net_units": null,
        "is_residential": true,
        "is_active": true,
        "in_period": false,
        "requested_geography": "downtown",
        "in_requested_geography": true,
        "spatial_qa": "point_in_polygon_tested",
        "metric_roles": "active_inventory",
        "source_page": "https://data.edmonton.ca/d/2ccn-pwtu",
        "retrieved_at_utc": "2026-07-17T18:30:45.175912+00:00",
        "metric_membership": "active"
      }
    },
    {
      "type": "Feature",
      "id": "active_development_permits:246182704-001",
      "geometry": {
        "type": "Point",
        "coordinates": [
          -113.50788093755689,
          53.53839336771695
        ]
      },
      "properties": {
        "city": "Edmonton",
        "dtuid": "835110611",
        "feed": "active_development_permits",
        "source_record_id": "246182704-001",
        "status": "In Progress",
        "permit_type": "Major Development Permit",
        "permit_class": "Permitted Development",
        "work_type": null,
        "description": "To construct exterior alterations to an Apartment House building (installation of 2 rooftop hot tubs).",
        "address": "1801, 9939 - 109 STREET NW",
        "applied_date": "2017-05-19T00:00:00.000",
        "issued_date": null,
        "completed_date": null,
        "period_date": "2017-05-19T00:00:00.000",
        "longitude": -113.50788093755689,
        "latitude": 53.53839336771695,
        "units_created": null,
        "units_lost": null,
        "net_units": null,
        "is_residential": true,
        "is_active": true,
        "in_period": false,
        "requested_geography": "downtown",
        "in_requested_geography": true,
        "spatial_qa": "point_in_polygon_tested",
        "metric_roles": "active_inventory",
        "source_page": "https://data.edmonton.ca/d/2ccn-pwtu",
        "retrieved_at_utc": "2026-07-17T18:30:45.175912+00:00",
        "metric_membership": "active"
      }
    },
    {
      "type": "Feature",
      "id": "active_development_permits:252147648-001",
      "geometry": {
        "type": "Point",
        "coordinates": [
          -113.4879926427619,
          53.55516019886484
        ]
      },
      "properties": {
        "city": "Edmonton",
        "dtuid": "835110611",
        "feed": "active_development_permits",
        "source_record_id": "252147648-001",
        "status": "In Progress",
        "permit_type": "Minor Development Permit",
        "permit_class": "Discretionary Development",
        "work_type": null,
        "description": "To develop a Secondary Suite in the Basement and interior alterations (relocate stairs, revise floor layout), and to construct a rear addition to an existing Single Detached House.",
        "address": "BSMT, 10840 - 96 STREET NW",
        "applied_date": "2017-08-22T00:00:00.000",
        "issued_date": null,
        "completed_date": null,
        "period_date": "2017-08-22T00:00:00.000",
        "longitude": -113.4879926427619,
        "latitude": 53.55516019886484,
        "units_created": null,
        "units_lost": null,
        "net_units": null,
        "is_residential": true,
        "is_active": true,
        "in_period": false,
        "requested_geography": "downtown",
        "in_requested_geography": true,
        "spatial_qa": "point_in_polygon_tested",
        "metric_roles": "active_inventory",
        "source_page": "https://data.edmonton.ca/d/2ccn-pwtu",
        "retrieved_at_utc": "2026-07-17T18:30:45.175912+00:00",
        "metric_membership": "active"
      }
    },
    {
      "type": "Feature",
      "id": "active_development_permits:255290176-008",
      "geometry": {
        "type": "Point",
        "coordinates": [
          -113.4898327503775,
          53.55779476441138
        ]
      },
      "properties": {
        "city": "Edmonton",
        "dtuid": "835110611",
        "feed": "active_development_permits",
        "source_record_id": "255290176-008",
        "status": "In Progress",
        "permit_type": "Minor Development Permit",
        "permit_class": "Permitted Development",
        "work_type": null,
        "description": "To demolish an existing Single Detached House.",
        "address": "9618 - 110 AVENUE NW",
        "applied_date": null,
        "issued_date": null,
        "completed_date": null,
        "period_date": null,
        "longitude": -113.4898327503775,
        "latitude": 53.55779476441138,
        "units_created": null,
        "units_lost": null,
        "net_units": null,
        "is_residential": true,
        "is_active": true,
        "in_period": false,
        "requested_geography": "downtown",
        "in_requested_geography": true,
        "spatial_qa": "point_in_polygon_tested",
        "metric_roles": "active_inventory",
        "source_page": "https://data.edmonton.ca/d/2ccn-pwtu",
        "retrieved_at_utc": "2026-07-17T18:30:45.175912+00:00",
        "metric_membership": "active"
      }
    },
    {
      "type": "Feature",
      "id": "active_development_permits:264684528-001",
      "geometry": {
        "type": "Point",
        "coordinates": [
          -113.4868498549578,
          53.54341094714559
        ]
      },
      "properties": {
        "city": "Edmonton",
        "dtuid": "835110611",
        "feed": "active_development_permits",
        "source_record_id": "264684528-001",
        "status": "In Progress",
        "permit_type": "House Combo Permit",
        "permit_class": "Not Available",
        "work_type": null,
        "description": "To construct a Single Detached House",
        "address": "9777 - 102 AVENUE NW",
        "applied_date": null,
        "issued_date": null,
        "completed_date": null,
        "period_date": null,
        "longitude": -113.4868498549578,
        "latitude": 53.54341094714559,
        "units_created": null,
        "units_lost": null,
        "net_units": null,
        "is_residential": true,
        "is_active": true,
        "in_period": false,
        "requested_geography": "downtown",
        "in_requested_geography": true,
        "spatial_qa": "point_in_polygon_tested",
        "metric_roles": "active_inventory",
        "source_page": "https://data.edmonton.ca/d/2ccn-pwtu",
        "retrieved_at_utc": "2026-07-17T18:30:45.175912+00:00",
        "metric_membership": "active"
      }
    },
    {
      "type": "Feature",
      "id": "active_development_permits:343021915-002",
      "geometry": {
        "type": "Point",
        "coordinates": [
          -113.49976267464685,
          53.54484534775883
        ]
      },
      "properties": {
        "city": "Edmonton",
        "dtuid": "835110611",
        "feed": "active_development_permits",
        "source_record_id": "343021915-002",
        "status": "In Progress",
        "permit_type": "Major Development Permit",
        "permit_class": "Not Available",
        "work_type": null,
        "description": "To construct and operate a 26 Storey (82.8 m high) mixed Use building with General Retail Stores, Professional, Financial and Office Support Services (leasing office) and Residential lobby on the main floor podium; with a Multi-unit Housing Tower (with 290 Dwellings); and to demolish the existing Commercial building on Site. (The Clancy)",
        "address": "ELEC1, 10410 - 103 AVENUE NW",
        "applied_date": null,
        "issued_date": null,
        "completed_date": null,
        "period_date": null,
        "longitude": -113.49976267464685,
        "latitude": 53.54484534775883,
        "units_created": null,
        "units_lost": null,
        "net_units": null,
        "is_residential": true,
        "is_active": true,
        "in_period": false,
        "requested_geography": "downtown",
        "in_requested_geography": true,
        "spatial_qa": "point_in_polygon_tested",
        "metric_roles": "active_inventory",
        "source_page": "https://data.edmonton.ca/d/2ccn-pwtu",
        "retrieved_at_utc": "2026-07-17T18:30:45.175912+00:00",
        "metric_membership": "active"
      }
    },
    {
      "type": "Feature",
      "id": "active_development_permits:343822901-001",
      "geometry": {
        "type": "Point",
        "coordinates": [
          -113.50777322574655,
          53.547220119403875
        ]
      },
      "properties": {
        "city": "Edmonton",
        "dtuid": "835110611",
        "feed": "active_development_permits",
        "source_record_id": "343822901-001",
        "status": "In Progress",
        "permit_type": "Sign Permit",
        "permit_class": "Discretionary Development",
        "work_type": null,
        "description": "To install (4) Freestanding On-premises Signs (ROUND HOUSE | MACEWAN UNIVERSITY).",
        "address": "10700 - 104 AVENUE NW",
        "applied_date": "2020-01-09T00:00:00.000",
        "issued_date": null,
        "completed_date": null,
        "period_date": "2020-01-09T00:00:00.000",
        "longitude": -113.50777322574655,
        "latitude": 53.547220119403875,
        "units_created": null,
        "units_lost": null,
        "net_units": null,
        "is_residential": true,
        "is_active": true,
        "in_period": false,
        "requested_geography": "downtown",
        "in_requested_geography": true,
        "spatial_qa": "point_in_polygon_tested",
        "metric_roles": "active_inventory",
        "source_page": "https://data.edmonton.ca/d/2ccn-pwtu",
        "retrieved_at_utc": "2026-07-17T18:30:45.175912+00:00",
        "metric_membership": "active"
      }
    },
    {
      "type": "Feature",
      "id": "active_development_permits:349481394-002",
      "geometry": {
        "type": "Point",
        "coordinates": [
          -113.49793262987025,
          53.53653901695498
        ]
      },
      "properties": {
        "city": "Edmonton",
        "dtuid": "835110611",
        "feed": "active_development_permits",
        "source_record_id": "349481394-002",
        "status": "In Progress",
        "permit_type": "Major Development Permit",
        "permit_class": "Not Available",
        "work_type": null,
        "description": "To construct a Residential building (8 Dwellings of Multi-unit Housing).",
        "address": "1, 9826 - 103 STREET NW",
        "applied_date": null,
        "issued_date": null,
        "completed_date": null,
        "period_date": null,
        "longitude": -113.49793262987025,
        "latitude": 53.53653901695498,
        "units_created": null,
        "units_lost": null,
        "net_units": null,
        "is_residential": true,
        "is_active": true,
        "in_period": false,
        "requested_geography": "downtown",
        "in_requested_geography": true,
        "spatial_qa": "point_in_polygon_tested",
        "metric_roles": "active_inventory",
        "source_page": "https://data.edmonton.ca/d/2ccn-pwtu",
        "retrieved_at_utc": "2026-07-17T18:30:45.175912+00:00",
        "metric_membership": "active"
      }
    },
    {
      "type": "Feature",
      "id": "active_development_permits:353537386-002",
      "geometry": {
        "type": "Point",
        "coordinates": [
          -113.51449487893873,
          53.53915009393901
        ]
      },
      "properties": {
        "city": "Edmonton",
        "dtuid": "835110611",
        "feed": "active_development_permits",
        "source_record_id": "353537386-002",
        "status": "In Progress",
        "permit_type": "Major Development Permit",
        "permit_class": "Not Available",
        "work_type": null,
        "description": "To construct a 310 Dwelling Multi-unit Housing building (33 Storeys) with underground parkade, and to demolish an existing Multi-unit Housing building.",
        "address": "10004 - 112 STREET NW",
        "applied_date": null,
        "issued_date": null,
        "completed_date": null,
        "period_date": null,
        "longitude": -113.51449487893873,
        "latitude": 53.53915009393901,
        "units_created": null,
        "units_lost": null,
        "net_units": null,
        "is_residential": true,
        "is_active": true,
        "in_period": false,
        "requested_geography": "downtown",
        "in_requested_geography": true,
        "spatial_qa": "point_in_polygon_tested",
        "metric_roles": "active_inventory",
        "source_page": "https://data.edmonton.ca/d/2ccn-pwtu",
        "retrieved_at_utc": "2026-07-17T18:30:45.175912+00:00",
        "metric_membership": "active"
      }
    },
    {
      "type": "Feature",
      "id": "active_development_permits:437967912-002",
      "geometry": {
        "type": "Point",
        "coordinates": [
          -113.52989451136017,
          53.551388756961664
        ]
      },
      "properties": {
        "city": "Edmonton",
        "dtuid": "835110611",
        "feed": "active_development_permits",
        "source_record_id": "437967912-002",
        "status": "In Progress",
        "permit_type": "Major Development Permit",
        "permit_class": "Permitted Development",
        "work_type": null,
        "description": "To Change the Use from a Warehouse Sales to a Specialty Food Service (Sandwich Shop)",
        "address": "12032 - 107 AVENUE NW",
        "applied_date": "2022-07-06T00:00:00.000",
        "issued_date": null,
        "completed_date": null,
        "period_date": "2022-07-06T00:00:00.000",
        "longitude": -113.52989451136017,
        "latitude": 53.551388756961664,
        "units_created": null,
        "units_lost": null,
        "net_units": null,
        "is_residential": true,
        "is_active": true,
        "in_period": false,
        "requested_geography": "downtown",
        "in_requested_geography": true,
        "spatial_qa": "point_in_polygon_tested",
        "metric_roles": "active_inventory",
        "source_page": "https://data.edmonton.ca/d/2ccn-pwtu",
        "retrieved_at_utc": "2026-07-17T18:30:45.175912+00:00",
        "metric_membership": "active"
      }
    },
    {
      "type": "Feature",
      "id": "active_development_permits:508606638-002",
      "geometry": {
        "type": "Point",
        "coordinates": [
          -113.5134163632658,
          53.543609886880695
        ]
      },
      "properties": {
        "city": "Edmonton",
        "dtuid": "835110611",
        "feed": "active_development_permits",
        "source_record_id": "508606638-002",
        "status": "In Progress",
        "permit_type": "Major Development Permit",
        "permit_class": "Not Available",
        "work_type": null,
        "description": "To construct a Residential Use building in the form of a Multi-unit Housing (apartment with 30 Dwellings) with Commercial Uses on the main floor (161.28sm).",
        "address": "10219 - 112 STREET NW",
        "applied_date": null,
        "issued_date": null,
        "completed_date": null,
        "period_date": null,
        "longitude": -113.5134163632658,
        "latitude": 53.543609886880695,
        "units_created": null,
        "units_lost": null,
        "net_units": null,
        "is_residential": true,
        "is_active": true,
        "in_period": false,
        "requested_geography": "downtown",
        "in_requested_geography": true,
        "spatial_qa": "point_in_polygon_tested",
        "metric_roles": "active_inventory",
        "source_page": "https://data.edmonton.ca/d/2ccn-pwtu",
        "retrieved_at_utc": "2026-07-17T18:30:45.175912+00:00",
        "metric_membership": "active"
      }
    },
    {
      "type": "Feature",
      "id": "active_development_permits:551052981-002",
      "geometry": {
        "type": "Point",
        "coordinates": [
          -113.51487029278648,
          53.549028737396455
        ]
      },
      "properties": {
        "city": "Edmonton",
        "dtuid": "835110611",
        "feed": "active_development_permits",
        "source_record_id": "551052981-002",
        "status": "In Progress",
        "permit_type": "Major Development Permit",
        "permit_class": "Not Available",
        "work_type": null,
        "description": "To construct 3 Residential Use buildings (total of 660 Dwellings of Multi-unit Housing, with 3 main floor General Retail Store spaces and a common underground parkade) and to develop a Park (Southeast corner of the Site).",
        "address": "10540 - 112 STREET NW",
        "applied_date": null,
        "issued_date": null,
        "completed_date": null,
        "period_date": null,
        "longitude": -113.51487029278648,
        "latitude": 53.549028737396455,
        "units_created": null,
        "units_lost": null,
        "net_units": null,
        "is_residential": true,
        "is_active": true,
        "in_period": false,
        "requested_geography": "downtown",
        "in_requested_geography": true,
        "spatial_qa": "point_in_polygon_tested",
        "metric_roles": "active_inventory",
        "source_page": "https://data.edmonton.ca/d/2ccn-pwtu",
        "retrieved_at_utc": "2026-07-17T18:30:45.175912+00:00",
        "metric_membership": "active"
      }
    },
    {
      "type": "Feature",
      "id": "active_development_permits:557163073-002",
      "geometry": {
        "type": "Point",
        "coordinates": [
          -113.50960464169609,
          53.54058842907315
        ]
      },
      "properties": {
        "city": "Edmonton",
        "dtuid": "835110611",
        "feed": "active_development_permits",
        "source_record_id": "557163073-002",
        "status": "In Progress",
        "permit_type": "Major Development Permit",
        "permit_class": "Not Available",
        "work_type": null,
        "description": "To construct a 75 Dwelling Multi-unit Housing (apartment) building with an existing patio, 2 Ground Floor non-Residential Use (TBC), and an underground Parkade with shared access via the WSP building.",
        "address": "10921 - JASPER AVENUE NW",
        "applied_date": null,
        "issued_date": null,
        "completed_date": null,
        "period_date": null,
        "longitude": -113.50960464169609,
        "latitude": 53.54058842907315,
        "units_created": null,
        "units_lost": null,
        "net_units": null,
        "is_residential": true,
        "is_active": true,
        "in_period": false,
        "requested_geography": "downtown",
        "in_requested_geography": true,
        "spatial_qa": "point_in_polygon_tested",
        "metric_roles": "active_inventory",
        "source_page": "https://data.edmonton.ca/d/2ccn-pwtu",
        "retrieved_at_utc": "2026-07-17T18:30:45.175912+00:00",
        "metric_membership": "active"
      }
    },
    {
      "type": "Feature",
      "id": "active_development_permits:581821904-002",
      "geometry": {
        "type": "Point",
        "coordinates": [
          -113.4920540663992,
          53.5484698749255
        ]
      },
      "properties": {
        "city": "Edmonton",
        "dtuid": "835110611",
        "feed": "active_development_permits",
        "source_record_id": "581821904-002",
        "status": "In Progress",
        "permit_type": "Major Development Permit",
        "permit_class": "Not Available",
        "work_type": null,
        "description": "To convert an existing Temporary Shelter Service building into an Apartment House / Boarding and Lodging House (43 Dwellings / Sleeping Units).",
        "address": "10534 - 100 STREET NW",
        "applied_date": null,
        "issued_date": null,
        "completed_date": null,
        "period_date": null,
        "longitude": -113.4920540663992,
        "latitude": 53.5484698749255,
        "units_created": null,
        "units_lost": null,
        "net_units": null,
        "is_residential": true,
        "is_active": true,
        "in_period": false,
        "requested_geography": "downtown",
        "in_requested_geography": true,
        "spatial_qa": "point_in_polygon_tested",
        "metric_roles": "active_inventory",
        "source_page": "https://data.edmonton.ca/d/2ccn-pwtu",
        "retrieved_at_utc": "2026-07-17T18:30:45.175912+00:00",
        "metric_membership": "active"
      }
    },
    {
      "type": "Feature",
      "id": "active_development_permits:600440874-002",
      "geometry": {
        "type": "Point",
        "coordinates": [
          -113.5244748307467,
          53.55798233183448
        ]
      },
      "properties": {
        "city": "Edmonton",
        "dtuid": "835110611",
        "feed": "active_development_permits",
        "source_record_id": "600440874-002",
        "status": "In Progress",
        "permit_type": "Minor Development Permit",
        "permit_class": "Permitted Development",
        "work_type": null,
        "description": "To construct a Residential Use building in the form of a 4 Dwelling Row House with landings and 4 Secondary Suites. (NOT to be used as a Lodging House)",
        "address": "1, 11720 - 110A AVENUE NW",
        "applied_date": "2025-07-08T00:00:00.000",
        "issued_date": null,
        "completed_date": null,
        "period_date": "2025-07-08T00:00:00.000",
        "longitude": -113.5244748307467,
        "latitude": 53.55798233183448,
        "units_created": null,
        "units_lost": null,
        "net_units": null,
        "is_residential": true,
        "is_active": true,
        "in_period": false,
        "requested_geography": "downtown",
        "in_requested_geography": true,
        "spatial_qa": "point_in_polygon_tested",
        "metric_roles": "active_inventory",
        "source_page": "https://data.edmonton.ca/d/2ccn-pwtu",
        "retrieved_at_utc": "2026-07-17T18:30:45.175912+00:00",
        "metric_membership": "active"
      }
    },
    {
      "type": "Feature",
      "id": "active_development_permits:609124127-002",
      "geometry": {
        "type": "Point",
        "coordinates": [
          -113.51342461535211,
          53.55172294534553
        ]
      },
      "properties": {
        "city": "Edmonton",
        "dtuid": "835110611",
        "feed": "active_development_permits",
        "source_record_id": "609124127-002",
        "status": "In Progress",
        "permit_type": "Major Development Permit",
        "permit_class": "Not Available",
        "work_type": null,
        "description": "To construct a Residential Use building in the form of a 31 Dwelling Multi-unit Housing",
        "address": "B5, 10709 - 112 STREET NW",
        "applied_date": null,
        "issued_date": null,
        "completed_date": null,
        "period_date": null,
        "longitude": -113.51342461535211,
        "latitude": 53.55172294534553,
        "units_created": null,
        "units_lost": null,
        "net_units": null,
        "is_residential": true,
        "is_active": true,
        "in_period": false,
        "requested_geography": "downtown",
        "in_requested_geography": true,
        "spatial_qa": "point_in_polygon_tested",
        "metric_roles": "active_inventory",
        "source_page": "https://data.edmonton.ca/d/2ccn-pwtu",
        "retrieved_at_utc": "2026-07-17T18:30:45.175912+00:00",
        "metric_membership": "active"
      }
    },
    {
      "type": "Feature",
      "id": "active_development_permits:609349243-002",
      "geometry": {
        "type": "Point",
        "coordinates": [
          -113.49687468153115,
          53.53824863224882
        ]
      },
      "properties": {
        "city": "Edmonton",
        "dtuid": "835110611",
        "feed": "active_development_permits",
        "source_record_id": "609349243-002",
        "status": "In Progress",
        "permit_type": "Major Development Permit",
        "permit_class": "Discretionary Development",
        "work_type": null,
        "description": "To Change of Use of a Commercial building into a 9 Dwelling Multi-unit Housing Residential Use building and to construct Interior Alterations",
        "address": "9929 - 103 STREET NW",
        "applied_date": null,
        "issued_date": null,
        "completed_date": null,
        "period_date": null,
        "longitude": -113.49687468153115,
        "latitude": 53.53824863224882,
        "units_created": null,
        "units_lost": null,
        "net_units": null,
        "is_residential": true,
        "is_active": true,
        "in_period": false,
        "requested_geography": "downtown",
        "in_requested_geography": true,
        "spatial_qa": "point_in_polygon_tested",
        "metric_roles": "active_inventory",
        "source_page": "https://data.edmonton.ca/d/2ccn-pwtu",
        "retrieved_at_utc": "2026-07-17T18:30:45.175912+00:00",
        "metric_membership": "active"
      }
    },
    {
      "type": "Feature",
      "id": "active_development_permits:629045620-002",
      "geometry": {
        "type": "Point",
        "coordinates": [
          -113.5301834847247,
          53.54561114431994
        ]
      },
      "properties": {
        "city": "Edmonton",
        "dtuid": "835110611",
        "feed": "active_development_permits",
        "source_record_id": "629045620-002",
        "status": "In Progress",
        "permit_type": "Major Development Permit",
        "permit_class": "Not Available",
        "work_type": null,
        "description": "To Change the Number of Dwellings in a Residential Development (Multi Family Building) from 141 to 143",
        "address": "2, 10333 - 121 STREET NW",
        "applied_date": null,
        "issued_date": null,
        "completed_date": null,
        "period_date": null,
        "longitude": -113.5301834847247,
        "latitude": 53.54561114431994,
        "units_created": null,
        "units_lost": null,
        "net_units": null,
        "is_residential": true,
        "is_active": true,
        "in_period": false,
        "requested_geography": "downtown",
        "in_requested_geography": true,
        "spatial_qa": "point_in_polygon_tested",
        "metric_roles": "active_inventory",
        "source_page": "https://data.edmonton.ca/d/2ccn-pwtu",
        "retrieved_at_utc": "2026-07-17T18:30:45.175912+00:00",
        "metric_membership": "active"
      }
    },
    {
      "type": "Feature",
      "id": "active_development_permits:632653466-002",
      "geometry": {
        "type": "Point",
        "coordinates": [
          -113.465554608,
          53.541839028
        ]
      },
      "properties": {
        "city": "Edmonton",
        "dtuid": "835110611",
        "feed": "active_development_permits",
        "source_record_id": "632653466-002",
        "status": "In Progress",
        "permit_type": "Major Development Permit",
        "permit_class": "Not Available",
        "work_type": null,
        "description": "To construct 2 Residential use buildings in the form of 4 dwelling Row Houses and to construct 2 Accessory Buildings (detached garages) and to demolish a Residential Use building (Single Detached House) and an Accessory Building (Detached Garage).",
        "address": "9906 - 87 STREET NW",
        "applied_date": null,
        "issued_date": null,
        "completed_date": null,
        "period_date": null,
        "longitude": -113.465554608,
        "latitude": 53.541839028,
        "units_created": null,
        "units_lost": null,
        "net_units": null,
        "is_residential": true,
        "is_active": true,
        "in_period": false,
        "requested_geography": "downtown",
        "in_requested_geography": true,
        "spatial_qa": "point_in_polygon_tested",
        "metric_roles": "active_inventory",
        "source_page": "https://data.edmonton.ca/d/2ccn-pwtu",
        "retrieved_at_utc": "2026-07-17T18:30:45.175912+00:00",
        "metric_membership": "active"
      }
    },
    {
      "type": "Feature",
      "id": "active_development_permits:640711594-002",
      "geometry": {
        "type": "Point",
        "coordinates": [
          -113.49871551872084,
          53.53916718006569
        ]
      },
      "properties": {
        "city": "Edmonton",
        "dtuid": "835110611",
        "feed": "active_development_permits",
        "source_record_id": "640711594-002",
        "status": "In Progress",
        "permit_type": "Major Development Permit",
        "permit_class": "Permitted Development",
        "work_type": null,
        "description": "To construct a 35 Storey Mixed Use building with 275 Dwellings of Multi-unit Housing, main floor General Retail Stores Use, and 3 Storeys of underground parking (Falcon Tower Two).",
        "address": "10011 - 104 STREET NW",
        "applied_date": null,
        "issued_date": null,
        "completed_date": null,
        "period_date": null,
        "longitude": -113.49871551872084,
        "latitude": 53.53916718006569,
        "units_created": null,
        "units_lost": null,
        "net_units": null,
        "is_residential": true,
        "is_active": true,
        "in_period": false,
        "requested_geography": "downtown",
        "in_requested_geography": true,
        "spatial_qa": "point_in_polygon_tested",
        "metric_roles": "active_inventory",
        "source_page": "https://data.edmonton.ca/d/2ccn-pwtu",
        "retrieved_at_utc": "2026-07-17T18:30:45.175912+00:00",
        "metric_membership": "active"
      }
    },
    {
      "type": "Feature",
      "id": "active_development_permits:642947438-002",
      "geometry": {
        "type": "Point",
        "coordinates": [
          -113.47625221371054,
          53.54790652409294
        ]
      },
      "properties": {
        "city": "Edmonton",
        "dtuid": "835110611",
        "feed": "active_development_permits",
        "source_record_id": "642947438-002",
        "status": "In Progress",
        "permit_type": "Major Development Permit",
        "permit_class": "Not Available",
        "work_type": null,
        "description": "To construct a Residential Use building in the form of a 6-Storey 40 Dwelling Multi-Unit Housing.",
        "address": "9244 - JASPER AVENUE NW",
        "applied_date": null,
        "issued_date": null,
        "completed_date": null,
        "period_date": null,
        "longitude": -113.47625221371054,
        "latitude": 53.54790652409294,
        "units_created": null,
        "units_lost": null,
        "net_units": null,
        "is_residential": true,
        "is_active": true,
        "in_period": false,
        "requested_geography": "downtown",
        "in_requested_geography": true,
        "spatial_qa": "point_in_polygon_tested",
        "metric_roles": "active_inventory",
        "source_page": "https://data.edmonton.ca/d/2ccn-pwtu",
        "retrieved_at_utc": "2026-07-17T18:30:45.175912+00:00",
        "metric_membership": "active"
      }
    },
    {
      "type": "Feature",
      "id": "active_development_permits:644615868-002",
      "geometry": {
        "type": "Point",
        "coordinates": [
          -113.50344499172505,
          53.55327979704742
        ]
      },
      "properties": {
        "city": "Edmonton",
        "dtuid": "835110611",
        "feed": "active_development_permits",
        "source_record_id": "644615868-002",
        "status": "In Progress",
        "permit_type": "Major Development Permit",
        "permit_class": "Discretionary Development",
        "work_type": null,
        "description": "To construct a 2 Storey mixed use building with Health Service and Accessory Indoor Sales and Service on the Ground Floor and 5 Dwellings on the second Storey.",
        "address": "10806 - 106 STREET NW",
        "applied_date": null,
        "issued_date": null,
        "completed_date": null,
        "period_date": null,
        "longitude": -113.50344499172505,
        "latitude": 53.55327979704742,
        "units_created": null,
        "units_lost": null,
        "net_units": null,
        "is_residential": true,
        "is_active": true,
        "in_period": false,
        "requested_geography": "downtown",
        "in_requested_geography": true,
        "spatial_qa": "point_in_polygon_tested",
        "metric_roles": "active_inventory",
        "source_page": "https://data.edmonton.ca/d/2ccn-pwtu",
        "retrieved_at_utc": "2026-07-17T18:30:45.175912+00:00",
        "metric_membership": "active"
      }
    },
    {
      "type": "Feature",
      "id": "active_development_permits:644762729-002",
      "geometry": {
        "type": "Point",
        "coordinates": [
          -113.499772603,
          53.534450032
        ]
      },
      "properties": {
        "city": "Edmonton",
        "dtuid": "835110611",
        "feed": "active_development_permits",
        "source_record_id": "644762729-002",
        "status": "In Progress",
        "permit_type": "Major Development Permit",
        "permit_class": "Not Available",
        "work_type": null,
        "description": "To construct a Residential building (Multi-unit Housing with 118 Dwellings) with an underground parkade.",
        "address": "2, 10406 - 97 AVENUE NW",
        "applied_date": null,
        "issued_date": null,
        "completed_date": null,
        "period_date": null,
        "longitude": -113.499772603,
        "latitude": 53.534450032,
        "units_created": null,
        "units_lost": null,
        "net_units": null,
        "is_residential": true,
        "is_active": true,
        "in_period": false,
        "requested_geography": "downtown",
        "in_requested_geography": true,
        "spatial_qa": "point_in_polygon_tested",
        "metric_roles": "active_inventory",
        "source_page": "https://data.edmonton.ca/d/2ccn-pwtu",
        "retrieved_at_utc": "2026-07-17T18:30:45.175912+00:00",
        "metric_membership": "active"
      }
    },
    {
      "type": "Feature",
      "id": "active_development_permits:647998777-002",
      "geometry": {
        "type": "Point",
        "coordinates": [
          -113.49103269752032,
          53.55668508317133
        ]
      },
      "properties": {
        "city": "Edmonton",
        "dtuid": "835110611",
        "feed": "active_development_permits",
        "source_record_id": "647998777-002",
        "status": "In Progress",
        "permit_type": "Major Development Permit",
        "permit_class": "Not Available",
        "work_type": null,
        "description": "To construct a 3 Storey Mixed Use Building with ground-floor commercial Uses (main floor General Retail Stores, Specialty Food Services and Professional, Financial and Office Support Services) and 17 Dwellings.",
        "address": "201, 10935 - 97 STREET NW",
        "applied_date": null,
        "issued_date": null,
        "completed_date": null,
        "period_date": null,
        "longitude": -113.49103269752032,
        "latitude": 53.55668508317133,
        "units_created": null,
        "units_lost": null,
        "net_units": null,
        "is_residential": true,
        "is_active": true,
        "in_period": false,
        "requested_geography": "downtown",
        "in_requested_geography": true,
        "spatial_qa": "point_in_polygon_tested",
        "metric_roles": "active_inventory",
        "source_page": "https://data.edmonton.ca/d/2ccn-pwtu",
        "retrieved_at_utc": "2026-07-17T18:30:45.175912+00:00",
        "metric_membership": "active"
      }
    },
    {
      "type": "Feature",
      "id": "active_development_permits:648851293-002",
      "geometry": {
        "type": "Point",
        "coordinates": [
          -113.48586853638656,
          53.55871456345097
        ]
      },
      "properties": {
        "city": "Edmonton",
        "dtuid": "835110611",
        "feed": "active_development_permits",
        "source_record_id": "648851293-002",
        "status": "In Progress",
        "permit_type": "Minor Development Permit",
        "permit_class": null,
        "work_type": null,
        "description": "To construct a Residential Use building in the form of a 3 Dwelling Row House with unenclosed front porches and 3 secondary suites.",
        "address": "11017 - 95 STREET NW",
        "applied_date": null,
        "issued_date": null,
        "completed_date": null,
        "period_date": null,
        "longitude": -113.48586853638656,
        "latitude": 53.55871456345097,
        "units_created": null,
        "units_lost": null,
        "net_units": null,
        "is_residential": true,
        "is_active": true,
        "in_period": false,
        "requested_geography": "downtown",
        "in_requested_geography": true,
        "spatial_qa": "point_in_polygon_tested",
        "metric_roles": "active_inventory",
        "source_page": "https://data.edmonton.ca/d/2ccn-pwtu",
        "retrieved_at_utc": "2026-07-17T18:30:45.175912+00:00",
        "metric_membership": "active"
      }
    },
    {
      "type": "Feature",
      "id": "active_development_permits:649735894-002",
      "geometry": {
        "type": "Point",
        "coordinates": [
          -113.484738101,
          53.551541029
        ]
      },
      "properties": {
        "city": "Edmonton",
        "dtuid": "835110611",
        "feed": "active_development_permits",
        "source_record_id": "649735894-002",
        "status": "In Progress",
        "permit_type": "Minor Development Permit",
        "permit_class": null,
        "work_type": null,
        "description": "To construct a Residential Use building in the form of a 4 Dwelling Row House with 4 secondary suites and unenclosed front porch.",
        "address": "9543 - 106A AVENUE NW",
        "applied_date": null,
        "issued_date": null,
        "completed_date": null,
        "period_date": null,
        "longitude": -113.484738101,
        "latitude": 53.551541029,
        "units_created": null,
        "units_lost": null,
        "net_units": null,
        "is_residential": true,
        "is_active": true,
        "in_period": false,
        "requested_geography": "downtown",
        "in_requested_geography": true,
        "spatial_qa": "point_in_polygon_tested",
        "metric_roles": "active_inventory",
        "source_page": "https://data.edmonton.ca/d/2ccn-pwtu",
        "retrieved_at_utc": "2026-07-17T18:30:45.175912+00:00",
        "metric_membership": "active"
      }
    },
    {
      "type": "Feature",
      "id": "active_development_permits:649856246-002",
      "geometry": {
        "type": "Point",
        "coordinates": [
          -113.49792839902025,
          53.54242193970072
        ]
      },
      "properties": {
        "city": "Edmonton",
        "dtuid": "835110611",
        "feed": "active_development_permits",
        "source_record_id": "649856246-002",
        "status": "In Progress",
        "permit_type": "Major Development Permit",
        "permit_class": "Not Available",
        "work_type": null,
        "description": "To develop a Surface Parking Lot, Beaver House, reference permit clearance application #648213957-002.",
        "address": "10158 - 103 STREET NW",
        "applied_date": null,
        "issued_date": null,
        "completed_date": null,
        "period_date": null,
        "longitude": -113.49792839902025,
        "latitude": 53.54242193970072,
        "units_created": null,
        "units_lost": null,
        "net_units": null,
        "is_residential": true,
        "is_active": true,
        "in_period": false,
        "requested_geography": "downtown",
        "in_requested_geography": true,
        "spatial_qa": "point_in_polygon_tested",
        "metric_roles": "active_inventory",
        "source_page": "https://data.edmonton.ca/d/2ccn-pwtu",
        "retrieved_at_utc": "2026-07-17T18:30:45.175912+00:00",
        "metric_membership": "active"
      }
    },
    {
      "type": "Feature",
      "id": "active_development_permits:650552931-002",
      "geometry": {
        "type": "Point",
        "coordinates": [
          -113.50606810649546,
          53.557451838471806
        ]
      },
      "properties": {
        "city": "Edmonton",
        "dtuid": "835110611",
        "feed": "active_development_permits",
        "source_record_id": "650552931-002",
        "status": "In Progress",
        "permit_type": "Minor Development Permit",
        "permit_class": "Permitted Development",
        "work_type": null,
        "description": "To construct a Residential Use building in the form of a 4 Dwelling Row House with 4 secondary suites, uncovered deck and unenclosed front porch.",
        "address": "11019 - 108 STREET NW",
        "applied_date": null,
        "issued_date": null,
        "completed_date": null,
        "period_date": null,
        "longitude": -113.50606810649546,
        "latitude": 53.557451838471806,
        "units_created": null,
        "units_lost": null,
        "net_units": null,
        "is_residential": true,
        "is_active": true,
        "in_period": false,
        "requested_geography": "downtown",
        "in_requested_geography": true,
        "spatial_qa": "point_in_polygon_tested",
        "metric_roles": "active_inventory",
        "source_page": "https://data.edmonton.ca/d/2ccn-pwtu",
        "retrieved_at_utc": "2026-07-17T18:30:45.175912+00:00",
        "metric_membership": "active"
      }
    },
    {
      "type": "Feature",
      "id": "active_development_permits:651126069-002",
      "geometry": {
        "type": "Point",
        "coordinates": [
          -113.48048679784196,
          53.54755494376156
        ]
      },
      "properties": {
        "city": "Edmonton",
        "dtuid": "835110611",
        "feed": "active_development_permits",
        "source_record_id": "651126069-002",
        "status": "In Progress",
        "permit_type": "Major Development Permit",
        "permit_class": "Not Available",
        "work_type": null,
        "description": "To demolish a existing Office and Indoor Sales and Service building, and construct an Indoor Sales and Service and Residential (39 Dwellings, Multi-Unit Housing) building.",
        "address": "10330 - 95 STREET NW",
        "applied_date": null,
        "issued_date": null,
        "completed_date": null,
        "period_date": null,
        "longitude": -113.48048679784196,
        "latitude": 53.54755494376156,
        "units_created": null,
        "units_lost": null,
        "net_units": null,
        "is_residential": true,
        "is_active": true,
        "in_period": false,
        "requested_geography": "downtown",
        "in_requested_geography": true,
        "spatial_qa": "point_in_polygon_tested",
        "metric_roles": "active_inventory",
        "source_page": "https://data.edmonton.ca/d/2ccn-pwtu",
        "retrieved_at_utc": "2026-07-17T18:30:45.175912+00:00",
        "metric_membership": "active"
      }
    },
    {
      "type": "Feature",
      "id": "active_development_permits:652331623-002",
      "geometry": {
        "type": "Point",
        "coordinates": [
          -113.47541367998508,
          53.5508762102085
        ]
      },
      "properties": {
        "city": "Edmonton",
        "dtuid": "835110611",
        "feed": "active_development_permits",
        "source_record_id": "652331623-002",
        "status": "In Progress",
        "permit_type": "Major Development Permit",
        "permit_class": "Not Available",
        "work_type": null,
        "description": "To operate a Lodging House",
        "address": "10438 - 91 STREET NW",
        "applied_date": null,
        "issued_date": null,
        "completed_date": null,
        "period_date": null,
        "longitude": -113.47541367998508,
        "latitude": 53.5508762102085,
        "units_created": null,
        "units_lost": null,
        "net_units": null,
        "is_residential": true,
        "is_active": true,
        "in_period": false,
        "requested_geography": "downtown",
        "in_requested_geography": true,
        "spatial_qa": "point_in_polygon_tested",
        "metric_roles": "active_inventory",
        "source_page": "https://data.edmonton.ca/d/2ccn-pwtu",
        "retrieved_at_utc": "2026-07-17T18:30:45.175912+00:00",
        "metric_membership": "active"
      }
    },
    {
      "type": "Feature",
      "id": "active_development_permits:653587837-002",
      "geometry": {
        "type": "Point",
        "coordinates": [
          -113.48012938628447,
          53.55479928483196
        ]
      },
      "properties": {
        "city": "Edmonton",
        "dtuid": "835110611",
        "feed": "active_development_permits",
        "source_record_id": "653587837-002",
        "status": "In Progress",
        "permit_type": "Minor Development Permit",
        "permit_class": null,
        "work_type": null,
        "description": "To construct a Residential Use building in the form of a Semi-Detached House with unenclosed front porches.",
        "address": "10741 - 93 STREET NW",
        "applied_date": null,
        "issued_date": null,
        "completed_date": null,
        "period_date": null,
        "longitude": -113.48012938628447,
        "latitude": 53.55479928483196,
        "units_created": null,
        "units_lost": null,
        "net_units": null,
        "is_residential": true,
        "is_active": true,
        "in_period": false,
        "requested_geography": "downtown",
        "in_requested_geography": true,
        "spatial_qa": "point_in_polygon_tested",
        "metric_roles": "active_inventory",
        "source_page": "https://data.edmonton.ca/d/2ccn-pwtu",
        "retrieved_at_utc": "2026-07-17T18:30:45.175912+00:00",
        "metric_membership": "active"
      }
    },
    {
      "type": "Feature",
      "id": "active_development_permits:653953886-002",
      "geometry": {
        "type": "Point",
        "coordinates": [
          -113.48389152063669,
          53.54663986397892
        ]
      },
      "properties": {
        "city": "Edmonton",
        "dtuid": "835110611",
        "feed": "active_development_permits",
        "source_record_id": "653953886-002",
        "status": "In Progress",
        "permit_type": "Major Development Permit",
        "permit_class": "Not Available",
        "work_type": null,
        "description": "To construct a Residential building (174 Dwellings of Multi-unit Housing).",
        "address": "10308 - 96 STREET NW",
        "applied_date": null,
        "issued_date": null,
        "completed_date": null,
        "period_date": null,
        "longitude": -113.48389152063669,
        "latitude": 53.54663986397892,
        "units_created": null,
        "units_lost": null,
        "net_units": null,
        "is_residential": true,
        "is_active": true,
        "in_period": false,
        "requested_geography": "downtown",
        "in_requested_geography": true,
        "spatial_qa": "point_in_polygon_tested",
        "metric_roles": "active_inventory",
        "source_page": "https://data.edmonton.ca/d/2ccn-pwtu",
        "retrieved_at_utc": "2026-07-17T18:30:45.175912+00:00",
        "metric_membership": "active"
      }
    },
    {
      "type": "Feature",
      "id": "active_development_permits:654588506-002",
      "geometry": {
        "type": "Point",
        "coordinates": [
          -113.48099424638727,
          53.55691592713379
        ]
      },
      "properties": {
        "city": "Edmonton",
        "dtuid": "835110611",
        "feed": "active_development_permits",
        "source_record_id": "654588506-002",
        "status": "In Progress",
        "permit_type": "Minor Development Permit",
        "permit_class": null,
        "work_type": null,
        "description": "To construct a Residential Use building in the form of a Semi-Detached House with Secondary Suite(s), uncovered deck and unenclosed front porch.",
        "address": "10862 - 92 STREET NW",
        "applied_date": null,
        "issued_date": null,
        "completed_date": null,
        "period_date": null,
        "longitude": -113.48099424638727,
        "latitude": 53.55691592713379,
        "units_created": null,
        "units_lost": null,
        "net_units": null,
        "is_residential": true,
        "is_active": true,
        "in_period": false,
        "requested_geography": "downtown",
        "in_requested_geography": true,
        "spatial_qa": "point_in_polygon_tested",
        "metric_roles": "active_inventory",
        "source_page": "https://data.edmonton.ca/d/2ccn-pwtu",
        "retrieved_at_utc": "2026-07-17T18:30:45.175912+00:00",
        "metric_membership": "active"
      }
    },
    {
      "type": "Feature",
      "id": "active_development_permits:655181219-002",
      "geometry": {
        "type": "Point",
        "coordinates": [
          -113.51526207306414,
          53.552169881929956
        ]
      },
      "properties": {
        "city": "Edmonton",
        "dtuid": "835110611",
        "feed": "active_development_permits",
        "source_record_id": "655181219-002",
        "status": "In Progress",
        "permit_type": "Major Development Permit",
        "permit_class": "Not Available",
        "work_type": null,
        "description": "To construct a Residential Use development in the form of Cluster Housing with a total of 24 Dwellings (2 buildings of 3 Storey 12 Dwelling Multi-Unit Housing with unenclosed front porches).",
        "address": "BSMT, 10725 - 113 STREET NW",
        "applied_date": null,
        "issued_date": null,
        "completed_date": null,
        "period_date": null,
        "longitude": -113.51526207306414,
        "latitude": 53.552169881929956,
        "units_created": null,
        "units_lost": null,
        "net_units": null,
        "is_residential": true,
        "is_active": true,
        "in_period": false,
        "requested_geography": "downtown",
        "in_requested_geography": true,
        "spatial_qa": "point_in_polygon_tested",
        "metric_roles": "active_inventory",
        "source_page": "https://data.edmonton.ca/d/2ccn-pwtu",
        "retrieved_at_utc": "2026-07-17T18:30:45.175912+00:00",
        "metric_membership": "active"
      }
    },
    {
      "type": "Feature",
      "id": "active_development_permits:655770701-002",
      "geometry": {
        "type": "Point",
        "coordinates": [
          -113.4970276,
          53.545367031
        ]
      },
      "properties": {
        "city": "Edmonton",
        "dtuid": "835110611",
        "feed": "active_development_permits",
        "source_record_id": "655770701-002",
        "status": "In Progress",
        "permit_type": "Major Development Permit",
        "permit_class": "Not Available",
        "work_type": null,
        "description": "To construct a Residential Tower (371 Dwellings of Multi-unit Housing) atop an existing podium.",
        "address": "10332 - 103 STREET NW",
        "applied_date": null,
        "issued_date": null,
        "completed_date": null,
        "period_date": null,
        "longitude": -113.4970276,
        "latitude": 53.545367031,
        "units_created": null,
        "units_lost": null,
        "net_units": null,
        "is_residential": true,
        "is_active": true,
        "in_period": false,
        "requested_geography": "downtown",
        "in_requested_geography": true,
        "spatial_qa": "point_in_polygon_tested",
        "metric_roles": "active_inventory",
        "source_page": "https://data.edmonton.ca/d/2ccn-pwtu",
        "retrieved_at_utc": "2026-07-17T18:30:45.175912+00:00",
        "metric_membership": "active"
      }
    },
    {
      "type": "Feature",
      "id": "active_development_permits:655819460-002",
      "geometry": {
        "type": "Point",
        "coordinates": [
          -113.53201098375501,
          53.554521668148794
        ]
      },
      "properties": {
        "city": "Edmonton",
        "dtuid": "835110611",
        "feed": "active_development_permits",
        "source_record_id": "655819460-002",
        "status": "In Progress",
        "permit_type": "Minor Development Permit",
        "permit_class": null,
        "work_type": null,
        "description": "To construct a Residential Use multi-unit Backyard House (2 Dwellings without Garage) one Secondary Suite in Unit C in the Basement and Basement development in Unit B (NOT to be used as an additional Dwelling).",
        "address": "G1, 10915 - 122 STREET NW",
        "applied_date": null,
        "issued_date": null,
        "completed_date": null,
        "period_date": null,
        "longitude": -113.53201098375501,
        "latitude": 53.554521668148794,
        "units_created": null,
        "units_lost": null,
        "net_units": null,
        "is_residential": true,
        "is_active": true,
        "in_period": false,
        "requested_geography": "downtown",
        "in_requested_geography": true,
        "spatial_qa": "point_in_polygon_tested",
        "metric_roles": "active_inventory",
        "source_page": "https://data.edmonton.ca/d/2ccn-pwtu",
        "retrieved_at_utc": "2026-07-17T18:30:45.175912+00:00",
        "metric_membership": "active"
      }
    },
    {
      "type": "Feature",
      "id": "active_development_permits:656885801-002",
      "geometry": {
        "type": "Point",
        "coordinates": [
          -113.52182710097712,
          53.54402396436047
        ]
      },
      "properties": {
        "city": "Edmonton",
        "dtuid": "835110611",
        "feed": "active_development_permits",
        "source_record_id": "656885801-002",
        "status": "In Progress",
        "permit_type": "Major Development Permit",
        "permit_class": "Not Available",
        "work_type": null,
        "description": "To convert three storage units into Dwellings in an existing Multi-unit Housing building.",
        "address": "108, 10250 - 116 STREET NW",
        "applied_date": null,
        "issued_date": null,
        "completed_date": null,
        "period_date": null,
        "longitude": -113.52182710097712,
        "latitude": 53.54402396436047,
        "units_created": null,
        "units_lost": null,
        "net_units": null,
        "is_residential": true,
        "is_active": true,
        "in_period": false,
        "requested_geography": "downtown",
        "in_requested_geography": true,
        "spatial_qa": "point_in_polygon_tested",
        "metric_roles": "active_inventory",
        "source_page": "https://data.edmonton.ca/d/2ccn-pwtu",
        "retrieved_at_utc": "2026-07-17T18:30:45.175912+00:00",
        "metric_membership": "active"
      }
    },
    {
      "type": "Feature",
      "id": "active_development_permits:658445522-002",
      "geometry": {
        "type": "Point",
        "coordinates": [
          -113.52078225771567,
          53.555403354242934
        ]
      },
      "properties": {
        "city": "Edmonton",
        "dtuid": "835110611",
        "feed": "active_development_permits",
        "source_record_id": "658445522-002",
        "status": "In Progress",
        "permit_type": "Minor Development Permit",
        "permit_class": null,
        "work_type": null,
        "description": "To construct a Residential Use building in the form of a Row House up to 4 dwellings with an unenclosed front porch.",
        "address": "10919 - 116 STREET NW",
        "applied_date": null,
        "issued_date": null,
        "completed_date": null,
        "period_date": null,
        "longitude": -113.52078225771567,
        "latitude": 53.555403354242934,
        "units_created": null,
        "units_lost": null,
        "net_units": null,
        "is_residential": true,
        "is_active": true,
        "in_period": false,
        "requested_geography": "downtown",
        "in_requested_geography": true,
        "spatial_qa": "point_in_polygon_tested",
        "metric_roles": "active_inventory",
        "source_page": "https://data.edmonton.ca/d/2ccn-pwtu",
        "retrieved_at_utc": "2026-07-17T18:30:45.175912+00:00",
        "metric_membership": "active"
      }
    },
    {
      "type": "Feature",
      "id": "active_development_permits:658445928-002",
      "geometry": {
        "type": "Point",
        "coordinates": [
          -113.52078220414512,
          53.555248825364494
        ]
      },
      "properties": {
        "city": "Edmonton",
        "dtuid": "835110611",
        "feed": "active_development_permits",
        "source_record_id": "658445928-002",
        "status": "In Progress",
        "permit_type": "Minor Development Permit",
        "permit_class": null,
        "work_type": null,
        "description": "To construct a Residential Use building in the form of a Row House up to 4 dwellings with an unenclosed front porch.",
        "address": "10915 - 116 STREET NW",
        "applied_date": null,
        "issued_date": null,
        "completed_date": null,
        "period_date": null,
        "longitude": -113.52078220414512,
        "latitude": 53.555248825364494,
        "units_created": null,
        "units_lost": null,
        "net_units": null,
        "is_residential": true,
        "is_active": true,
        "in_period": false,
        "requested_geography": "downtown",
        "in_requested_geography": true,
        "spatial_qa": "point_in_polygon_tested",
        "metric_roles": "active_inventory",
        "source_page": "https://data.edmonton.ca/d/2ccn-pwtu",
        "retrieved_at_utc": "2026-07-17T18:30:45.175912+00:00",
        "metric_membership": "active"
      }
    },
    {
      "type": "Feature",
      "id": "active_development_permits:658629881-002",
      "geometry": {
        "type": "Point",
        "coordinates": [
          -113.5199992285886,
          53.5504081825769
        ]
      },
      "properties": {
        "city": "Edmonton",
        "dtuid": "835110611",
        "feed": "active_development_permits",
        "source_record_id": "658629881-002",
        "status": "In Progress",
        "permit_type": "Major Development Permit",
        "permit_class": "Not Available",
        "work_type": null,
        "description": "To construct a Residential Use development in the form of Cluster Housing with a total of 12 Dwellings (two 6 Dwelling Multi-unit Houses).",
        "address": "10618 - 115 STREET NW",
        "applied_date": null,
        "issued_date": null,
        "completed_date": null,
        "period_date": null,
        "longitude": -113.5199992285886,
        "latitude": 53.5504081825769,
        "units_created": null,
        "units_lost": null,
        "net_units": null,
        "is_residential": true,
        "is_active": true,
        "in_period": false,
        "requested_geography": "downtown",
        "in_requested_geography": true,
        "spatial_qa": "point_in_polygon_tested",
        "metric_roles": "active_inventory",
        "source_page": "https://data.edmonton.ca/d/2ccn-pwtu",
        "retrieved_at_utc": "2026-07-17T18:30:45.175912+00:00",
        "metric_membership": "active"
      }
    },
    {
      "type": "Feature",
      "id": "active_development_permits:658647508-002",
      "geometry": {
        "type": "Point",
        "coordinates": [
          -113.51158594504102,
          53.553313430199644
        ]
      },
      "properties": {
        "city": "Edmonton",
        "dtuid": "835110611",
        "feed": "active_development_permits",
        "source_record_id": "658647508-002",
        "status": "In Progress",
        "permit_type": "Major Development Permit",
        "permit_class": "Not Available",
        "work_type": null,
        "description": "To construct a Residential Use development in the form of Cluster Housing with a total of 12 Dwellings (two 6 Dwelling Multi-unit Houses).",
        "address": "10811 - 111 STREET NW",
        "applied_date": null,
        "issued_date": null,
        "completed_date": null,
        "period_date": null,
        "longitude": -113.51158594504102,
        "latitude": 53.553313430199644,
        "units_created": null,
        "units_lost": null,
        "net_units": null,
        "is_residential": true,
        "is_active": true,
        "in_period": false,
        "requested_geography": "downtown",
        "in_requested_geography": true,
        "spatial_qa": "point_in_polygon_tested",
        "metric_roles": "active_inventory",
        "source_page": "https://data.edmonton.ca/d/2ccn-pwtu",
        "retrieved_at_utc": "2026-07-17T18:30:45.175912+00:00",
        "metric_membership": "active"
      }
    },
    {
      "type": "Feature",
      "id": "active_development_permits:658940118-002",
      "geometry": {
        "type": "Point",
        "coordinates": [
          -113.48876946283431,
          53.553276006586806
        ]
      },
      "properties": {
        "city": "Edmonton",
        "dtuid": "835110611",
        "feed": "active_development_permits",
        "source_record_id": "658940118-002",
        "status": "In Progress",
        "permit_type": "Major Development Permit",
        "permit_class": "Not Available",
        "work_type": null,
        "description": "To add 4 Dwellings to an existing Residential Use building in the form of a Multi-unit Housing and to construct interior alterations. (Total 8 Dwellings)",
        "address": "BSMT4, 9638 - 107A AVENUE NW",
        "applied_date": null,
        "issued_date": null,
        "completed_date": null,
        "period_date": null,
        "longitude": -113.48876946283431,
        "latitude": 53.553276006586806,
        "units_created": null,
        "units_lost": null,
        "net_units": null,
        "is_residential": true,
        "is_active": true,
        "in_period": false,
        "requested_geography": "downtown",
        "in_requested_geography": true,
        "spatial_qa": "point_in_polygon_tested",
        "metric_roles": "active_inventory",
        "source_page": "https://data.edmonton.ca/d/2ccn-pwtu",
        "retrieved_at_utc": "2026-07-17T18:30:45.175912+00:00",
        "metric_membership": "active"
      }
    },
    {
      "type": "Feature",
      "id": "active_development_permits:659489715-002",
      "geometry": {
        "type": "Point",
        "coordinates": [
          -113.49058737165791,
          53.55310877103628
        ]
      },
      "properties": {
        "city": "Edmonton",
        "dtuid": "835110611",
        "feed": "active_development_permits",
        "source_record_id": "659489715-002",
        "status": "In Progress",
        "permit_type": "Major Development Permit",
        "permit_class": "Not Available",
        "work_type": null,
        "description": "To construct exterior alterations to the Site (amendment to landscaping plan). reference #092591720-001, Apartment Hotel (68 Dwellings) with main floor General Retail (addition to the Grand Manor building).",
        "address": "10766 - 97 STREET NW",
        "applied_date": null,
        "issued_date": null,
        "completed_date": null,
        "period_date": null,
        "longitude": -113.49058737165791,
        "latitude": 53.55310877103628,
        "units_created": null,
        "units_lost": null,
        "net_units": null,
        "is_residential": true,
        "is_active": true,
        "in_period": false,
        "requested_geography": "downtown",
        "in_requested_geography": true,
        "spatial_qa": "point_in_polygon_tested",
        "metric_roles": "active_inventory",
        "source_page": "https://data.edmonton.ca/d/2ccn-pwtu",
        "retrieved_at_utc": "2026-07-17T18:30:45.175912+00:00",
        "metric_membership": "active"
      }
    },
    {
      "type": "Feature",
      "id": "active_development_permits:659556473-002",
      "geometry": {
        "type": "Point",
        "coordinates": [
          -113.50606327811981,
          53.53998534386854
        ]
      },
      "properties": {
        "city": "Edmonton",
        "dtuid": "835110611",
        "feed": "active_development_permits",
        "source_record_id": "659556473-002",
        "status": "In Progress",
        "permit_type": "Major Development Permit",
        "permit_class": "Not Available",
        "work_type": null,
        "description": "To construct exterior alterations to Residential (Multi-unit Housing) and Indoor Sales and Service building (outdoor amenity area, addition of concrete curb, planters, privacy fencing, and gates).",
        "address": "10043 - 108 STREET NW",
        "applied_date": null,
        "issued_date": null,
        "completed_date": null,
        "period_date": null,
        "longitude": -113.50606327811981,
        "latitude": 53.53998534386854,
        "units_created": null,
        "units_lost": null,
        "net_units": null,
        "is_residential": true,
        "is_active": true,
        "in_period": false,
        "requested_geography": "downtown",
        "in_requested_geography": true,
        "spatial_qa": "point_in_polygon_tested",
        "metric_roles": "active_inventory",
        "source_page": "https://data.edmonton.ca/d/2ccn-pwtu",
        "retrieved_at_utc": "2026-07-17T18:30:45.175912+00:00",
        "metric_membership": "active"
      }
    },
    {
      "type": "Feature",
      "id": "active_development_permits:659612421-002",
      "geometry": {
        "type": "Point",
        "coordinates": [
          -113.47850060026201,
          53.549435673343
        ]
      },
      "properties": {
        "city": "Edmonton",
        "dtuid": "835110611",
        "feed": "active_development_permits",
        "source_record_id": "659612421-002",
        "status": "In Progress",
        "permit_type": "Major Development Permit",
        "permit_class": "Not Available",
        "work_type": null,
        "description": "To construct a Residential Use building in the form of a 12 Dwelling Multi-unit Housing building.",
        "address": "9318 - 104 AVENUE NW",
        "applied_date": null,
        "issued_date": null,
        "completed_date": null,
        "period_date": null,
        "longitude": -113.47850060026201,
        "latitude": 53.549435673343,
        "units_created": null,
        "units_lost": null,
        "net_units": null,
        "is_residential": true,
        "is_active": true,
        "in_period": false,
        "requested_geography": "downtown",
        "in_requested_geography": true,
        "spatial_qa": "point_in_polygon_tested",
        "metric_roles": "active_inventory",
        "source_page": "https://data.edmonton.ca/d/2ccn-pwtu",
        "retrieved_at_utc": "2026-07-17T18:30:45.175912+00:00",
        "metric_membership": "active"
      }
    },
    {
      "type": "Feature",
      "id": "active_development_permits:659900298-002",
      "geometry": {
        "type": "Point",
        "coordinates": [
          -113.5023826,
          53.542559032
        ]
      },
      "properties": {
        "city": "Edmonton",
        "dtuid": "835110611",
        "feed": "active_development_permits",
        "source_record_id": "659900298-002",
        "status": "In Progress",
        "permit_type": "Major Development Permit",
        "permit_class": "Not Available",
        "work_type": null,
        "description": "To construct a seven-storey mixed-use building with two levels underground parkade, main floor Commercial Uses  (CRU 1- Food and Drink Service, CRU 2 to 6 Minor Indoor Entertainment), 2nd floor to 7th floor Residential Uses with 276 residential units (150 student housing units under the Downtown Student Housing Incentive and 126 market rental units) and a shared Outdoor Amenity patio located on 2nd floor and solar panels on the 7th floor roof top (Warehouse Block).",
        "address": "10169 - 106 STREET NW",
        "applied_date": null,
        "issued_date": null,
        "completed_date": null,
        "period_date": null,
        "longitude": -113.5023826,
        "latitude": 53.542559032,
        "units_created": null,
        "units_lost": null,
        "net_units": null,
        "is_residential": true,
        "is_active": true,
        "in_period": false,
        "requested_geography": "downtown",
        "in_requested_geography": true,
        "spatial_qa": "point_in_polygon_tested",
        "metric_roles": "active_inventory",
        "source_page": "https://data.edmonton.ca/d/2ccn-pwtu",
        "retrieved_at_utc": "2026-07-17T18:30:45.175912+00:00",
        "metric_membership": "active"
      }
    },
    {
      "type": "Feature",
      "id": "active_development_permits:659900298-006",
      "geometry": {
        "type": "Point",
        "coordinates": [
          -113.5023826,
          53.542559032
        ]
      },
      "properties": {
        "city": "Edmonton",
        "dtuid": "835110611",
        "feed": "active_development_permits",
        "source_record_id": "659900298-006",
        "status": "In Progress",
        "permit_type": "Sign Permit",
        "permit_class": "Not Available",
        "work_type": null,
        "description": "To establish a Comprehensive Sign Design Plan for (WAREHOUSE BLOCK).",
        "address": "10169 - 106 STREET NW",
        "applied_date": null,
        "issued_date": null,
        "completed_date": null,
        "period_date": null,
        "longitude": -113.5023826,
        "latitude": 53.542559032,
        "units_created": null,
        "units_lost": null,
        "net_units": null,
        "is_residential": true,
        "is_active": true,
        "in_period": false,
        "requested_geography": "downtown",
        "in_requested_geography": true,
        "spatial_qa": "point_in_polygon_tested",
        "metric_roles": "active_inventory",
        "source_page": "https://data.edmonton.ca/d/2ccn-pwtu",
        "retrieved_at_utc": "2026-07-17T18:30:45.175912+00:00",
        "metric_membership": "active"
      }
    },
    {
      "type": "Feature",
      "id": "active_development_permits:660875144-002",
      "geometry": {
        "type": "Point",
        "coordinates": [
          -113.48257612536521,
          53.546807157200284
        ]
      },
      "properties": {
        "city": "Edmonton",
        "dtuid": "835110611",
        "feed": "active_development_permits",
        "source_record_id": "660875144-002",
        "status": "In Progress",
        "permit_type": "Major Development Permit",
        "permit_class": "Not Available",
        "work_type": null,
        "description": "To construct a Residential building (Supportive Housing with 59 Sleeping Units), with a main floor Health Service Use and an underground parkade.",
        "address": "9560 - 103 AVENUE NW",
        "applied_date": null,
        "issued_date": null,
        "completed_date": null,
        "period_date": null,
        "longitude": -113.48257612536521,
        "latitude": 53.546807157200284,
        "units_created": null,
        "units_lost": null,
        "net_units": null,
        "is_residential": true,
        "is_active": true,
        "in_period": false,
        "requested_geography": "downtown",
        "in_requested_geography": true,
        "spatial_qa": "point_in_polygon_tested",
        "metric_roles": "active_inventory",
        "source_page": "https://data.edmonton.ca/d/2ccn-pwtu",
        "retrieved_at_utc": "2026-07-17T18:30:45.175912+00:00",
        "metric_membership": "active"
      }
    },
    {
      "type": "Feature",
      "id": "active_development_permits:661101068-002",
      "geometry": {
        "type": "Point",
        "coordinates": [
          -113.52184514288783,
          53.557525372102205
        ]
      },
      "properties": {
        "city": "Edmonton",
        "dtuid": "835110611",
        "feed": "active_development_permits",
        "source_record_id": "661101068-002",
        "status": "In Progress",
        "permit_type": "Major Development Permit",
        "permit_class": "Not Available",
        "work_type": null,
        "description": "Construction of (a) new building(s) of Residential Building, Multi-unit Housing (1 building(s)), 8 Dwelling(s)",
        "address": "11603 - 110A AVENUE NW",
        "applied_date": null,
        "issued_date": null,
        "completed_date": null,
        "period_date": null,
        "longitude": -113.52184514288783,
        "latitude": 53.557525372102205,
        "units_created": null,
        "units_lost": null,
        "net_units": null,
        "is_residential": true,
        "is_active": true,
        "in_period": false,
        "requested_geography": "downtown",
        "in_requested_geography": true,
        "spatial_qa": "point_in_polygon_tested",
        "metric_roles": "active_inventory",
        "source_page": "https://data.edmonton.ca/d/2ccn-pwtu",
        "retrieved_at_utc": "2026-07-17T18:30:45.175912+00:00",
        "metric_membership": "active"
      }
    },
    {
      "type": "Feature",
      "id": "active_development_permits:662226023-002",
      "geometry": {
        "type": "Point",
        "coordinates": [
          -113.48538747615724,
          53.5579422811379
        ]
      },
      "properties": {
        "city": "Edmonton",
        "dtuid": "835110611",
        "feed": "active_development_permits",
        "source_record_id": "662226023-002",
        "status": "In Progress",
        "permit_type": "Minor Development Permit",
        "permit_class": null,
        "work_type": null,
        "description": "To construct a Residential Use building in the form of a Semi-Detached House with unenclosed front porches, rear uncovered decks and Secondary Suites in the basements.",
        "address": "10967 - 95 STREET NW",
        "applied_date": null,
        "issued_date": null,
        "completed_date": null,
        "period_date": null,
        "longitude": -113.48538747615724,
        "latitude": 53.5579422811379,
        "units_created": null,
        "units_lost": null,
        "net_units": null,
        "is_residential": true,
        "is_active": true,
        "in_period": false,
        "requested_geography": "downtown",
        "in_requested_geography": true,
        "spatial_qa": "point_in_polygon_tested",
        "metric_roles": "active_inventory",
        "source_page": "https://data.edmonton.ca/d/2ccn-pwtu",
        "retrieved_at_utc": "2026-07-17T18:30:45.175912+00:00",
        "metric_membership": "active"
      }
    },
    {
      "type": "Feature",
      "id": "active_development_permits:662852317-002",
      "geometry": {
        "type": "Point",
        "coordinates": [
          -113.51158583639616,
          53.553861873714744
        ]
      },
      "properties": {
        "city": "Edmonton",
        "dtuid": "835110611",
        "feed": "active_development_permits",
        "source_record_id": "662852317-002",
        "status": "In Progress",
        "permit_type": "Major Development Permit",
        "permit_class": "Not Available",
        "work_type": null,
        "description": "To construct a Residential Use building in the form of Cluster Housing with a total of 16 Dwellings (2 buildings of 4 Dwelling Row House with 4 Secondary Suites).",
        "address": "10827 - 111 STREET NW",
        "applied_date": null,
        "issued_date": null,
        "completed_date": null,
        "period_date": null,
        "longitude": -113.51158583639616,
        "latitude": 53.553861873714744,
        "units_created": null,
        "units_lost": null,
        "net_units": null,
        "is_residential": true,
        "is_active": true,
        "in_period": false,
        "requested_geography": "downtown",
        "in_requested_geography": true,
        "spatial_qa": "point_in_polygon_tested",
        "metric_roles": "active_inventory",
        "source_page": "https://data.edmonton.ca/d/2ccn-pwtu",
        "retrieved_at_utc": "2026-07-17T18:30:45.175912+00:00",
        "metric_membership": "active"
      }
    },
    {
      "type": "Feature",
      "id": "active_development_permits:663447782-002",
      "geometry": {
        "type": "Point",
        "coordinates": [
          -113.50160825198779,
          53.536591117571184
        ]
      },
      "properties": {
        "city": "Edmonton",
        "dtuid": "835110611",
        "feed": "active_development_permits",
        "source_record_id": "663447782-002",
        "status": "In Progress",
        "permit_type": "Major Development Permit",
        "permit_class": "Not Available",
        "work_type": null,
        "description": "To construct exterior alterations (expanding the main floor), interior alterations, and to add a Dwelling to an existing Multi-unit House.\t\t\t\t\t\n\nExterior Alteration, Change of Use / Interior Alterations\nConstruction of new 1-Bedroom Unit on the ground floor within the existing footprint of the building.",
        "address": "9830 - 105 STREET NW",
        "applied_date": null,
        "issued_date": null,
        "completed_date": null,
        "period_date": null,
        "longitude": -113.50160825198779,
        "latitude": 53.536591117571184,
        "units_created": null,
        "units_lost": null,
        "net_units": null,
        "is_residential": true,
        "is_active": true,
        "in_period": false,
        "requested_geography": "downtown",
        "in_requested_geography": true,
        "spatial_qa": "point_in_polygon_tested",
        "metric_roles": "active_inventory",
        "source_page": "https://data.edmonton.ca/d/2ccn-pwtu",
        "retrieved_at_utc": "2026-07-17T18:30:45.175912+00:00",
        "metric_membership": "active"
      }
    },
    {
      "type": "Feature",
      "id": "active_development_permits:663682713-002",
      "geometry": {
        "type": "Point",
        "coordinates": [
          -113.51080284728036,
          53.554133971219336
        ]
      },
      "properties": {
        "city": "Edmonton",
        "dtuid": "835110611",
        "feed": "active_development_permits",
        "source_record_id": "663682713-002",
        "status": "In Progress",
        "permit_type": "Major Development Permit",
        "permit_class": "Not Available",
        "work_type": null,
        "description": "To construct a Residential Use building in the form of 2 Multi-unit Housings (6 Dwellings each for a total of 12 Dwellings) and to demolish the existing single detached house and detached garage.",
        "address": "10838 - 110 STREET NW",
        "applied_date": null,
        "issued_date": null,
        "completed_date": null,
        "period_date": null,
        "longitude": -113.51080284728036,
        "latitude": 53.554133971219336,
        "units_created": null,
        "units_lost": null,
        "net_units": null,
        "is_residential": true,
        "is_active": true,
        "in_period": false,
        "requested_geography": "downtown",
        "in_requested_geography": true,
        "spatial_qa": "point_in_polygon_tested",
        "metric_roles": "active_inventory",
        "source_page": "https://data.edmonton.ca/d/2ccn-pwtu",
        "retrieved_at_utc": "2026-07-17T18:30:45.175912+00:00",
        "metric_membership": "active"
      }
    },
    {
      "type": "Feature",
      "id": "general_building_permits:1-401943877",
      "geometry": {
        "type": "Point",
        "coordinates": [
          -113.48608011145431,
          53.5576498663156
        ]
      },
      "properties": {
        "city": "Edmonton",
        "dtuid": "835110611",
        "feed": "general_building_permits",
        "source_record_id": "1-401943877",
        "status": null,
        "permit_type": "Home Improvement",
        "permit_class": "Detached Garage (010)",
        "work_type": null,
        "description": "To construct an Accessory structure (carport with roof, 3.66m x 7.01m) and to construct interior alterations to an Accessory building (Detached Garage development into hobby space, NOT to be used as a dwelling or small business), existing without permits.",
        "address": "10954 - 95 STREET NW",
        "applied_date": null,
        "issued_date": "2026-02-17T00:00:00.000",
        "completed_date": null,
        "period_date": "2026-02-17T00:00:00.000",
        "longitude": -113.48608011145431,
        "latitude": 53.5576498663156,
        "units_created": null,
        "units_lost": null,
        "net_units": null,
        "is_residential": true,
        "is_active": false,
        "in_period": true,
        "requested_geography": "downtown",
        "in_requested_geography": true,
        "spatial_qa": "point_in_polygon_tested",
        "metric_roles": "period_flow",
        "source_page": "https://data.edmonton.ca/d/24uj-dj8v",
        "retrieved_at_utc": "2026-07-17T18:30:45.175912+00:00",
        "metric_membership": "period"
      }
    },
    {
      "type": "Feature",
      "id": "general_building_permits:1-600395073",
      "geometry": {
        "type": "Point",
        "coordinates": [
          -113.51427997018847,
          53.53750248321857
        ]
      },
      "properties": {
        "city": "Edmonton",
        "dtuid": "835110611",
        "feed": "general_building_permits",
        "source_record_id": "1-600395073",
        "status": null,
        "permit_type": "Home Improvement",
        "permit_class": "Semi-Detached House (210)",
        "work_type": null,
        "description": "To demolish a Residential Use building (Semi-Detached House and detached Garage).",
        "address": "11202 - 99 AVENUE NW",
        "applied_date": null,
        "issued_date": "2026-01-22T00:00:00.000",
        "completed_date": null,
        "period_date": "2026-01-22T00:00:00.000",
        "longitude": -113.51427997018847,
        "latitude": 53.53750248321857,
        "units_created": null,
        "units_lost": null,
        "net_units": null,
        "is_residential": true,
        "is_active": false,
        "in_period": true,
        "requested_geography": "downtown",
        "in_requested_geography": true,
        "spatial_qa": "point_in_polygon_tested",
        "metric_roles": "period_flow",
        "source_page": "https://data.edmonton.ca/d/24uj-dj8v",
        "retrieved_at_utc": "2026-07-17T18:30:45.175912+00:00",
        "metric_membership": "period"
      }
    },
    {
      "type": "Feature",
      "id": "general_building_permits:1-602989485",
      "geometry": {
        "type": "Point",
        "coordinates": [
          -113.49183367730947,
          53.55671360731655
        ]
      },
      "properties": {
        "city": "Edmonton",
        "dtuid": "835110611",
        "feed": "general_building_permits",
        "source_record_id": "1-602989485",
        "status": null,
        "permit_type": "Commercial Final",
        "permit_class": "Apartments (310)",
        "work_type": "(11) Remove Suite(s)",
        "description": "To construct interior alterations (fire/flood restoration) to an existing 10 unit apartment.  Removing all interior finishings down to the wood framing throughout from walls & ceilings & reinstalling.  And reducing the number of suites from 10 to 9.",
        "address": "1, 10948 - 97 STREET NW",
        "applied_date": null,
        "issued_date": "2026-05-22T00:00:00.000",
        "completed_date": null,
        "period_date": "2026-05-22T00:00:00.000",
        "longitude": -113.49183367730947,
        "latitude": 53.55671360731655,
        "units_created": null,
        "units_lost": null,
        "net_units": -1.0,
        "is_residential": true,
        "is_active": false,
        "in_period": true,
        "requested_geography": "downtown",
        "in_requested_geography": true,
        "spatial_qa": "point_in_polygon_tested",
        "metric_roles": "period_flow",
        "source_page": "https://data.edmonton.ca/d/24uj-dj8v",
        "retrieved_at_utc": "2026-07-17T18:30:45.175912+00:00",
        "metric_membership": "period"
      }
    },
    {
      "type": "Feature",
      "id": "general_building_permits:1-603430483",
      "geometry": {
        "type": "Point",
        "coordinates": [
          -113.4912556869067,
          53.53993619302606
        ]
      },
      "properties": {
        "city": "Edmonton",
        "dtuid": "835110611",
        "feed": "general_building_permits",
        "source_record_id": "1-603430483",
        "status": null,
        "permit_type": "Commercial Final",
        "permit_class": "Office Buildings (520)",
        "work_type": "(03) Interior Alterations",
        "description": "To construct Interior Alterations to an existing office building.  \"Telus House\" 13th Floor ATB Place",
        "address": "13FL, 10020 - 100 STREET NW",
        "applied_date": null,
        "issued_date": "2026-03-17T00:00:00.000",
        "completed_date": null,
        "period_date": "2026-03-17T00:00:00.000",
        "longitude": -113.4912556869067,
        "latitude": 53.53993619302606,
        "units_created": null,
        "units_lost": null,
        "net_units": 0.0,
        "is_residential": true,
        "is_active": false,
        "in_period": true,
        "requested_geography": "downtown",
        "in_requested_geography": true,
        "spatial_qa": "point_in_polygon_tested",
        "metric_roles": "period_flow",
        "source_page": "https://data.edmonton.ca/d/24uj-dj8v",
        "retrieved_at_utc": "2026-07-17T18:30:45.175912+00:00",
        "metric_membership": "period"
      }
    },
    {
      "type": "Feature",
      "id": "general_building_permits:1-629214124",
      "geometry": {
        "type": "Point",
        "coordinates": [
          -113.53018266612536,
          53.54602308349794
        ]
      },
      "properties": {
        "city": "Edmonton",
        "dtuid": "835110611",
        "feed": "general_building_permits",
        "source_record_id": "1-629214124",
        "status": null,
        "permit_type": "Commercial Final",
        "permit_class": "Apartments (310)",
        "work_type": "(08) Add Suites to Multi-Dwelling",
        "description": "To construct Interior Alterations (adding a new suite (Suite 11 )) to an existing apartment building  ”Twinson”",
        "address": "11, 12045 - 104 AVENUE NW",
        "applied_date": null,
        "issued_date": "2026-04-10T00:00:00.000",
        "completed_date": null,
        "period_date": "2026-04-10T00:00:00.000",
        "longitude": -113.53018266612536,
        "latitude": 53.54602308349794,
        "units_created": null,
        "units_lost": null,
        "net_units": 1.0,
        "is_residential": true,
        "is_active": false,
        "in_period": true,
        "requested_geography": "downtown",
        "in_requested_geography": true,
        "spatial_qa": "point_in_polygon_tested",
        "metric_roles": "period_flow",
        "source_page": "https://data.edmonton.ca/d/24uj-dj8v",
        "retrieved_at_utc": "2026-07-17T18:30:45.175912+00:00",
        "metric_membership": "period"
      }
    },
    {
      "type": "Feature",
      "id": "general_building_permits:1-631099407",
      "geometry": {
        "type": "Point",
        "coordinates": [
          -113.5189320804612,
          53.54326727201144
        ]
      },
      "properties": {
        "city": "Edmonton",
        "dtuid": "835110611",
        "feed": "general_building_permits",
        "source_record_id": "1-631099407",
        "status": null,
        "permit_type": "Commercial Final",
        "permit_class": "Apartments (310)",
        "work_type": "(08) Add Suites to Multi-Dwelling",
        "description": "To add one (1) Dwelling to an existing Residential Use building in the form of Multi-unit Housing (total 21 Dwellings) and to construct interior alterations.",
        "address": "4A, 10207 - 115 STREET NW",
        "applied_date": null,
        "issued_date": "2026-05-14T00:00:00.000",
        "completed_date": null,
        "period_date": "2026-05-14T00:00:00.000",
        "longitude": -113.5189320804612,
        "latitude": 53.54326727201144,
        "units_created": null,
        "units_lost": null,
        "net_units": 1.0,
        "is_residential": true,
        "is_active": false,
        "in_period": true,
        "requested_geography": "downtown",
        "in_requested_geography": true,
        "spatial_qa": "point_in_polygon_tested",
        "metric_roles": "period_flow",
        "source_page": "https://data.edmonton.ca/d/24uj-dj8v",
        "retrieved_at_utc": "2026-07-17T18:30:45.175912+00:00",
        "metric_membership": "period"
      }
    },
    {
      "type": "Feature",
      "id": "general_building_permits:1-632716418",
      "geometry": {
        "type": "Point",
        "coordinates": [
          -113.49792700326365,
          53.55182802189665
        ]
      },
      "properties": {
        "city": "Edmonton",
        "dtuid": "835110611",
        "feed": "general_building_permits",
        "source_record_id": "1-632716418",
        "status": null,
        "permit_type": "Commercial Final",
        "permit_class": "Other Accommodation (534)",
        "work_type": "(10) Convert Residential to Non-Res",
        "description": "To change the use a single detached house to a Lodging/Boarding House (6 sleeping units) and to construct an addition (second story) EXISTING WITHOUT PERMITS.",
        "address": "10712 - 103 STREET NW",
        "applied_date": null,
        "issued_date": "2026-05-27T00:00:00.000",
        "completed_date": null,
        "period_date": "2026-05-27T00:00:00.000",
        "longitude": -113.49792700326365,
        "latitude": 53.55182802189665,
        "units_created": null,
        "units_lost": null,
        "net_units": -1.0,
        "is_residential": true,
        "is_active": false,
        "in_period": true,
        "requested_geography": "downtown",
        "in_requested_geography": true,
        "spatial_qa": "point_in_polygon_tested",
        "metric_roles": "period_flow",
        "source_page": "https://data.edmonton.ca/d/24uj-dj8v",
        "retrieved_at_utc": "2026-07-17T18:30:45.175912+00:00",
        "metric_membership": "period"
      }
    },
    {
      "type": "Feature",
      "id": "general_building_permits:1-632793919",
      "geometry": {
        "type": "Point",
        "coordinates": [
          -113.46812282950567,
          53.54536964133186
        ]
      },
      "properties": {
        "city": "Edmonton",
        "dtuid": "835110611",
        "feed": "general_building_permits",
        "source_record_id": "1-632793919",
        "status": null,
        "permit_type": "Home Improvement",
        "permit_class": "Semi-Detached House (210)",
        "work_type": null,
        "description": "To construct a front uncovered deck (3.40m x 3.05m @ 1.62m in Height).",
        "address": "10158 - 88 STREET NW",
        "applied_date": null,
        "issued_date": "2026-02-04T00:00:00.000",
        "completed_date": null,
        "period_date": "2026-02-04T00:00:00.000",
        "longitude": -113.46812282950567,
        "latitude": 53.54536964133186,
        "units_created": null,
        "units_lost": null,
        "net_units": null,
        "is_residential": true,
        "is_active": false,
        "in_period": true,
        "requested_geography": "downtown",
        "in_requested_geography": true,
        "spatial_qa": "point_in_polygon_tested",
        "metric_roles": "period_flow",
        "source_page": "https://data.edmonton.ca/d/24uj-dj8v",
        "retrieved_at_utc": "2026-07-17T18:30:45.175912+00:00",
        "metric_membership": "period"
      }
    },
    {
      "type": "Feature",
      "id": "general_building_permits:1-632813606",
      "geometry": {
        "type": "Point",
        "coordinates": [
          -113.46760396589342,
          53.544561767353905
        ]
      },
      "properties": {
        "city": "Edmonton",
        "dtuid": "835110611",
        "feed": "general_building_permits",
        "source_record_id": "1-632813606",
        "status": null,
        "permit_type": "Home Improvement",
        "permit_class": "Semi-Detached House (210)",
        "work_type": null,
        "description": "To construct a front uncovered deck (3.7m x 3.5m @ 1.8m in Height).",
        "address": "10134 - 88 STREET NW",
        "applied_date": null,
        "issued_date": "2026-01-16T00:00:00.000",
        "completed_date": null,
        "period_date": "2026-01-16T00:00:00.000",
        "longitude": -113.46760396589342,
        "latitude": 53.544561767353905,
        "units_created": null,
        "units_lost": null,
        "net_units": null,
        "is_residential": true,
        "is_active": false,
        "in_period": true,
        "requested_geography": "downtown",
        "in_requested_geography": true,
        "spatial_qa": "point_in_polygon_tested",
        "metric_roles": "period_flow",
        "source_page": "https://data.edmonton.ca/d/24uj-dj8v",
        "retrieved_at_utc": "2026-07-17T18:30:45.175912+00:00",
        "metric_membership": "period"
      }
    },
    {
      "type": "Feature",
      "id": "general_building_permits:1-634164211",
      "geometry": {
        "type": "Point",
        "coordinates": [
          -113.47198491291557,
          53.547171583591854
        ]
      },
      "properties": {
        "city": "Edmonton",
        "dtuid": "835110611",
        "feed": "general_building_permits",
        "source_record_id": "1-634164211",
        "status": null,
        "permit_type": "Home Improvement",
        "permit_class": "Single Detached House (110)",
        "work_type": null,
        "description": "To construct an addition (main floor expansion) to a Residential Use building in the form of a Single Detached House.",
        "address": "10235 - 90 STREET NW",
        "applied_date": null,
        "issued_date": "2026-05-14T00:00:00.000",
        "completed_date": null,
        "period_date": "2026-05-14T00:00:00.000",
        "longitude": -113.47198491291557,
        "latitude": 53.547171583591854,
        "units_created": null,
        "units_lost": null,
        "net_units": null,
        "is_residential": true,
        "is_active": false,
        "in_period": true,
        "requested_geography": "downtown",
        "in_requested_geography": true,
        "spatial_qa": "point_in_polygon_tested",
        "metric_roles": "period_flow",
        "source_page": "https://data.edmonton.ca/d/24uj-dj8v",
        "retrieved_at_utc": "2026-07-17T18:30:45.175912+00:00",
        "metric_membership": "period"
      }
    },
    {
      "type": "Feature",
      "id": "general_building_permits:1-635126317",
      "geometry": {
        "type": "Point",
        "coordinates": [
          -113.47385034764955,
          53.55272346341137
        ]
      },
      "properties": {
        "city": "Edmonton",
        "dtuid": "835110611",
        "feed": "general_building_permits",
        "source_record_id": "1-635126317",
        "status": null,
        "permit_type": "Commercial Final",
        "permit_class": "Day Cares, Nursing Homes (650)",
        "work_type": "(03) Interior Alterations",
        "description": "To change the Use from an amenity area of Residential multi-unit housing (C) to a Child Care Service (A2), and construct interior to add a day care (129 children) and exterior alterations for an outdoor playground within a required setback area to the existing Boardwalk Centre South Tower. -- Techtots STEM Discovery Daycare & OSC --",
        "address": "104, 10531 - 90 STREET NW",
        "applied_date": null,
        "issued_date": "2026-01-27T00:00:00.000",
        "completed_date": null,
        "period_date": "2026-01-27T00:00:00.000",
        "longitude": -113.47385034764955,
        "latitude": 53.55272346341137,
        "units_created": null,
        "units_lost": null,
        "net_units": 0.0,
        "is_residential": true,
        "is_active": false,
        "in_period": true,
        "requested_geography": "downtown",
        "in_requested_geography": true,
        "spatial_qa": "point_in_polygon_tested",
        "metric_roles": "period_flow",
        "source_page": "https://data.edmonton.ca/d/24uj-dj8v",
        "retrieved_at_utc": "2026-07-17T18:30:45.175912+00:00",
        "metric_membership": "period"
      }
    },
    {
      "type": "Feature",
      "id": "general_building_permits:1-636507881",
      "geometry": {
        "type": "Point",
        "coordinates": [
          -113.53010037579728,
          53.54145676634294
        ]
      },
      "properties": {
        "city": "Edmonton",
        "dtuid": "835110611",
        "feed": "general_building_permits",
        "source_record_id": "1-636507881",
        "status": null,
        "permit_type": "Commercial Final",
        "permit_class": "Apartments (310)",
        "work_type": "(03) Interior Alterations",
        "description": "To construct Interior Alterations (suite interior refurbishment only) within an existing apartment building. \"Timber Creek Pinnacle, Unit 92 only\"",
        "address": "92, 10127 - 121 STREET NW",
        "applied_date": null,
        "issued_date": "2026-03-20T00:00:00.000",
        "completed_date": null,
        "period_date": "2026-03-20T00:00:00.000",
        "longitude": -113.53010037579728,
        "latitude": 53.54145676634294,
        "units_created": null,
        "units_lost": null,
        "net_units": 0.0,
        "is_residential": true,
        "is_active": false,
        "in_period": true,
        "requested_geography": "downtown",
        "in_requested_geography": true,
        "spatial_qa": "point_in_polygon_tested",
        "metric_roles": "period_flow",
        "source_page": "https://data.edmonton.ca/d/24uj-dj8v",
        "retrieved_at_utc": "2026-07-17T18:30:45.175912+00:00",
        "metric_membership": "period"
      }
    },
    {
      "type": "Feature",
      "id": "general_building_permits:1-637010774",
      "geometry": {
        "type": "Point",
        "coordinates": [
          -113.5110422443452,
          53.540604340767324
        ]
      },
      "properties": {
        "city": "Edmonton",
        "dtuid": "835110611",
        "feed": "general_building_permits",
        "source_record_id": "1-637010774",
        "status": null,
        "permit_type": "Commercial Final",
        "permit_class": "Mixed Use (522)",
        "work_type": "(03) Interior Alterations",
        "description": "To construct Interior Alterations (flood restoration) in an existing residential apartment building (Hardwood Plaza).",
        "address": "11025 - JASPER AVENUE NW",
        "applied_date": null,
        "issued_date": "2026-01-16T00:00:00.000",
        "completed_date": null,
        "period_date": "2026-01-16T00:00:00.000",
        "longitude": -113.5110422443452,
        "latitude": 53.540604340767324,
        "units_created": null,
        "units_lost": null,
        "net_units": 0.0,
        "is_residential": true,
        "is_active": false,
        "in_period": true,
        "requested_geography": "downtown",
        "in_requested_geography": true,
        "spatial_qa": "point_in_polygon_tested",
        "metric_roles": "period_flow",
        "source_page": "https://data.edmonton.ca/d/24uj-dj8v",
        "retrieved_at_utc": "2026-07-17T18:30:45.175912+00:00",
        "metric_membership": "period"
      }
    },
    {
      "type": "Feature",
      "id": "general_building_permits:1-637435828",
      "geometry": {
        "type": "Point",
        "coordinates": [
          -113.48673717001938,
          53.552553107423
        ]
      },
      "properties": {
        "city": "Edmonton",
        "dtuid": "835110611",
        "feed": "general_building_permits",
        "source_record_id": "1-637435828",
        "status": null,
        "permit_type": "Home Improvement",
        "permit_class": "Single Detached House (110)",
        "work_type": null,
        "description": "To construct interior alterations to a Residential Use building (renovation of existing Secondary Suite in the Basement).",
        "address": "10704 - 96 STREET NW",
        "applied_date": null,
        "issued_date": "2026-03-11T00:00:00.000",
        "completed_date": null,
        "period_date": "2026-03-11T00:00:00.000",
        "longitude": -113.48673717001938,
        "latitude": 53.552553107423,
        "units_created": null,
        "units_lost": null,
        "net_units": null,
        "is_residential": true,
        "is_active": false,
        "in_period": true,
        "requested_geography": "downtown",
        "in_requested_geography": true,
        "spatial_qa": "point_in_polygon_tested",
        "metric_roles": "period_flow",
        "source_page": "https://data.edmonton.ca/d/24uj-dj8v",
        "retrieved_at_utc": "2026-07-17T18:30:45.175912+00:00",
        "metric_membership": "period"
      }
    },
    {
      "type": "Feature",
      "id": "general_building_permits:1-638747656",
      "geometry": {
        "type": "Point",
        "coordinates": [
          -113.48943449633484,
          53.55598073856002
        ]
      },
      "properties": {
        "city": "Edmonton",
        "dtuid": "835110611",
        "feed": "general_building_permits",
        "source_record_id": "1-638747656",
        "status": null,
        "permit_type": "Home Improvement",
        "permit_class": null,
        "work_type": null,
        "description": "To demolish a Residential Use building (Single Detached House).",
        "address": "9628 - 109 AVENUE NW",
        "applied_date": null,
        "issued_date": "2026-02-11T00:00:00.000",
        "completed_date": null,
        "period_date": "2026-02-11T00:00:00.000",
        "longitude": -113.48943449633484,
        "latitude": 53.55598073856002,
        "units_created": null,
        "units_lost": null,
        "net_units": null,
        "is_residential": true,
        "is_active": false,
        "in_period": true,
        "requested_geography": "downtown",
        "in_requested_geography": true,
        "spatial_qa": "point_in_polygon_tested",
        "metric_roles": "period_flow",
        "source_page": "https://data.edmonton.ca/d/24uj-dj8v",
        "retrieved_at_utc": "2026-07-17T18:30:45.175912+00:00",
        "metric_membership": "period"
      }
    },
    {
      "type": "Feature",
      "id": "general_building_permits:1-638934611",
      "geometry": {
        "type": "Point",
        "coordinates": [
          -113.52632813808778,
          53.539984986079396
        ]
      },
      "properties": {
        "city": "Edmonton",
        "dtuid": "835110611",
        "feed": "general_building_permits",
        "source_record_id": "1-638934611",
        "status": null,
        "permit_type": "Commercial Final",
        "permit_class": "Apartment Condos (315)",
        "work_type": "(03) Interior Alterations",
        "description": "To construct Interior Alterations (renovating existing unit 204, adding a bedroom) in an existing residential condominium building.",
        "address": "204, 11826 - 100 AVENUE NW",
        "applied_date": null,
        "issued_date": "2026-02-17T00:00:00.000",
        "completed_date": null,
        "period_date": "2026-02-17T00:00:00.000",
        "longitude": -113.52632813808778,
        "latitude": 53.539984986079396,
        "units_created": null,
        "units_lost": null,
        "net_units": 0.0,
        "is_residential": true,
        "is_active": false,
        "in_period": true,
        "requested_geography": "downtown",
        "in_requested_geography": true,
        "spatial_qa": "point_in_polygon_tested",
        "metric_roles": "period_flow",
        "source_page": "https://data.edmonton.ca/d/24uj-dj8v",
        "retrieved_at_utc": "2026-07-17T18:30:45.175912+00:00",
        "metric_membership": "period"
      }
    },
    {
      "type": "Feature",
      "id": "general_building_permits:1-640484373",
      "geometry": {
        "type": "Point",
        "coordinates": [
          -113.48278610188224,
          53.555263411707195
        ]
      },
      "properties": {
        "city": "Edmonton",
        "dtuid": "835110611",
        "feed": "general_building_permits",
        "source_record_id": "1-640484373",
        "status": null,
        "permit_type": "Home Improvement",
        "permit_class": "Single Detached House (110)",
        "work_type": null,
        "description": "To construct an Accessory building (detached Garage, 4.3m x 6.5m).",
        "address": "9340 - 108 AVENUE NW",
        "applied_date": null,
        "issued_date": "2026-02-09T00:00:00.000",
        "completed_date": null,
        "period_date": "2026-02-09T00:00:00.000",
        "longitude": -113.48278610188224,
        "latitude": 53.555263411707195,
        "units_created": null,
        "units_lost": null,
        "net_units": null,
        "is_residential": true,
        "is_active": false,
        "in_period": true,
        "requested_geography": "downtown",
        "in_requested_geography": true,
        "spatial_qa": "point_in_polygon_tested",
        "metric_roles": "period_flow",
        "source_page": "https://data.edmonton.ca/d/24uj-dj8v",
        "retrieved_at_utc": "2026-07-17T18:30:45.175912+00:00",
        "metric_membership": "period"
      }
    },
    {
      "type": "Feature",
      "id": "general_building_permits:1-640725281",
      "geometry": {
        "type": "Point",
        "coordinates": [
          -113.50528344066646,
          53.54872606775155
        ]
      },
      "properties": {
        "city": "Edmonton",
        "dtuid": "835110611",
        "feed": "general_building_permits",
        "source_record_id": "1-640725281",
        "status": null,
        "permit_type": "Commercial Final",
        "permit_class": "Storage Buildings, Warehouses (460)",
        "work_type": "(03) Interior Alterations",
        "description": "To change the use (Group F2 to A2) and construct Interior Alterations (3 New RTU, commercial kitchen and full interior fit-up) to an existing industrial building - Ballad Capital Arts.",
        "address": "10560 - 107 STREET NW",
        "applied_date": null,
        "issued_date": "2026-03-10T00:00:00.000",
        "completed_date": null,
        "period_date": "2026-03-10T00:00:00.000",
        "longitude": -113.50528344066646,
        "latitude": 53.54872606775155,
        "units_created": null,
        "units_lost": null,
        "net_units": 0.0,
        "is_residential": true,
        "is_active": false,
        "in_period": true,
        "requested_geography": "downtown",
        "in_requested_geography": true,
        "spatial_qa": "point_in_polygon_tested",
        "metric_roles": "period_flow",
        "source_page": "https://data.edmonton.ca/d/24uj-dj8v",
        "retrieved_at_utc": "2026-07-17T18:30:45.175912+00:00",
        "metric_membership": "period"
      }
    },
    {
      "type": "Feature",
      "id": "general_building_permits:1-640917320",
      "geometry": {
        "type": "Point",
        "coordinates": [
          -113.48880030886258,
          53.55367328841025
        ]
      },
      "properties": {
        "city": "Edmonton",
        "dtuid": "835110611",
        "feed": "general_building_permits",
        "source_record_id": "1-640917320",
        "status": null,
        "permit_type": "Commercial Final",
        "permit_class": "Apartments (310)",
        "work_type": "(03) Interior Alterations",
        "description": "To construct Interior Alterations (upgrade fire alarm system in entire building) to an existing apartment building. ”St. Josaphat's Senior Home.”",
        "address": "9637 - 108 AVENUE NW",
        "applied_date": null,
        "issued_date": "2026-01-20T00:00:00.000",
        "completed_date": null,
        "period_date": "2026-01-20T00:00:00.000",
        "longitude": -113.48880030886258,
        "latitude": 53.55367328841025,
        "units_created": null,
        "units_lost": null,
        "net_units": 0.0,
        "is_residential": true,
        "is_active": false,
        "in_period": true,
        "requested_geography": "downtown",
        "in_requested_geography": true,
        "spatial_qa": "point_in_polygon_tested",
        "metric_roles": "period_flow",
        "source_page": "https://data.edmonton.ca/d/24uj-dj8v",
        "retrieved_at_utc": "2026-07-17T18:30:45.175912+00:00",
        "metric_membership": "period"
      }
    },
    {
      "type": "Feature",
      "id": "general_building_permits:1-641119861",
      "geometry": {
        "type": "Point",
        "coordinates": [
          -113.50787669614556,
          53.542222988864395
        ]
      },
      "properties": {
        "city": "Edmonton",
        "dtuid": "835110611",
        "feed": "general_building_permits",
        "source_record_id": "1-641119861",
        "status": null,
        "permit_type": "Commercial Final",
        "permit_class": "Mixed Use (522)",
        "work_type": "(03) Interior Alterations",
        "description": "To construct Interior Alterations (fire restoration) in a residential suite of an existing mixed-use building.",
        "address": "1408, 10125 - 109 STREET NW",
        "applied_date": null,
        "issued_date": "2026-02-09T00:00:00.000",
        "completed_date": null,
        "period_date": "2026-02-09T00:00:00.000",
        "longitude": -113.50787669614556,
        "latitude": 53.542222988864395,
        "units_created": null,
        "units_lost": null,
        "net_units": 0.0,
        "is_residential": true,
        "is_active": false,
        "in_period": true,
        "requested_geography": "downtown",
        "in_requested_geography": true,
        "spatial_qa": "point_in_polygon_tested",
        "metric_roles": "period_flow",
        "source_page": "https://data.edmonton.ca/d/24uj-dj8v",
        "retrieved_at_utc": "2026-07-17T18:30:45.175912+00:00",
        "metric_membership": "period"
      }
    },
    {
      "type": "Feature",
      "id": "general_building_permits:1-641633898",
      "geometry": {
        "type": "Point",
        "coordinates": [
          -113.49849726086293,
          53.53718468654701
        ]
      },
      "properties": {
        "city": "Edmonton",
        "dtuid": "835110611",
        "feed": "general_building_permits",
        "source_record_id": "1-641633898",
        "status": null,
        "permit_type": "Commercial Final",
        "permit_class": "Apartment Condos (315)",
        "work_type": "(03) Interior Alterations",
        "description": "To construct Interior Alterations (adding an extension for the fire alarm) to an existing condominium building. - Hillside Estates",
        "address": "9903 - 104 STREET NW",
        "applied_date": null,
        "issued_date": "2026-03-09T00:00:00.000",
        "completed_date": null,
        "period_date": "2026-03-09T00:00:00.000",
        "longitude": -113.49849726086293,
        "latitude": 53.53718468654701,
        "units_created": null,
        "units_lost": null,
        "net_units": 0.0,
        "is_residential": true,
        "is_active": false,
        "in_period": true,
        "requested_geography": "downtown",
        "in_requested_geography": true,
        "spatial_qa": "point_in_polygon_tested",
        "metric_roles": "period_flow",
        "source_page": "https://data.edmonton.ca/d/24uj-dj8v",
        "retrieved_at_utc": "2026-07-17T18:30:45.175912+00:00",
        "metric_membership": "period"
      }
    },
    {
      "type": "Feature",
      "id": "general_building_permits:1-643983389",
      "geometry": {
        "type": "Point",
        "coordinates": [
          -113.50800005876893,
          53.547173587306375
        ]
      },
      "properties": {
        "city": "Edmonton",
        "dtuid": "835110611",
        "feed": "general_building_permits",
        "source_record_id": "1-643983389",
        "status": null,
        "permit_type": "Commercial Final",
        "permit_class": "Apartments (310)",
        "work_type": "(03) Interior Alterations",
        "description": "Interior Alterations (Modernization of the existing four (4) elevators, and associated ceiling and floor repairs) to an already existing apartment building.  \"MacEwan University Residence Tower\"",
        "address": "11050 - 104 AVENUE NW",
        "applied_date": null,
        "issued_date": "2026-02-11T00:00:00.000",
        "completed_date": null,
        "period_date": "2026-02-11T00:00:00.000",
        "longitude": -113.50800005876893,
        "latitude": 53.547173587306375,
        "units_created": null,
        "units_lost": null,
        "net_units": 0.0,
        "is_residential": true,
        "is_active": false,
        "in_period": true,
        "requested_geography": "downtown",
        "in_requested_geography": true,
        "spatial_qa": "point_in_polygon_tested",
        "metric_roles": "period_flow",
        "source_page": "https://data.edmonton.ca/d/24uj-dj8v",
        "retrieved_at_utc": "2026-07-17T18:30:45.175912+00:00",
        "metric_membership": "period"
      }
    },
    {
      "type": "Feature",
      "id": "general_building_permits:1-644285157",
      "geometry": {
        "type": "Point",
        "coordinates": [
          -113.46977001508692,
          53.5423347323978
        ]
      },
      "properties": {
        "city": "Edmonton",
        "dtuid": "835110611",
        "feed": "general_building_permits",
        "source_record_id": "1-644285157",
        "status": null,
        "permit_type": "Home Improvement",
        "permit_class": "Single Detached House (110)",
        "work_type": null,
        "description": "To construct interior alterations to a Single Detached House (Basement development, NOT to be used as an additional Dwelling). Storage Room, Rumpus Room, Bathroom, Mechanical Room, 1 Bedroom",
        "address": "10012 - 90 STREET NW",
        "applied_date": null,
        "issued_date": "2026-02-05T00:00:00.000",
        "completed_date": null,
        "period_date": "2026-02-05T00:00:00.000",
        "longitude": -113.46977001508692,
        "latitude": 53.5423347323978,
        "units_created": null,
        "units_lost": null,
        "net_units": null,
        "is_residential": true,
        "is_active": false,
        "in_period": true,
        "requested_geography": "downtown",
        "in_requested_geography": true,
        "spatial_qa": "point_in_polygon_tested",
        "metric_roles": "period_flow",
        "source_page": "https://data.edmonton.ca/d/24uj-dj8v",
        "retrieved_at_utc": "2026-07-17T18:30:45.175912+00:00",
        "metric_membership": "period"
      }
    },
    {
      "type": "Feature",
      "id": "general_building_permits:1-644411009",
      "geometry": {
        "type": "Point",
        "coordinates": [
          -113.4912556869067,
          53.53993619302606
        ]
      },
      "properties": {
        "city": "Edmonton",
        "dtuid": "835110611",
        "feed": "general_building_permits",
        "source_record_id": "1-644411009",
        "status": null,
        "permit_type": "Commercial Final",
        "permit_class": "Office Buildings (520)",
        "work_type": "(03) Interior Alterations",
        "description": "To construct Interior Alterations, 11th floor partial office renovation and universal washroom.  \"Alberta Infrastructure” Edmonton - Telus House. Phase 2. ATB Place.",
        "address": "11FL, 10020 - 100 STREET NW",
        "applied_date": null,
        "issued_date": "2026-04-14T00:00:00.000",
        "completed_date": null,
        "period_date": "2026-04-14T00:00:00.000",
        "longitude": -113.4912556869067,
        "latitude": 53.53993619302606,
        "units_created": null,
        "units_lost": null,
        "net_units": 0.0,
        "is_residential": true,
        "is_active": false,
        "in_period": true,
        "requested_geography": "downtown",
        "in_requested_geography": true,
        "spatial_qa": "point_in_polygon_tested",
        "metric_roles": "period_flow",
        "source_page": "https://data.edmonton.ca/d/24uj-dj8v",
        "retrieved_at_utc": "2026-07-17T18:30:45.175912+00:00",
        "metric_membership": "period"
      }
    },
    {
      "type": "Feature",
      "id": "general_building_permits:1-644619537",
      "geometry": {
        "type": "Point",
        "coordinates": [
          -113.46516049460959,
          53.5420345420352
        ]
      },
      "properties": {
        "city": "Edmonton",
        "dtuid": "835110611",
        "feed": "general_building_permits",
        "source_record_id": "1-644619537",
        "status": null,
        "permit_type": "Home Improvement",
        "permit_class": "Semi-Detached House (210)",
        "work_type": null,
        "description": "To construct an addition (carport, 4.6m x 7.2m) to an Accessory building (detached Garage) and to install a Renewable Energy Device On a House (14 Solar PhotoVoltaic (PV) Panel(s) on the Roof) and on an Accessory Building, Garage (18 Solar PhotoVoltaic (PV) Panel(s) on the Roof) with Carport (16 Solar PhotoVoltaic (PV) Panel(s) on the Roof).",
        "address": "9922 - 87 STREET NW",
        "applied_date": null,
        "issued_date": "2026-03-31T00:00:00.000",
        "completed_date": null,
        "period_date": "2026-03-31T00:00:00.000",
        "longitude": -113.46516049460959,
        "latitude": 53.5420345420352,
        "units_created": null,
        "units_lost": null,
        "net_units": null,
        "is_residential": true,
        "is_active": false,
        "in_period": true,
        "requested_geography": "downtown",
        "in_requested_geography": true,
        "spatial_qa": "point_in_polygon_tested",
        "metric_roles": "period_flow",
        "source_page": "https://data.edmonton.ca/d/24uj-dj8v",
        "retrieved_at_utc": "2026-07-17T18:30:45.175912+00:00",
        "metric_membership": "period"
      }
    },
    {
      "type": "Feature",
      "id": "general_building_permits:1-645381415",
      "geometry": {
        "type": "Point",
        "coordinates": [
          -113.46704115178996,
          53.541969480158905
        ]
      },
      "properties": {
        "city": "Edmonton",
        "dtuid": "835110611",
        "feed": "general_building_permits",
        "source_record_id": "1-645381415",
        "status": null,
        "permit_type": "Home Improvement",
        "permit_class": "Single Detached House (110)",
        "work_type": null,
        "description": "To install a Renewable Energy Device On a Residential Use building (Single Detached House) 10 Solar PhotoVoltaic (PV) Panels on the Roof) and on an Accessory Building, detached Garage (10 Solar PhotoVoltaic (PV) Panel on the Roof).",
        "address": "9936 - 88 STREET NW",
        "applied_date": null,
        "issued_date": "2026-02-03T00:00:00.000",
        "completed_date": null,
        "period_date": "2026-02-03T00:00:00.000",
        "longitude": -113.46704115178996,
        "latitude": 53.541969480158905,
        "units_created": null,
        "units_lost": null,
        "net_units": null,
        "is_residential": true,
        "is_active": false,
        "in_period": true,
        "requested_geography": "downtown",
        "in_requested_geography": true,
        "spatial_qa": "point_in_polygon_tested",
        "metric_roles": "period_flow",
        "source_page": "https://data.edmonton.ca/d/24uj-dj8v",
        "retrieved_at_utc": "2026-07-17T18:30:45.175912+00:00",
        "metric_membership": "period"
      }
    },
    {
      "type": "Feature",
      "id": "general_building_permits:1-645644873",
      "geometry": {
        "type": "Point",
        "coordinates": [
          -113.5111764406363,
          53.54381297475852
        ]
      },
      "properties": {
        "city": "Edmonton",
        "dtuid": "835110611",
        "feed": "general_building_permits",
        "source_record_id": "1-645644873",
        "status": null,
        "permit_type": "Home Improvement",
        "permit_class": "Row House (330)",
        "work_type": null,
        "description": "To construct interior alterations (Adding a bathroom to an already developed basement, NOT to be used as an additional Dwelling).",
        "address": "26, 10235 - 111 STREET NW",
        "applied_date": null,
        "issued_date": "2026-03-12T00:00:00.000",
        "completed_date": null,
        "period_date": "2026-03-12T00:00:00.000",
        "longitude": -113.5111764406363,
        "latitude": 53.54381297475852,
        "units_created": null,
        "units_lost": null,
        "net_units": null,
        "is_residential": true,
        "is_active": false,
        "in_period": true,
        "requested_geography": "downtown",
        "in_requested_geography": true,
        "spatial_qa": "point_in_polygon_tested",
        "metric_roles": "period_flow",
        "source_page": "https://data.edmonton.ca/d/24uj-dj8v",
        "retrieved_at_utc": "2026-07-17T18:30:45.175912+00:00",
        "metric_membership": "period"
      }
    },
    {
      "type": "Feature",
      "id": "general_building_permits:1-646417727",
      "geometry": {
        "type": "Point",
        "coordinates": [
          -113.52077194497024,
          53.54229580041523
        ]
      },
      "properties": {
        "city": "Edmonton",
        "dtuid": "835110611",
        "feed": "general_building_permits",
        "source_record_id": "1-646417727",
        "status": null,
        "permit_type": "Commercial Final",
        "permit_class": "Apartments (310)",
        "work_type": "(03) Exterior Alterations",
        "description": "To construct Exterior Alterations to an existing apartment building.  Removal of existing Guardrails & installation of new Guardrails on Exterior Balconies.  -- Axis Towers --",
        "address": "10155 - 116 STREET NW",
        "applied_date": null,
        "issued_date": "2026-03-25T00:00:00.000",
        "completed_date": null,
        "period_date": "2026-03-25T00:00:00.000",
        "longitude": -113.52077194497024,
        "latitude": 53.54229580041523,
        "units_created": null,
        "units_lost": null,
        "net_units": 0.0,
        "is_residential": true,
        "is_active": false,
        "in_period": true,
        "requested_geography": "downtown",
        "in_requested_geography": true,
        "spatial_qa": "point_in_polygon_tested",
        "metric_roles": "period_flow",
        "source_page": "https://data.edmonton.ca/d/24uj-dj8v",
        "retrieved_at_utc": "2026-07-17T18:30:45.175912+00:00",
        "metric_membership": "period"
      }
    },
    {
      "type": "Feature",
      "id": "general_building_permits:1-646779689",
      "geometry": {
        "type": "Point",
        "coordinates": [
          -113.53363028411563,
          53.552367893842344
        ]
      },
      "properties": {
        "city": "Edmonton",
        "dtuid": "835110611",
        "feed": "general_building_permits",
        "source_record_id": "1-646779689",
        "status": null,
        "permit_type": "Home Improvement",
        "permit_class": "Semi-Detached House (210)",
        "work_type": null,
        "description": "To install a Renewable Energy Device On a House (22 Solar PhotoVoltaic (PV) Panel(s) on the Roof).",
        "address": "12223 - 108 AVENUE NW",
        "applied_date": null,
        "issued_date": "2026-02-12T00:00:00.000",
        "completed_date": null,
        "period_date": "2026-02-12T00:00:00.000",
        "longitude": -113.53363028411563,
        "latitude": 53.552367893842344,
        "units_created": null,
        "units_lost": null,
        "net_units": null,
        "is_residential": true,
        "is_active": false,
        "in_period": true,
        "requested_geography": "downtown",
        "in_requested_geography": true,
        "spatial_qa": "point_in_polygon_tested",
        "metric_roles": "period_flow",
        "source_page": "https://data.edmonton.ca/d/24uj-dj8v",
        "retrieved_at_utc": "2026-07-17T18:30:45.175912+00:00",
        "metric_membership": "period"
      }
    },
    {
      "type": "Feature",
      "id": "general_building_permits:1-646781843",
      "geometry": {
        "type": "Point",
        "coordinates": [
          -113.53363028411563,
          53.552367893842344
        ]
      },
      "properties": {
        "city": "Edmonton",
        "dtuid": "835110611",
        "feed": "general_building_permits",
        "source_record_id": "1-646781843",
        "status": null,
        "permit_type": "Home Improvement",
        "permit_class": "Semi-Detached House (210)",
        "work_type": null,
        "description": "To install a Renewable Energy Device On a House (22 Solar PhotoVoltaic (PV) Panel(s) on the Roof).",
        "address": "12225 - 108 AVENUE NW",
        "applied_date": null,
        "issued_date": "2026-02-12T00:00:00.000",
        "completed_date": null,
        "period_date": "2026-02-12T00:00:00.000",
        "longitude": -113.53363028411563,
        "latitude": 53.552367893842344,
        "units_created": null,
        "units_lost": null,
        "net_units": null,
        "is_residential": true,
        "is_active": false,
        "in_period": true,
        "requested_geography": "downtown",
        "in_requested_geography": true,
        "spatial_qa": "point_in_polygon_tested",
        "metric_roles": "period_flow",
        "source_page": "https://data.edmonton.ca/d/24uj-dj8v",
        "retrieved_at_utc": "2026-07-17T18:30:45.175912+00:00",
        "metric_membership": "period"
      }
    },
    {
      "type": "Feature",
      "id": "general_building_permits:1-648805099",
      "geometry": {
        "type": "Point",
        "coordinates": [
          -113.51263706609657,
          53.54208739217287
        ]
      },
      "properties": {
        "city": "Edmonton",
        "dtuid": "835110611",
        "feed": "general_building_permits",
        "source_record_id": "1-648805099",
        "status": null,
        "permit_type": "Commercial Final",
        "permit_class": "Apartment Condos (315)",
        "work_type": "(03) Interior Alterations",
        "description": "To construct Interior Alterations (Parkade leak repair) to an existing apartment building.   ”Meridian Plaza”",
        "address": "10142 - 111 STREET NW",
        "applied_date": null,
        "issued_date": "2026-03-13T00:00:00.000",
        "completed_date": null,
        "period_date": "2026-03-13T00:00:00.000",
        "longitude": -113.51263706609657,
        "latitude": 53.54208739217287,
        "units_created": null,
        "units_lost": null,
        "net_units": 0.0,
        "is_residential": true,
        "is_active": false,
        "in_period": true,
        "requested_geography": "downtown",
        "in_requested_geography": true,
        "spatial_qa": "point_in_polygon_tested",
        "metric_roles": "period_flow",
        "source_page": "https://data.edmonton.ca/d/24uj-dj8v",
        "retrieved_at_utc": "2026-07-17T18:30:45.175912+00:00",
        "metric_membership": "period"
      }
    },
    {
      "type": "Feature",
      "id": "general_building_permits:1-649322520",
      "geometry": {
        "type": "Point",
        "coordinates": [
          -113.51158289923978,
          53.549164242128384
        ]
      },
      "properties": {
        "city": "Edmonton",
        "dtuid": "835110611",
        "feed": "general_building_permits",
        "source_record_id": "1-649322520",
        "status": null,
        "permit_type": "Commercial Final",
        "permit_class": "Storage Buildings, Warehouses (460)",
        "work_type": "(03) Interior Alterations",
        "description": "To construct Interior Alterations to a Minor Industrial Use, (selectively demo and structurally reinforce existing mezzanine for a proposed 2nd floor). Landlords work, for base building. Tenant improvement shall require a separate permit.",
        "address": "10565 - 111 STREET NW",
        "applied_date": null,
        "issued_date": "2026-04-02T00:00:00.000",
        "completed_date": null,
        "period_date": "2026-04-02T00:00:00.000",
        "longitude": -113.51158289923978,
        "latitude": 53.549164242128384,
        "units_created": null,
        "units_lost": null,
        "net_units": 0.0,
        "is_residential": true,
        "is_active": false,
        "in_period": true,
        "requested_geography": "downtown",
        "in_requested_geography": true,
        "spatial_qa": "point_in_polygon_tested",
        "metric_roles": "period_flow",
        "source_page": "https://data.edmonton.ca/d/24uj-dj8v",
        "retrieved_at_utc": "2026-07-17T18:30:45.175912+00:00",
        "metric_membership": "period"
      }
    },
    {
      "type": "Feature",
      "id": "general_building_permits:1-649386982",
      "geometry": {
        "type": "Point",
        "coordinates": [
          -113.51709332584576,
          53.542636257159764
        ]
      },
      "properties": {
        "city": "Edmonton",
        "dtuid": "835110611",
        "feed": "general_building_permits",
        "source_record_id": "1-649386982",
        "status": null,
        "permit_type": "Commercial Final",
        "permit_class": "Apartment Condos (315)",
        "work_type": "(03) Interior Alterations",
        "description": "To construct Interior Alterations to an existing residential apartment building, Fire alarm system upgrade. The existing F.A. control Panel and all initiating devices are to be reused.  All existing signaling devices (bell) in corridors to be replaced with new Horn/Strobe and all new programmable  signal devices (Horn/Strobe) inside each suite.  ”Shaughnessy House”.",
        "address": "1001, 10175 - 114 STREET NW",
        "applied_date": null,
        "issued_date": "2026-03-27T00:00:00.000",
        "completed_date": null,
        "period_date": "2026-03-27T00:00:00.000",
        "longitude": -113.51709332584576,
        "latitude": 53.542636257159764,
        "units_created": null,
        "units_lost": null,
        "net_units": 0.0,
        "is_residential": true,
        "is_active": false,
        "in_period": true,
        "requested_geography": "downtown",
        "in_requested_geography": true,
        "spatial_qa": "point_in_polygon_tested",
        "metric_roles": "period_flow",
        "source_page": "https://data.edmonton.ca/d/24uj-dj8v",
        "retrieved_at_utc": "2026-07-17T18:30:45.175912+00:00",
        "metric_membership": "period"
      }
    },
    {
      "type": "Feature",
      "id": "general_building_permits:1-650655010",
      "geometry": {
        "type": "Point",
        "coordinates": [
          -113.49146240967968,
          53.55023713144775
        ]
      },
      "properties": {
        "city": "Edmonton",
        "dtuid": "835110611",
        "feed": "general_building_permits",
        "source_record_id": "1-650655010",
        "status": null,
        "permit_type": "Commercial Final",
        "permit_class": "Office Buildings (520)",
        "work_type": "(03) Interior Alterations",
        "description": "To construct Interior Alterations (removal of two interior doors to open up the office spaces at room 243 and 244 only) to an existing residential shelter services building. \"Hope Mission\"",
        "address": "9908 - 106 AVENUE NW",
        "applied_date": null,
        "issued_date": "2026-06-05T00:00:00.000",
        "completed_date": null,
        "period_date": "2026-06-05T00:00:00.000",
        "longitude": -113.49146240967968,
        "latitude": 53.55023713144775,
        "units_created": null,
        "units_lost": null,
        "net_units": 0.0,
        "is_residential": true,
        "is_active": false,
        "in_period": true,
        "requested_geography": "downtown",
        "in_requested_geography": true,
        "spatial_qa": "point_in_polygon_tested",
        "metric_roles": "period_flow",
        "source_page": "https://data.edmonton.ca/d/24uj-dj8v",
        "retrieved_at_utc": "2026-07-17T18:30:45.175912+00:00",
        "metric_membership": "period"
      }
    },
    {
      "type": "Feature",
      "id": "general_building_permits:1-650997454",
      "geometry": {
        "type": "Point",
        "coordinates": [
          -113.48530439229272,
          53.554833475813105
        ]
      },
      "properties": {
        "city": "Edmonton",
        "dtuid": "835110611",
        "feed": "general_building_permits",
        "source_record_id": "1-650997454",
        "status": null,
        "permit_type": "Commercial Final",
        "permit_class": "Apartments (310)",
        "work_type": "(03) Interior Alterations",
        "description": "To construct Interior Alterations to an existing Residential Apartment building. Fire Alarm system upgrade.  Install initiating devices and relocate signaling devices in all suites. Provide new Interface 2nd & 3rd Floor. A new addressable Call System (EMS Lite) on the main floor and a new Monitor at the front entry for Annunciation.  McCuley Lodge  -  In-suite Smoke Notification.",
        "address": "9520 - 108 AVENUE NW",
        "applied_date": null,
        "issued_date": "2026-03-31T00:00:00.000",
        "completed_date": null,
        "period_date": "2026-03-31T00:00:00.000",
        "longitude": -113.48530439229272,
        "latitude": 53.554833475813105,
        "units_created": null,
        "units_lost": null,
        "net_units": 0.0,
        "is_residential": true,
        "is_active": false,
        "in_period": true,
        "requested_geography": "downtown",
        "in_requested_geography": true,
        "spatial_qa": "point_in_polygon_tested",
        "metric_roles": "period_flow",
        "source_page": "https://data.edmonton.ca/d/24uj-dj8v",
        "retrieved_at_utc": "2026-07-17T18:30:45.175912+00:00",
        "metric_membership": "period"
      }
    },
    {
      "type": "Feature",
      "id": "general_building_permits:1-651939506",
      "geometry": {
        "type": "Point",
        "coordinates": [
          -113.52182706552126,
          53.544021854155645
        ]
      },
      "properties": {
        "city": "Edmonton",
        "dtuid": "835110611",
        "feed": "general_building_permits",
        "source_record_id": "1-651939506",
        "status": null,
        "permit_type": "Commercial Final",
        "permit_class": "Apartments (310)",
        "work_type": "(03) Interior Alterations",
        "description": "To complete the exterior alteration ( Removing guard walls and replacing with glass guards ) to the existing condominium building.   – Oliver Arms",
        "address": "10250 - 116 STREET NW",
        "applied_date": null,
        "issued_date": "2026-04-11T00:00:00.000",
        "completed_date": null,
        "period_date": "2026-04-11T00:00:00.000",
        "longitude": -113.52182706552126,
        "latitude": 53.544021854155645,
        "units_created": null,
        "units_lost": null,
        "net_units": 0.0,
        "is_residential": true,
        "is_active": false,
        "in_period": true,
        "requested_geography": "downtown",
        "in_requested_geography": true,
        "spatial_qa": "point_in_polygon_tested",
        "metric_roles": "period_flow",
        "source_page": "https://data.edmonton.ca/d/24uj-dj8v",
        "retrieved_at_utc": "2026-07-17T18:30:45.175912+00:00",
        "metric_membership": "period"
      }
    },
    {
      "type": "Feature",
      "id": "general_building_permits:1-651991133",
      "geometry": {
        "type": "Point",
        "coordinates": [
          -113.51999307698831,
          53.53955053033237
        ]
      },
      "properties": {
        "city": "Edmonton",
        "dtuid": "835110611",
        "feed": "general_building_permits",
        "source_record_id": "1-651991133",
        "status": null,
        "permit_type": "Commercial Final",
        "permit_class": "Apartments (310)",
        "work_type": "(03) Interior Alterations",
        "description": "To complete the fire restoration for the existing residential apartment building - Deville Tower, Unit #604.",
        "address": "604, 10020 - 115 STREET NW",
        "applied_date": null,
        "issued_date": "2026-04-09T00:00:00.000",
        "completed_date": null,
        "period_date": "2026-04-09T00:00:00.000",
        "longitude": -113.51999307698831,
        "latitude": 53.53955053033237,
        "units_created": null,
        "units_lost": null,
        "net_units": 0.0,
        "is_residential": true,
        "is_active": false,
        "in_period": true,
        "requested_geography": "downtown",
        "in_requested_geography": true,
        "spatial_qa": "point_in_polygon_tested",
        "metric_roles": "period_flow",
        "source_page": "https://data.edmonton.ca/d/24uj-dj8v",
        "retrieved_at_utc": "2026-07-17T18:30:45.175912+00:00",
        "metric_membership": "period"
      }
    },
    {
      "type": "Feature",
      "id": "general_building_permits:1-652384421",
      "geometry": {
        "type": "Point",
        "coordinates": [
          -113.47978581297883,
          53.55097468881943
        ]
      },
      "properties": {
        "city": "Edmonton",
        "dtuid": "835110611",
        "feed": "general_building_permits",
        "source_record_id": "1-652384421",
        "status": null,
        "permit_type": "Commercial Final",
        "permit_class": "Storage Buildings, Warehouses (460)",
        "work_type": "(03) Interior Alterations",
        "description": "To construct Exterior Alterations (repairing exterior canopy beam and support post) to an existing building general industrial use. --Central Yard Building--",
        "address": "10517 - 95 STREET NW",
        "applied_date": null,
        "issued_date": "2026-04-08T00:00:00.000",
        "completed_date": null,
        "period_date": "2026-04-08T00:00:00.000",
        "longitude": -113.47978581297883,
        "latitude": 53.55097468881943,
        "units_created": null,
        "units_lost": null,
        "net_units": 0.0,
        "is_residential": true,
        "is_active": false,
        "in_period": true,
        "requested_geography": "downtown",
        "in_requested_geography": true,
        "spatial_qa": "point_in_polygon_tested",
        "metric_roles": "period_flow",
        "source_page": "https://data.edmonton.ca/d/24uj-dj8v",
        "retrieved_at_utc": "2026-07-17T18:30:45.175912+00:00",
        "metric_membership": "period"
      }
    },
    {
      "type": "Feature",
      "id": "general_building_permits:1-652625719",
      "geometry": {
        "type": "Point",
        "coordinates": [
          -113.52199118063676,
          53.558453618425126
        ]
      },
      "properties": {
        "city": "Edmonton",
        "dtuid": "835110611",
        "feed": "general_building_permits",
        "source_record_id": "1-652625719",
        "status": null,
        "permit_type": "Home Improvement",
        "permit_class": "Single Detached House (110)",
        "work_type": null,
        "description": "To demolish a Residential Use building (Single Detached House) and an Accessory building (detached Garage).",
        "address": "11611 - 111 AVENUE NW",
        "applied_date": null,
        "issued_date": "2026-06-24T00:00:00.000",
        "completed_date": null,
        "period_date": "2026-06-24T00:00:00.000",
        "longitude": -113.52199118063676,
        "latitude": 53.558453618425126,
        "units_created": null,
        "units_lost": null,
        "net_units": null,
        "is_residential": true,
        "is_active": false,
        "in_period": true,
        "requested_geography": "downtown",
        "in_requested_geography": true,
        "spatial_qa": "point_in_polygon_tested",
        "metric_roles": "period_flow",
        "source_page": "https://data.edmonton.ca/d/24uj-dj8v",
        "retrieved_at_utc": "2026-07-17T18:30:45.175912+00:00",
        "metric_membership": "period"
      }
    },
    {
      "type": "Feature",
      "id": "general_building_permits:1-652959964",
      "geometry": {
        "type": "Point",
        "coordinates": [
          -113.52550572247627,
          53.54434254814914
        ]
      },
      "properties": {
        "city": "Edmonton",
        "dtuid": "835110611",
        "feed": "general_building_permits",
        "source_record_id": "1-652959964",
        "status": null,
        "permit_type": "Commercial Final",
        "permit_class": "Apartments (310)",
        "work_type": "(03) Interior Alterations",
        "description": "To construct Interior Alterations (Smoke restoration to one unit) to an existing apartment building.   ”Mid City Manor”",
        "address": "105, 10250 - 118 STREET NW",
        "applied_date": null,
        "issued_date": "2026-04-14T00:00:00.000",
        "completed_date": null,
        "period_date": "2026-04-14T00:00:00.000",
        "longitude": -113.52550572247627,
        "latitude": 53.54434254814914,
        "units_created": null,
        "units_lost": null,
        "net_units": 0.0,
        "is_residential": true,
        "is_active": false,
        "in_period": true,
        "requested_geography": "downtown",
        "in_requested_geography": true,
        "spatial_qa": "point_in_polygon_tested",
        "metric_roles": "period_flow",
        "source_page": "https://data.edmonton.ca/d/24uj-dj8v",
        "retrieved_at_utc": "2026-07-17T18:30:45.175912+00:00",
        "metric_membership": "period"
      }
    },
    {
      "type": "Feature",
      "id": "general_building_permits:1-653163625",
      "geometry": {
        "type": "Point",
        "coordinates": [
          -113.46649234236658,
          53.542542391787556
        ]
      },
      "properties": {
        "city": "Edmonton",
        "dtuid": "835110611",
        "feed": "general_building_permits",
        "source_record_id": "1-653163625",
        "status": null,
        "permit_type": "Home Improvement",
        "permit_class": "Single Detached House (110)",
        "work_type": null,
        "description": "To install a Renewable Energy Device to a Residential Use building (11 Solar photovoltaic (PV) panels on roof of House).",
        "address": "9955 - 88 STREET NW",
        "applied_date": null,
        "issued_date": "2026-04-10T00:00:00.000",
        "completed_date": null,
        "period_date": "2026-04-10T00:00:00.000",
        "longitude": -113.46649234236658,
        "latitude": 53.542542391787556,
        "units_created": null,
        "units_lost": null,
        "net_units": null,
        "is_residential": true,
        "is_active": false,
        "in_period": true,
        "requested_geography": "downtown",
        "in_requested_geography": true,
        "spatial_qa": "point_in_polygon_tested",
        "metric_roles": "period_flow",
        "source_page": "https://data.edmonton.ca/d/24uj-dj8v",
        "retrieved_at_utc": "2026-07-17T18:30:45.175912+00:00",
        "metric_membership": "period"
      }
    },
    {
      "type": "Feature",
      "id": "general_building_permits:1-653288069",
      "geometry": {
        "type": "Point",
        "coordinates": [
          -113.52989425538806,
          53.55229387077243
        ]
      },
      "properties": {
        "city": "Edmonton",
        "dtuid": "835110611",
        "feed": "general_building_permits",
        "source_record_id": "1-653288069",
        "status": null,
        "permit_type": "Commercial Final",
        "permit_class": "Storage Buildings, Warehouses (460)",
        "work_type": "(03) Interior Alterations",
        "description": "to construct Interior Alterations (installing a free-standing walk in cooler in the warehouse area of the building) in an existing industrial use building. –Edmonton Catholic Schools Facilities Services Building–",
        "address": "10734 - 120 STREET NW",
        "applied_date": null,
        "issued_date": "2026-05-14T00:00:00.000",
        "completed_date": null,
        "period_date": "2026-05-14T00:00:00.000",
        "longitude": -113.52989425538806,
        "latitude": 53.55229387077243,
        "units_created": null,
        "units_lost": null,
        "net_units": 0.0,
        "is_residential": true,
        "is_active": false,
        "in_period": true,
        "requested_geography": "downtown",
        "in_requested_geography": true,
        "spatial_qa": "point_in_polygon_tested",
        "metric_roles": "period_flow",
        "source_page": "https://data.edmonton.ca/d/24uj-dj8v",
        "retrieved_at_utc": "2026-07-17T18:30:45.175912+00:00",
        "metric_membership": "period"
      }
    },
    {
      "type": "Feature",
      "id": "general_building_permits:1-654388629",
      "geometry": {
        "type": "Point",
        "coordinates": [
          -113.51158680619524,
          53.55331282751936
        ]
      },
      "properties": {
        "city": "Edmonton",
        "dtuid": "835110611",
        "feed": "general_building_permits",
        "source_record_id": "1-654388629",
        "status": null,
        "permit_type": "Home Improvement",
        "permit_class": "Single Detached House (110)",
        "work_type": null,
        "description": "To demolish a Single Detached House.",
        "address": "10811 - 111 STREET NW",
        "applied_date": null,
        "issued_date": "2026-06-15T00:00:00.000",
        "completed_date": null,
        "period_date": "2026-06-15T00:00:00.000",
        "longitude": -113.51158680619524,
        "latitude": 53.55331282751936,
        "units_created": null,
        "units_lost": null,
        "net_units": null,
        "is_residential": true,
        "is_active": false,
        "in_period": true,
        "requested_geography": "downtown",
        "in_requested_geography": true,
        "spatial_qa": "point_in_polygon_tested",
        "metric_roles": "period_flow",
        "source_page": "https://data.edmonton.ca/d/24uj-dj8v",
        "retrieved_at_utc": "2026-07-17T18:30:45.175912+00:00",
        "metric_membership": "period"
      }
    },
    {
      "type": "Feature",
      "id": "general_building_permits:1-654607812",
      "geometry": {
        "type": "Point",
        "coordinates": [
          -113.51710417077663,
          53.55845513487061
        ]
      },
      "properties": {
        "city": "Edmonton",
        "dtuid": "835110611",
        "feed": "general_building_permits",
        "source_record_id": "1-654607812",
        "status": null,
        "permit_type": "Home Improvement",
        "permit_class": "Single Detached House (110)",
        "work_type": null,
        "description": "To construct interior alterations - Repair job - adding spray foam to an existing wall",
        "address": "11319 - 111 AVENUE NW",
        "applied_date": null,
        "issued_date": "2026-06-01T00:00:00.000",
        "completed_date": null,
        "period_date": "2026-06-01T00:00:00.000",
        "longitude": -113.51710417077663,
        "latitude": 53.55845513487061,
        "units_created": null,
        "units_lost": null,
        "net_units": null,
        "is_residential": true,
        "is_active": false,
        "in_period": true,
        "requested_geography": "downtown",
        "in_requested_geography": true,
        "spatial_qa": "point_in_polygon_tested",
        "metric_roles": "period_flow",
        "source_page": "https://data.edmonton.ca/d/24uj-dj8v",
        "retrieved_at_utc": "2026-07-17T18:30:45.175912+00:00",
        "metric_membership": "period"
      }
    },
    {
      "type": "Feature",
      "id": "general_building_permits:1-655284589",
      "geometry": {
        "type": "Point",
        "coordinates": [
          -113.5320170693218,
          53.558376371764716
        ]
      },
      "properties": {
        "city": "Edmonton",
        "dtuid": "835110611",
        "feed": "general_building_permits",
        "source_record_id": "1-655284589",
        "status": null,
        "permit_type": "Home Improvement",
        "permit_class": "Single Detached House (110)",
        "work_type": null,
        "description": "To construct an Accessory building (detached Garage, 7.32m x 7.32m) and to demolish an existing Accessory building (detached Garage).",
        "address": "11035 - 122 STREET NW",
        "applied_date": null,
        "issued_date": "2026-04-30T00:00:00.000",
        "completed_date": null,
        "period_date": "2026-04-30T00:00:00.000",
        "longitude": -113.5320170693218,
        "latitude": 53.558376371764716,
        "units_created": null,
        "units_lost": null,
        "net_units": null,
        "is_residential": true,
        "is_active": false,
        "in_period": true,
        "requested_geography": "downtown",
        "in_requested_geography": true,
        "spatial_qa": "point_in_polygon_tested",
        "metric_roles": "period_flow",
        "source_page": "https://data.edmonton.ca/d/24uj-dj8v",
        "retrieved_at_utc": "2026-07-17T18:30:45.175912+00:00",
        "metric_membership": "period"
      }
    },
    {
      "type": "Feature",
      "id": "general_building_permits:1-655346354",
      "geometry": {
        "type": "Point",
        "coordinates": [
          -113.53018347628365,
          53.54490037113815
        ]
      },
      "properties": {
        "city": "Edmonton",
        "dtuid": "835110611",
        "feed": "general_building_permits",
        "source_record_id": "1-655346354",
        "status": null,
        "permit_type": "Commercial Final",
        "permit_class": "Apartment Condos (315)",
        "work_type": "(03) Exterior Alterations",
        "description": "To complete Exterior Alterations to an existing apartment building.  Replace existing flat roof system and Insulation with new SBS Modified Bituminous Roofing System, Metal roof. Repair building envelope and waterproofing. Replace guardrails with new Guardrails.    The Dakota.",
        "address": "12028 - 103 AVENUE NW",
        "applied_date": null,
        "issued_date": "2026-05-28T00:00:00.000",
        "completed_date": null,
        "period_date": "2026-05-28T00:00:00.000",
        "longitude": -113.53018347628365,
        "latitude": 53.54490037113815,
        "units_created": null,
        "units_lost": null,
        "net_units": 0.0,
        "is_residential": true,
        "is_active": false,
        "in_period": true,
        "requested_geography": "downtown",
        "in_requested_geography": true,
        "spatial_qa": "point_in_polygon_tested",
        "metric_roles": "period_flow",
        "source_page": "https://data.edmonton.ca/d/24uj-dj8v",
        "retrieved_at_utc": "2026-07-17T18:30:45.175912+00:00",
        "metric_membership": "period"
      }
    },
    {
      "type": "Feature",
      "id": "general_building_permits:1-655453672",
      "geometry": {
        "type": "Point",
        "coordinates": [
          -113.51157559691012,
          53.53526890199027
        ]
      },
      "properties": {
        "city": "Edmonton",
        "dtuid": "835110611",
        "feed": "general_building_permits",
        "source_record_id": "1-655453672",
        "status": null,
        "permit_type": "Commercial Final",
        "permit_class": "Apartments (310)",
        "work_type": "(03) Exterior Alterations",
        "description": "To construct Exterior Alterations to an apartment building. Localized repairs to the concrete topping on exterior parking garage, includes waterproofing localized concrete topping repairs.  As well as, re-waterproof the exhaust shaft. The Hendrix - Garage Repairs.",
        "address": "9733 - 111 STREET NW",
        "applied_date": null,
        "issued_date": "2026-05-20T00:00:00.000",
        "completed_date": null,
        "period_date": "2026-05-20T00:00:00.000",
        "longitude": -113.51157559691012,
        "latitude": 53.53526890199027,
        "units_created": null,
        "units_lost": null,
        "net_units": 0.0,
        "is_residential": true,
        "is_active": false,
        "in_period": true,
        "requested_geography": "downtown",
        "in_requested_geography": true,
        "spatial_qa": "point_in_polygon_tested",
        "metric_roles": "period_flow",
        "source_page": "https://data.edmonton.ca/d/24uj-dj8v",
        "retrieved_at_utc": "2026-07-17T18:30:45.175912+00:00",
        "metric_membership": "period"
      }
    },
    {
      "type": "Feature",
      "id": "general_building_permits:1-655600766",
      "geometry": {
        "type": "Point",
        "coordinates": [
          -113.52737000840006,
          53.54063412615799
        ]
      },
      "properties": {
        "city": "Edmonton",
        "dtuid": "835110611",
        "feed": "general_building_permits",
        "source_record_id": "1-655600766",
        "status": null,
        "permit_type": "Commercial Final",
        "permit_class": "Apartments (310)",
        "work_type": "(03) Interior Alterations",
        "description": "To construct Interior Alterations to an existing residential apartment building. Fire alarm system upgrade.  Replace Fire Alarm control panel with new addressable panel, all initiating and all signaling devices replaced with new, (one for one).  Existing conduit and wiring is reused.  The sequence of operations from the existing f.a. control panel will not be modified. ”ILLUMINADA 1\".",
        "address": "10028 - 119 STREET NW",
        "applied_date": null,
        "issued_date": "2026-05-22T00:00:00.000",
        "completed_date": null,
        "period_date": "2026-05-22T00:00:00.000",
        "longitude": -113.52737000840006,
        "latitude": 53.54063412615799,
        "units_created": null,
        "units_lost": null,
        "net_units": 0.0,
        "is_residential": true,
        "is_active": false,
        "in_period": true,
        "requested_geography": "downtown",
        "in_requested_geography": true,
        "spatial_qa": "point_in_polygon_tested",
        "metric_roles": "period_flow",
        "source_page": "https://data.edmonton.ca/d/24uj-dj8v",
        "retrieved_at_utc": "2026-07-17T18:30:45.175912+00:00",
        "metric_membership": "period"
      }
    },
    {
      "type": "Feature",
      "id": "general_building_permits:1-656332416",
      "geometry": {
        "type": "Point",
        "coordinates": [
          -113.50054946807741,
          53.54276542139098
        ]
      },
      "properties": {
        "city": "Edmonton",
        "dtuid": "835110611",
        "feed": "general_building_permits",
        "source_record_id": "1-656332416",
        "status": null,
        "permit_type": "Commercial Final",
        "permit_class": "Apartment Condos (315)",
        "work_type": "(03) Interior Alterations",
        "description": "to construct Interior Alterations (structural concrete repairs to the P2 floor slab, and remove and replace traffic deck coatings on P2, all in the underground parking structure) in an existing mix-used building. --The Ten Lofts--",
        "address": "10179 - 105 STREET NW",
        "applied_date": null,
        "issued_date": "2026-05-21T00:00:00.000",
        "completed_date": null,
        "period_date": "2026-05-21T00:00:00.000",
        "longitude": -113.50054946807741,
        "latitude": 53.54276542139098,
        "units_created": null,
        "units_lost": null,
        "net_units": 0.0,
        "is_residential": true,
        "is_active": false,
        "in_period": true,
        "requested_geography": "downtown",
        "in_requested_geography": true,
        "spatial_qa": "point_in_polygon_tested",
        "metric_roles": "period_flow",
        "source_page": "https://data.edmonton.ca/d/24uj-dj8v",
        "retrieved_at_utc": "2026-07-17T18:30:45.175912+00:00",
        "metric_membership": "period"
      }
    },
    {
      "type": "Feature",
      "id": "general_building_permits:1-657153684",
      "geometry": {
        "type": "Point",
        "coordinates": [
          -113.4949938889621,
          53.538593825589366
        ]
      },
      "properties": {
        "city": "Edmonton",
        "dtuid": "835110611",
        "feed": "general_building_permits",
        "source_record_id": "1-657153684",
        "status": null,
        "permit_type": "Commercial Final",
        "permit_class": "Apartments (310)",
        "work_type": "(03) Interior Alterations",
        "description": "To construct Interior Alterations (Suite renovations on floors 3, 34 and 35) to an existing apartment building.   ”Edmonton House”",
        "address": "302, 10205 - 100 AVENUE NW",
        "applied_date": null,
        "issued_date": "2026-06-16T00:00:00.000",
        "completed_date": null,
        "period_date": "2026-06-16T00:00:00.000",
        "longitude": -113.4949938889621,
        "latitude": 53.538593825589366,
        "units_created": null,
        "units_lost": null,
        "net_units": 0.0,
        "is_residential": true,
        "is_active": false,
        "in_period": true,
        "requested_geography": "downtown",
        "in_requested_geography": true,
        "spatial_qa": "point_in_polygon_tested",
        "metric_roles": "period_flow",
        "source_page": "https://data.edmonton.ca/d/24uj-dj8v",
        "retrieved_at_utc": "2026-07-17T18:30:45.175912+00:00",
        "metric_membership": "period"
      }
    },
    {
      "type": "Feature",
      "id": "general_building_permits:1-657973499",
      "geometry": {
        "type": "Point",
        "coordinates": [
          -113.52551733611106,
          53.554993292678965
        ]
      },
      "properties": {
        "city": "Edmonton",
        "dtuid": "835110611",
        "feed": "general_building_permits",
        "source_record_id": "1-657973499",
        "status": null,
        "permit_type": "Home Improvement",
        "permit_class": "Single Detached House (110)",
        "work_type": null,
        "description": "To install a Renewable Energy Device On a House (20 Solar PhotoVoltaic (PV) Panel(s) on the Roof).",
        "address": "10914 - 118 STREET NW",
        "applied_date": null,
        "issued_date": "2026-05-25T00:00:00.000",
        "completed_date": null,
        "period_date": "2026-05-25T00:00:00.000",
        "longitude": -113.52551733611106,
        "latitude": 53.554993292678965,
        "units_created": null,
        "units_lost": null,
        "net_units": null,
        "is_residential": true,
        "is_active": false,
        "in_period": true,
        "requested_geography": "downtown",
        "in_requested_geography": true,
        "spatial_qa": "point_in_polygon_tested",
        "metric_roles": "period_flow",
        "source_page": "https://data.edmonton.ca/d/24uj-dj8v",
        "retrieved_at_utc": "2026-07-17T18:30:45.175912+00:00",
        "metric_membership": "period"
      }
    },
    {
      "type": "Feature",
      "id": "general_building_permits:1-658367499",
      "geometry": {
        "type": "Point",
        "coordinates": [
          -113.53289625159239,
          53.55290238286817
        ]
      },
      "properties": {
        "city": "Edmonton",
        "dtuid": "835110611",
        "feed": "general_building_permits",
        "source_record_id": "1-658367499",
        "status": null,
        "permit_type": "Home Improvement",
        "permit_class": "Semi-Detached House (210)",
        "work_type": null,
        "description": "To construct interior alterations (Removing a non-load barring wall to make the kitchen bigger , NOT to be used as an additional Dwelling).",
        "address": "10808 - 122 STREET NW",
        "applied_date": null,
        "issued_date": "2026-06-24T00:00:00.000",
        "completed_date": null,
        "period_date": "2026-06-24T00:00:00.000",
        "longitude": -113.53289625159239,
        "latitude": 53.55290238286817,
        "units_created": null,
        "units_lost": null,
        "net_units": null,
        "is_residential": true,
        "is_active": false,
        "in_period": true,
        "requested_geography": "downtown",
        "in_requested_geography": true,
        "spatial_qa": "point_in_polygon_tested",
        "metric_roles": "period_flow",
        "source_page": "https://data.edmonton.ca/d/24uj-dj8v",
        "retrieved_at_utc": "2026-07-17T18:30:45.175912+00:00",
        "metric_membership": "period"
      }
    },
    {
      "type": "Feature",
      "id": "general_building_permits:1-658379572",
      "geometry": {
        "type": "Point",
        "coordinates": [
          -113.52446142589682,
          53.556491239934445
        ]
      },
      "properties": {
        "city": "Edmonton",
        "dtuid": "835110611",
        "feed": "general_building_permits",
        "source_record_id": "1-658379572",
        "status": null,
        "permit_type": "Home Improvement",
        "permit_class": "Single Detached House (110)",
        "work_type": null,
        "description": "To install a Renewable Energy Device On a House (9 Solar PhotoVoltaic (PV) Panel(s) on the Roof).",
        "address": "10955 - 118 STREET NW",
        "applied_date": null,
        "issued_date": "2026-05-15T00:00:00.000",
        "completed_date": null,
        "period_date": "2026-05-15T00:00:00.000",
        "longitude": -113.52446142589682,
        "latitude": 53.556491239934445,
        "units_created": null,
        "units_lost": null,
        "net_units": null,
        "is_residential": true,
        "is_active": false,
        "in_period": true,
        "requested_geography": "downtown",
        "in_requested_geography": true,
        "spatial_qa": "point_in_polygon_tested",
        "metric_roles": "period_flow",
        "source_page": "https://data.edmonton.ca/d/24uj-dj8v",
        "retrieved_at_utc": "2026-07-17T18:30:45.175912+00:00",
        "metric_membership": "period"
      }
    },
    {
      "type": "Feature",
      "id": "general_building_permits:1-658384141",
      "geometry": {
        "type": "Point",
        "coordinates": [
          -113.5273450888373,
          53.54443450317936
        ]
      },
      "properties": {
        "city": "Edmonton",
        "dtuid": "835110611",
        "feed": "general_building_permits",
        "source_record_id": "1-658384141",
        "status": null,
        "permit_type": "Home Improvement",
        "permit_class": "Row House (330)",
        "work_type": null,
        "description": "To install a Renewable Energy Device On a House (11 Solar PhotoVoltaic (PV) Panel(s) on the Roof).",
        "address": "11909 - 103 AVENUE NW",
        "applied_date": null,
        "issued_date": "2026-05-15T00:00:00.000",
        "completed_date": null,
        "period_date": "2026-05-15T00:00:00.000",
        "longitude": -113.5273450888373,
        "latitude": 53.54443450317936,
        "units_created": null,
        "units_lost": null,
        "net_units": null,
        "is_residential": true,
        "is_active": false,
        "in_period": true,
        "requested_geography": "downtown",
        "in_requested_geography": true,
        "spatial_qa": "point_in_polygon_tested",
        "metric_roles": "period_flow",
        "source_page": "https://data.edmonton.ca/d/24uj-dj8v",
        "retrieved_at_utc": "2026-07-17T18:30:45.175912+00:00",
        "metric_membership": "period"
      }
    },
    {
      "type": "Feature",
      "id": "general_building_permits:1-658533561",
      "geometry": {
        "type": "Point",
        "coordinates": [
          -113.48655574255908,
          53.55850989661353
        ]
      },
      "properties": {
        "city": "Edmonton",
        "dtuid": "835110611",
        "feed": "general_building_permits",
        "source_record_id": "1-658533561",
        "status": null,
        "permit_type": "Home Improvement",
        "permit_class": "Single Detached House (110)",
        "work_type": null,
        "description": "To construct interior alterations (Basement development, NOT to be used as an additional Dwelling) with wet bar. 1 bedroom",
        "address": "11014 - 95 STREET NW",
        "applied_date": null,
        "issued_date": "2026-05-25T00:00:00.000",
        "completed_date": null,
        "period_date": "2026-05-25T00:00:00.000",
        "longitude": -113.48655574255908,
        "latitude": 53.55850989661353,
        "units_created": null,
        "units_lost": null,
        "net_units": null,
        "is_residential": true,
        "is_active": false,
        "in_period": true,
        "requested_geography": "downtown",
        "in_requested_geography": true,
        "spatial_qa": "point_in_polygon_tested",
        "metric_roles": "period_flow",
        "source_page": "https://data.edmonton.ca/d/24uj-dj8v",
        "retrieved_at_utc": "2026-07-17T18:30:45.175912+00:00",
        "metric_membership": "period"
      }
    },
    {
      "type": "Feature",
      "id": "general_building_permits:1-658804192",
      "geometry": {
        "type": "Point",
        "coordinates": [
          -113.46675769565735,
          53.54490082217328
        ]
      },
      "properties": {
        "city": "Edmonton",
        "dtuid": "835110611",
        "feed": "general_building_permits",
        "source_record_id": "1-658804192",
        "status": null,
        "permit_type": "Home Improvement",
        "permit_class": "Single Detached House (110)",
        "work_type": null,
        "description": "To install a Renewable Energy Device On a House (14 Solar PhotoVoltaic (PV) Panel(s) on the Roof) and on an Accessory Building, Garage (12 Solar PhotoVoltaic (PV) Panel(s) on the Roof).",
        "address": "10137 - 88 STREET NW",
        "applied_date": null,
        "issued_date": "2026-05-20T00:00:00.000",
        "completed_date": null,
        "period_date": "2026-05-20T00:00:00.000",
        "longitude": -113.46675769565735,
        "latitude": 53.54490082217328,
        "units_created": null,
        "units_lost": null,
        "net_units": null,
        "is_residential": true,
        "is_active": false,
        "in_period": true,
        "requested_geography": "downtown",
        "in_requested_geography": true,
        "spatial_qa": "point_in_polygon_tested",
        "metric_roles": "period_flow",
        "source_page": "https://data.edmonton.ca/d/24uj-dj8v",
        "retrieved_at_utc": "2026-07-17T18:30:45.175912+00:00",
        "metric_membership": "period"
      }
    },
    {
      "type": "Feature",
      "id": "general_building_permits:1-659977799",
      "geometry": {
        "type": "Point",
        "coordinates": [
          -113.5255191934085,
          53.55649062674432
        ]
      },
      "properties": {
        "city": "Edmonton",
        "dtuid": "835110611",
        "feed": "general_building_permits",
        "source_record_id": "1-659977799",
        "status": null,
        "permit_type": "Home Improvement",
        "permit_class": "Single Detached House (110)",
        "work_type": null,
        "description": "To construct interior alterations (Main floor renovation, wall changes and Basement Development; 1 Bedroom. Not to be Used as an additional dwelling).",
        "address": "10958 - 118 STREET NW",
        "applied_date": null,
        "issued_date": "2026-06-16T00:00:00.000",
        "completed_date": null,
        "period_date": "2026-06-16T00:00:00.000",
        "longitude": -113.5255191934085,
        "latitude": 53.55649062674432,
        "units_created": null,
        "units_lost": null,
        "net_units": null,
        "is_residential": true,
        "is_active": false,
        "in_period": true,
        "requested_geography": "downtown",
        "in_requested_geography": true,
        "spatial_qa": "point_in_polygon_tested",
        "metric_roles": "period_flow",
        "source_page": "https://data.edmonton.ca/d/24uj-dj8v",
        "retrieved_at_utc": "2026-07-17T18:30:45.175912+00:00",
        "metric_membership": "period"
      }
    },
    {
      "type": "Feature",
      "id": "general_building_permits:1-660191096",
      "geometry": {
        "type": "Point",
        "coordinates": [
          -113.49424178688672,
          53.53780921879756
        ]
      },
      "properties": {
        "city": "Edmonton",
        "dtuid": "835110611",
        "feed": "general_building_permits",
        "source_record_id": "1-660191096",
        "status": null,
        "permit_type": "Commercial Final",
        "permit_class": "Apartment Condos (315)",
        "work_type": "(03) Interior Alterations",
        "description": "to construct Interior Alterations & Exterior Alterations (concrete and waterproofing repairs) to a parkade and main floor exterior stairs. --Renaissance Place Condominiums--",
        "address": "9918 - 101 STREET NW",
        "applied_date": null,
        "issued_date": "2026-06-19T00:00:00.000",
        "completed_date": null,
        "period_date": "2026-06-19T00:00:00.000",
        "longitude": -113.49424178688672,
        "latitude": 53.53780921879756,
        "units_created": null,
        "units_lost": null,
        "net_units": 0.0,
        "is_residential": true,
        "is_active": false,
        "in_period": true,
        "requested_geography": "downtown",
        "in_requested_geography": true,
        "spatial_qa": "point_in_polygon_tested",
        "metric_roles": "period_flow",
        "source_page": "https://data.edmonton.ca/d/24uj-dj8v",
        "retrieved_at_utc": "2026-07-17T18:30:45.175912+00:00",
        "metric_membership": "period"
      }
    },
    {
      "type": "Feature",
      "id": "general_building_permits:1-661555428",
      "geometry": {
        "type": "Point",
        "coordinates": [
          -113.5199943593177,
          53.53846373859466
        ]
      },
      "properties": {
        "city": "Edmonton",
        "dtuid": "835110611",
        "feed": "general_building_permits",
        "source_record_id": "1-661555428",
        "status": null,
        "permit_type": "Commercial Final",
        "permit_class": "Apartment Condos (315)",
        "work_type": "(03) Interior Alterations",
        "description": "To construct Interior Alterations (concrete repairs) to parking structure. LeMarchand Tower.",
        "address": "11503 - 100 AVENUE NW",
        "applied_date": null,
        "issued_date": "2026-07-15T00:00:00.000",
        "completed_date": null,
        "period_date": "2026-07-15T00:00:00.000",
        "longitude": -113.5199943593177,
        "latitude": 53.53846373859466,
        "units_created": null,
        "units_lost": null,
        "net_units": 0.0,
        "is_residential": true,
        "is_active": false,
        "in_period": true,
        "requested_geography": "downtown",
        "in_requested_geography": true,
        "spatial_qa": "point_in_polygon_tested",
        "metric_roles": "period_flow",
        "source_page": "https://data.edmonton.ca/d/24uj-dj8v",
        "retrieved_at_utc": "2026-07-17T18:30:45.175912+00:00",
        "metric_membership": "period"
      }
    },
    {
      "type": "Feature",
      "id": "general_building_permits:1-661712996",
      "geometry": {
        "type": "Point",
        "coordinates": [
          -113.51813732909046,
          53.53747508297663
        ]
      },
      "properties": {
        "city": "Edmonton",
        "dtuid": "835110611",
        "feed": "general_building_permits",
        "source_record_id": "1-661712996",
        "status": null,
        "permit_type": "Commercial Final",
        "permit_class": "Apartment Condos (315)",
        "work_type": "(03) Interior Alterations",
        "description": "To construct Interior Alterations (structural repairs and waterproofing of existing building components)",
        "address": "M1, 9908 - 114 STREET NW",
        "applied_date": null,
        "issued_date": "2026-07-12T00:00:00.000",
        "completed_date": null,
        "period_date": "2026-07-12T00:00:00.000",
        "longitude": -113.51813732909046,
        "latitude": 53.53747508297663,
        "units_created": null,
        "units_lost": null,
        "net_units": 0.0,
        "is_residential": true,
        "is_active": false,
        "in_period": true,
        "requested_geography": "downtown",
        "in_requested_geography": true,
        "spatial_qa": "point_in_polygon_tested",
        "metric_roles": "period_flow",
        "source_page": "https://data.edmonton.ca/d/24uj-dj8v",
        "retrieved_at_utc": "2026-07-17T18:30:45.175912+00:00",
        "metric_membership": "period"
      }
    },
    {
      "type": "Feature",
      "id": "general_building_permits:1-662640508",
      "geometry": {
        "type": "Point",
        "coordinates": [
          -113.53366247825673,
          53.556315517188374
        ]
      },
      "properties": {
        "city": "Edmonton",
        "dtuid": "835110611",
        "feed": "general_building_permits",
        "source_record_id": "1-662640508",
        "status": null,
        "permit_type": "Home Improvement",
        "permit_class": null,
        "work_type": null,
        "description": "To demolish a Single Detached House and detached Garage.",
        "address": "10975 - 123 STREET NW",
        "applied_date": null,
        "issued_date": "2026-07-07T00:00:00.000",
        "completed_date": null,
        "period_date": "2026-07-07T00:00:00.000",
        "longitude": -113.53366247825673,
        "latitude": 53.556315517188374,
        "units_created": null,
        "units_lost": null,
        "net_units": null,
        "is_residential": true,
        "is_active": false,
        "in_period": true,
        "requested_geography": "downtown",
        "in_requested_geography": true,
        "spatial_qa": "point_in_polygon_tested",
        "metric_roles": "period_flow",
        "source_page": "https://data.edmonton.ca/d/24uj-dj8v",
        "retrieved_at_utc": "2026-07-17T18:30:45.175912+00:00",
        "metric_membership": "period"
      }
    },
    {
      "type": "Feature",
      "id": "general_building_permits:1-662643031",
      "geometry": {
        "type": "Point",
        "coordinates": [
          -113.4942510304725,
          53.53210198179865
        ]
      },
      "properties": {
        "city": "Edmonton",
        "dtuid": "835110611",
        "feed": "general_building_permits",
        "source_record_id": "1-662643031",
        "status": null,
        "permit_type": "Commercial Final",
        "permit_class": "Apartments (310)",
        "work_type": "(03) Interior Alterations",
        "description": "To construct Interior Alterations to an existing residential apartment building. Fire alarm system modification: replace the existing conventional Fire Alarm Control Panel with a new conventional Fire Alarm Control Panel (one for one). Replace 2 existing signaling devices with new, existing Initiating devices will be confirmed as compatible.  Existing circuits and wiring is to be reused.  The sequence of operations from the existing f.a. control panel will not be modified. \"Rossdale Residential Apartments\" - FA Panel Replacement.",
        "address": "9540 - 101 STREET NW",
        "applied_date": null,
        "issued_date": "2026-07-15T00:00:00.000",
        "completed_date": null,
        "period_date": "2026-07-15T00:00:00.000",
        "longitude": -113.4942510304725,
        "latitude": 53.53210198179865,
        "units_created": null,
        "units_lost": null,
        "net_units": 0.0,
        "is_residential": true,
        "is_active": false,
        "in_period": true,
        "requested_geography": "downtown",
        "in_requested_geography": true,
        "spatial_qa": "point_in_polygon_tested",
        "metric_roles": "period_flow",
        "source_page": "https://data.edmonton.ca/d/24uj-dj8v",
        "retrieved_at_utc": "2026-07-17T18:30:45.175912+00:00",
        "metric_membership": "period"
      }
    },
    {
      "type": "Feature",
      "id": "general_building_permits:1-664177829",
      "geometry": {
        "type": "Point",
        "coordinates": [
          -113.53289585996063,
          53.55273124646848
        ]
      },
      "properties": {
        "city": "Edmonton",
        "dtuid": "835110611",
        "feed": "general_building_permits",
        "source_record_id": "1-664177829",
        "status": null,
        "permit_type": "Home Improvement",
        "permit_class": "Single Detached House (110)",
        "work_type": null,
        "description": "To install a Renewable Energy Device On a House (12 Solar PhotoVoltaic (PV) Panel(s) on the Roof).",
        "address": "10802 - 122 STREET NW",
        "applied_date": null,
        "issued_date": "2026-06-29T00:00:00.000",
        "completed_date": null,
        "period_date": "2026-06-29T00:00:00.000",
        "longitude": -113.53289585996063,
        "latitude": 53.55273124646848,
        "units_created": null,
        "units_lost": null,
        "net_units": null,
        "is_residential": true,
        "is_active": false,
        "in_period": true,
        "requested_geography": "downtown",
        "in_requested_geography": true,
        "spatial_qa": "point_in_polygon_tested",
        "metric_roles": "period_flow",
        "source_page": "https://data.edmonton.ca/d/24uj-dj8v",
        "retrieved_at_utc": "2026-07-17T18:30:45.175912+00:00",
        "metric_membership": "period"
      }
    },
    {
      "type": "Feature",
      "id": "general_building_permits:1-665425626",
      "geometry": {
        "type": "Point",
        "coordinates": [
          -113.51342358086568,
          53.55172484185148
        ]
      },
      "properties": {
        "city": "Edmonton",
        "dtuid": "835110611",
        "feed": "general_building_permits",
        "source_record_id": "1-665425626",
        "status": null,
        "permit_type": "Home Improvement",
        "permit_class": "Single Detached House (110)",
        "work_type": null,
        "description": "To demolish a Residential Use building (Single Detached House) and an Accessory building (detached Garage).",
        "address": "10709 - 112 STREET NW",
        "applied_date": null,
        "issued_date": "2026-07-14T00:00:00.000",
        "completed_date": null,
        "period_date": "2026-07-14T00:00:00.000",
        "longitude": -113.51342358086568,
        "latitude": 53.55172484185148,
        "units_created": null,
        "units_lost": null,
        "net_units": null,
        "is_residential": true,
        "is_active": false,
        "in_period": true,
        "requested_geography": "downtown",
        "in_requested_geography": true,
        "spatial_qa": "point_in_polygon_tested",
        "metric_roles": "period_flow",
        "source_page": "https://data.edmonton.ca/d/24uj-dj8v",
        "retrieved_at_utc": "2026-07-17T18:30:45.175912+00:00",
        "metric_membership": "period"
      }
    },
    {
      "type": "Feature",
      "id": "general_building_permits:2-578394582",
      "geometry": {
        "type": "Point",
        "coordinates": [
          -113.50606676890094,
          53.553313696461146
        ]
      },
      "properties": {
        "city": "Edmonton",
        "dtuid": "835110611",
        "feed": "general_building_permits",
        "source_record_id": "2-578394582",
        "status": null,
        "permit_type": "Single, Semi-detached & Rowhousing",
        "permit_class": "Row House (330)",
        "work_type": "(01) Building - New",
        "description": "To construct a 4 Dwelling Row House with unenclosed front porches, covered decks, fireplaces and 4 Secondary Suites in the basements. POLICY B23-01",
        "address": "10805 - 108 STREET NW",
        "applied_date": null,
        "issued_date": "2026-02-27T00:00:00.000",
        "completed_date": null,
        "period_date": "2026-02-27T00:00:00.000",
        "longitude": -113.50606676890094,
        "latitude": 53.553313696461146,
        "units_created": null,
        "units_lost": null,
        "net_units": 8.0,
        "is_residential": true,
        "is_active": false,
        "in_period": true,
        "requested_geography": "downtown",
        "in_requested_geography": true,
        "spatial_qa": "point_in_polygon_tested",
        "metric_roles": "period_flow",
        "source_page": "https://data.edmonton.ca/d/24uj-dj8v",
        "retrieved_at_utc": "2026-07-17T18:30:45.175912+00:00",
        "metric_membership": "period"
      }
    },
    {
      "type": "Feature",
      "id": "general_building_permits:2-596542952",
      "geometry": {
        "type": "Point",
        "coordinates": [
          -113.51894304838676,
          53.555282512243146
        ]
      },
      "properties": {
        "city": "Edmonton",
        "dtuid": "835110611",
        "feed": "general_building_permits",
        "source_record_id": "2-596542952",
        "status": null,
        "permit_type": "Single, Semi-detached & Rowhousing",
        "permit_class": "Row House (330)",
        "work_type": "(01) Building - New",
        "description": "To construct a Residential Use building in the form of a 4 Dwelling Row House with unenclosed front porches, 4 secondary suites and uncovered decks.",
        "address": "1, 10915 - 115 STREET NW",
        "applied_date": null,
        "issued_date": "2026-05-20T00:00:00.000",
        "completed_date": null,
        "period_date": "2026-05-20T00:00:00.000",
        "longitude": -113.51894304838676,
        "latitude": 53.555282512243146,
        "units_created": null,
        "units_lost": null,
        "net_units": 8.0,
        "is_residential": true,
        "is_active": false,
        "in_period": true,
        "requested_geography": "downtown",
        "in_requested_geography": true,
        "spatial_qa": "point_in_polygon_tested",
        "metric_roles": "period_flow",
        "source_page": "https://data.edmonton.ca/d/24uj-dj8v",
        "retrieved_at_utc": "2026-07-17T18:30:45.175912+00:00",
        "metric_membership": "period"
      }
    },
    {
      "type": "Feature",
      "id": "general_building_permits:2-602130817",
      "geometry": {
        "type": "Point",
        "coordinates": [
          -113.49871102693538,
          53.54283146139044
        ]
      },
      "properties": {
        "city": "Edmonton",
        "dtuid": "835110611",
        "feed": "general_building_permits",
        "source_record_id": "2-602130817",
        "status": null,
        "permit_type": "Commercial Final",
        "permit_class": "Apartments (310)",
        "work_type": "(09) Convert Non-Res to Residential",
        "description": "To convert an office building into apartment dwellings and to construct interior alterations.  McKenney Apartment",
        "address": "B3, 10187 - 104 STREET NW",
        "applied_date": null,
        "issued_date": "2026-02-13T00:00:00.000",
        "completed_date": null,
        "period_date": "2026-02-13T00:00:00.000",
        "longitude": -113.49871102693538,
        "latitude": 53.54283146139044,
        "units_created": null,
        "units_lost": null,
        "net_units": 33.0,
        "is_residential": true,
        "is_active": false,
        "in_period": true,
        "requested_geography": "downtown",
        "in_requested_geography": true,
        "spatial_qa": "point_in_polygon_tested",
        "metric_roles": "period_flow",
        "source_page": "https://data.edmonton.ca/d/24uj-dj8v",
        "retrieved_at_utc": "2026-07-17T18:30:45.175912+00:00",
        "metric_membership": "period"
      }
    },
    {
      "type": "Feature",
      "id": "general_building_permits:2-607728135",
      "geometry": {
        "type": "Point",
        "coordinates": [
          -113.52724590220204,
          53.54016832839812
        ]
      },
      "properties": {
        "city": "Edmonton",
        "dtuid": "835110611",
        "feed": "general_building_permits",
        "source_record_id": "2-607728135",
        "status": null,
        "permit_type": "Commercial Final",
        "permit_class": "Apartment Condos (315)",
        "work_type": "(03) Interior Alterations",
        "description": "To construct Interior Alterations (new metal storage locker in parking stall 90) in the underground parkade (Level 2) of an existing condominium apartment building (The Arcadia).",
        "address": "803, 10010 - 119 STREET NW",
        "applied_date": null,
        "issued_date": "2026-02-25T00:00:00.000",
        "completed_date": null,
        "period_date": "2026-02-25T00:00:00.000",
        "longitude": -113.52724590220204,
        "latitude": 53.54016832839812,
        "units_created": null,
        "units_lost": null,
        "net_units": 0.0,
        "is_residential": true,
        "is_active": false,
        "in_period": true,
        "requested_geography": "downtown",
        "in_requested_geography": true,
        "spatial_qa": "point_in_polygon_tested",
        "metric_roles": "period_flow",
        "source_page": "https://data.edmonton.ca/d/24uj-dj8v",
        "retrieved_at_utc": "2026-07-17T18:30:45.175912+00:00",
        "metric_membership": "period"
      }
    },
    {
      "type": "Feature",
      "id": "general_building_permits:2-625563314",
      "geometry": {
        "type": "Point",
        "coordinates": [
          -113.51550795895012,
          53.55739224502577
        ]
      },
      "properties": {
        "city": "Edmonton",
        "dtuid": "835110611",
        "feed": "general_building_permits",
        "source_record_id": "2-625563314",
        "status": null,
        "permit_type": "Single, Semi-detached & Rowhousing",
        "permit_class": "Row House (330)",
        "work_type": "(01) Building - New",
        "description": "To construct a Residential Use building in the form of a 4 Dwelling Row House with unenclosed front porches, and to develop 4 Secondary Suites (located in the Basement and first floors) for a total of 8 Dwellings. POLICY B23-01",
        "address": "11021 - 113 STREET NW",
        "applied_date": null,
        "issued_date": "2026-03-26T00:00:00.000",
        "completed_date": null,
        "period_date": "2026-03-26T00:00:00.000",
        "longitude": -113.51550795895012,
        "latitude": 53.55739224502577,
        "units_created": null,
        "units_lost": null,
        "net_units": 8.0,
        "is_residential": true,
        "is_active": false,
        "in_period": true,
        "requested_geography": "downtown",
        "in_requested_geography": true,
        "spatial_qa": "point_in_polygon_tested",
        "metric_roles": "period_flow",
        "source_page": "https://data.edmonton.ca/d/24uj-dj8v",
        "retrieved_at_utc": "2026-07-17T18:30:45.175912+00:00",
        "metric_membership": "period"
      }
    },
    {
      "type": "Feature",
      "id": "general_building_permits:2-630051570",
      "geometry": {
        "type": "Point",
        "coordinates": [
          -113.5190821656195,
          53.55845448358195
        ]
      },
      "properties": {
        "city": "Edmonton",
        "dtuid": "835110611",
        "feed": "general_building_permits",
        "source_record_id": "2-630051570",
        "status": null,
        "permit_type": "Single, Semi-detached & Rowhousing",
        "permit_class": "Row House (330)",
        "work_type": "(01) Building - New",
        "description": "To construct a 3 Dwelling Row House with 3 secondary suites and unenclosed front porch. POLICY B23-01",
        "address": "1, 11347 - 111 AVENUE NW",
        "applied_date": null,
        "issued_date": "2026-02-24T00:00:00.000",
        "completed_date": null,
        "period_date": "2026-02-24T00:00:00.000",
        "longitude": -113.5190821656195,
        "latitude": 53.55845448358195,
        "units_created": null,
        "units_lost": null,
        "net_units": 6.0,
        "is_residential": true,
        "is_active": false,
        "in_period": true,
        "requested_geography": "downtown",
        "in_requested_geography": true,
        "spatial_qa": "point_in_polygon_tested",
        "metric_roles": "period_flow",
        "source_page": "https://data.edmonton.ca/d/24uj-dj8v",
        "retrieved_at_utc": "2026-07-17T18:30:45.175912+00:00",
        "metric_membership": "period"
      }
    },
    {
      "type": "Feature",
      "id": "general_building_permits:2-630564105",
      "geometry": {
        "type": "Point",
        "coordinates": [
          -113.53201744293142,
          53.557137918819095
        ]
      },
      "properties": {
        "city": "Edmonton",
        "dtuid": "835110611",
        "feed": "general_building_permits",
        "source_record_id": "2-630564105",
        "status": null,
        "permit_type": "Single, Semi-detached & Rowhousing",
        "permit_class": "Row House (330)",
        "work_type": "(01) Building - New",
        "description": "To construct a Residential Use building in the form of a 3 Dwelling Row House with unenclosed front porches, and to develop 3 Secondary Suites in the Basements.  POLICY B23-01",
        "address": "10983 - 122 STREET NW",
        "applied_date": null,
        "issued_date": "2026-06-08T00:00:00.000",
        "completed_date": null,
        "period_date": "2026-06-08T00:00:00.000",
        "longitude": -113.53201744293142,
        "latitude": 53.557137918819095,
        "units_created": null,
        "units_lost": null,
        "net_units": 6.0,
        "is_residential": true,
        "is_active": false,
        "in_period": true,
        "requested_geography": "downtown",
        "in_requested_geography": true,
        "spatial_qa": "point_in_polygon_tested",
        "metric_roles": "period_flow",
        "source_page": "https://data.edmonton.ca/d/24uj-dj8v",
        "retrieved_at_utc": "2026-07-17T18:30:45.175912+00:00",
        "metric_membership": "period"
      }
    },
    {
      "type": "Feature",
      "id": "general_building_permits:2-631684782",
      "geometry": {
        "type": "Point",
        "coordinates": [
          -113.52199118063676,
          53.558453618425126
        ]
      },
      "properties": {
        "city": "Edmonton",
        "dtuid": "835110611",
        "feed": "general_building_permits",
        "source_record_id": "2-631684782",
        "status": null,
        "permit_type": "Single, Semi-detached & Rowhousing",
        "permit_class": "Row House (330)",
        "work_type": "(01) Building - New",
        "description": "To construct a Residential Use building in the form of a 4 Dwelling Row House with unenclosed front porches, and to develop 4 Secondary Suites. (Policy B23-01)",
        "address": "1, 11611 - 111 AVENUE NW",
        "applied_date": null,
        "issued_date": "2026-07-16T00:00:00.000",
        "completed_date": null,
        "period_date": "2026-07-16T00:00:00.000",
        "longitude": -113.52199118063676,
        "latitude": 53.558453618425126,
        "units_created": null,
        "units_lost": null,
        "net_units": 8.0,
        "is_residential": true,
        "is_active": false,
        "in_period": true,
        "requested_geography": "downtown",
        "in_requested_geography": true,
        "spatial_qa": "point_in_polygon_tested",
        "metric_roles": "period_flow",
        "source_page": "https://data.edmonton.ca/d/24uj-dj8v",
        "retrieved_at_utc": "2026-07-17T18:30:45.175912+00:00",
        "metric_membership": "period"
      }
    },
    {
      "type": "Feature",
      "id": "general_building_permits:2-633381806",
      "geometry": {
        "type": "Point",
        "coordinates": [
          -113.47028755461051,
          53.54453445232666
        ]
      },
      "properties": {
        "city": "Edmonton",
        "dtuid": "835110611",
        "feed": "general_building_permits",
        "source_record_id": "2-633381806",
        "status": null,
        "permit_type": "Single, Semi-detached & Rowhousing",
        "permit_class": "Row House (330)",
        "work_type": "(01) Building - New",
        "description": "To construct a Residential Use building in the form of a 4 Dwelling Row House with unenclosed front porches and 4 secondary suites.",
        "address": "10149 - 90 STREET NW",
        "applied_date": null,
        "issued_date": "2026-05-12T00:00:00.000",
        "completed_date": null,
        "period_date": "2026-05-12T00:00:00.000",
        "longitude": -113.47028755461051,
        "latitude": 53.54453445232666,
        "units_created": null,
        "units_lost": null,
        "net_units": 8.0,
        "is_residential": true,
        "is_active": false,
        "in_period": true,
        "requested_geography": "downtown",
        "in_requested_geography": true,
        "spatial_qa": "point_in_polygon_tested",
        "metric_roles": "period_flow",
        "source_page": "https://data.edmonton.ca/d/24uj-dj8v",
        "retrieved_at_utc": "2026-07-17T18:30:45.175912+00:00",
        "metric_membership": "period"
      }
    },
    {
      "type": "Feature",
      "id": "general_building_permits:2-633418006",
      "geometry": {
        "type": "Point",
        "coordinates": [
          -113.51815922467868,
          53.55061549488247
        ]
      },
      "properties": {
        "city": "Edmonton",
        "dtuid": "835110611",
        "feed": "general_building_permits",
        "source_record_id": "2-633418006",
        "status": null,
        "permit_type": "Commercial Final",
        "permit_class": "Apartments (310)",
        "work_type": "(03) Exterior Alterations",
        "description": "To construct Exterior Alterations (removal of balconies and installation of guard rails to cover patio doors) on 12 dwelling units of a 2 storey apartment building (Parklane Manor)  NOTE: work completed without permits",
        "address": "10630 - 114 STREET NW",
        "applied_date": null,
        "issued_date": "2026-04-14T00:00:00.000",
        "completed_date": null,
        "period_date": "2026-04-14T00:00:00.000",
        "longitude": -113.51815922467868,
        "latitude": 53.55061549488247,
        "units_created": null,
        "units_lost": null,
        "net_units": 0.0,
        "is_residential": true,
        "is_active": false,
        "in_period": true,
        "requested_geography": "downtown",
        "in_requested_geography": true,
        "spatial_qa": "point_in_polygon_tested",
        "metric_roles": "period_flow",
        "source_page": "https://data.edmonton.ca/d/24uj-dj8v",
        "retrieved_at_utc": "2026-07-17T18:30:45.175912+00:00",
        "metric_membership": "period"
      }
    },
    {
      "type": "Feature",
      "id": "general_building_permits:2-640325020",
      "geometry": {
        "type": "Point",
        "coordinates": [
          -113.52078250735164,
          53.55687625572484
        ]
      },
      "properties": {
        "city": "Edmonton",
        "dtuid": "835110611",
        "feed": "general_building_permits",
        "source_record_id": "2-640325020",
        "status": null,
        "permit_type": "Single, Semi-detached & Rowhousing",
        "permit_class": "Row House (330)",
        "work_type": "(01) Building - New",
        "description": "To construct a Residential Use building in the form of a 4 Dwelling Row House with unenclosed front porches and 4 Secondary Suites in the basements.",
        "address": "1, 10955 - 116 STREET NW",
        "applied_date": null,
        "issued_date": "2026-06-18T00:00:00.000",
        "completed_date": null,
        "period_date": "2026-06-18T00:00:00.000",
        "longitude": -113.52078250735164,
        "latitude": 53.55687625572484,
        "units_created": null,
        "units_lost": null,
        "net_units": 8.0,
        "is_residential": true,
        "is_active": false,
        "in_period": true,
        "requested_geography": "downtown",
        "in_requested_geography": true,
        "spatial_qa": "point_in_polygon_tested",
        "metric_roles": "period_flow",
        "source_page": "https://data.edmonton.ca/d/24uj-dj8v",
        "retrieved_at_utc": "2026-07-17T18:30:45.175912+00:00",
        "metric_membership": "period"
      }
    },
    {
      "type": "Feature",
      "id": "general_building_permits:2-646120814",
      "geometry": {
        "type": "Point",
        "coordinates": [
          -113.5313517521139,
          53.55017192686278
        ]
      },
      "properties": {
        "city": "Edmonton",
        "dtuid": "835110611",
        "feed": "general_building_permits",
        "source_record_id": "2-646120814",
        "status": null,
        "permit_type": "Commercial Final",
        "permit_class": "Apartment Condos (315)",
        "work_type": "(03) Interior Alterations",
        "description": "To construct Interior Alterations (main floor units structural rehabilitation) to an existing building. Glenora Mansion.",
        "address": "12110 - 106 AVENUE NW",
        "applied_date": null,
        "issued_date": "2026-02-25T00:00:00.000",
        "completed_date": null,
        "period_date": "2026-02-25T00:00:00.000",
        "longitude": -113.5313517521139,
        "latitude": 53.55017192686278,
        "units_created": null,
        "units_lost": null,
        "net_units": 0.0,
        "is_residential": true,
        "is_active": false,
        "in_period": true,
        "requested_geography": "downtown",
        "in_requested_geography": true,
        "spatial_qa": "point_in_polygon_tested",
        "metric_roles": "period_flow",
        "source_page": "https://data.edmonton.ca/d/24uj-dj8v",
        "retrieved_at_utc": "2026-07-17T18:30:45.175912+00:00",
        "metric_membership": "period"
      }
    },
    {
      "type": "Feature",
      "id": "general_building_permits:2-648775607",
      "geometry": {
        "type": "Point",
        "coordinates": [
          -113.5181522453906,
          53.542430730952795
        ]
      },
      "properties": {
        "city": "Edmonton",
        "dtuid": "835110611",
        "feed": "general_building_permits",
        "source_record_id": "2-648775607",
        "status": null,
        "permit_type": "Commercial Final",
        "permit_class": "Mixed Use (522)",
        "work_type": "(03) Exterior Alterations",
        "description": "To Construct Exterior Alterations to a residential Building (Installation of roof top tieback Anchors), The Hargate, Fall Arrest Design.",
        "address": "10160 - 114 STREET NW",
        "applied_date": null,
        "issued_date": "2026-03-16T00:00:00.000",
        "completed_date": null,
        "period_date": "2026-03-16T00:00:00.000",
        "longitude": -113.5181522453906,
        "latitude": 53.542430730952795,
        "units_created": null,
        "units_lost": null,
        "net_units": 0.0,
        "is_residential": true,
        "is_active": false,
        "in_period": true,
        "requested_geography": "downtown",
        "in_requested_geography": true,
        "spatial_qa": "point_in_polygon_tested",
        "metric_roles": "period_flow",
        "source_page": "https://data.edmonton.ca/d/24uj-dj8v",
        "retrieved_at_utc": "2026-07-17T18:30:45.175912+00:00",
        "metric_membership": "period"
      }
    },
    {
      "type": "Feature",
      "id": "general_building_permits:2-651511946",
      "geometry": {
        "type": "Point",
        "coordinates": [
          -113.52366982678944,
          53.54018878190658
        ]
      },
      "properties": {
        "city": "Edmonton",
        "dtuid": "835110611",
        "feed": "general_building_permits",
        "source_record_id": "2-651511946",
        "status": null,
        "permit_type": "Commercial Final",
        "permit_class": "Apartment Condos (315)",
        "work_type": "(03) Exterior Alterations",
        "description": "To construct Exterior Alterations to an existing apartment building, (Window repairs at Unit 1401, 1403 & 1501) Remove and reinstall three existing windows, replace one window, replace existing EIFS. Seal 5 window joints, remove & reinstall cement board lap siding /envelope.  'Uptown Estates Condominium' Window Repairs.",
        "address": "10046 - 117 STREET NW",
        "applied_date": null,
        "issued_date": "2026-04-15T00:00:00.000",
        "completed_date": null,
        "period_date": "2026-04-15T00:00:00.000",
        "longitude": -113.52366982678944,
        "latitude": 53.54018878190658,
        "units_created": null,
        "units_lost": null,
        "net_units": 0.0,
        "is_residential": true,
        "is_active": false,
        "in_period": true,
        "requested_geography": "downtown",
        "in_requested_geography": true,
        "spatial_qa": "point_in_polygon_tested",
        "metric_roles": "period_flow",
        "source_page": "https://data.edmonton.ca/d/24uj-dj8v",
        "retrieved_at_utc": "2026-07-17T18:30:45.175912+00:00",
        "metric_membership": "period"
      }
    },
    {
      "type": "Feature",
      "id": "general_building_permits:2-651528377",
      "geometry": {
        "type": "Point",
        "coordinates": [
          -113.51709687702974,
          53.538190837257225
        ]
      },
      "properties": {
        "city": "Edmonton",
        "dtuid": "835110611",
        "feed": "general_building_permits",
        "source_record_id": "2-651528377",
        "status": null,
        "permit_type": "Commercial Final",
        "permit_class": "Apartments (310)",
        "work_type": "(03) Exterior Alterations",
        "description": "To construct Exterior Alteration to an existing apartment building, structural repairs and maintenance to all balconies. Waterproof coating application to balcony surfaces and installation of new guardrails. 'Maureen Manor', 2026 Balcony Structural Maintenance Program.",
        "address": "9927 - 114 STREET NW",
        "applied_date": null,
        "issued_date": "2026-04-09T00:00:00.000",
        "completed_date": null,
        "period_date": "2026-04-09T00:00:00.000",
        "longitude": -113.51709687702974,
        "latitude": 53.538190837257225,
        "units_created": null,
        "units_lost": null,
        "net_units": 0.0,
        "is_residential": true,
        "is_active": false,
        "in_period": true,
        "requested_geography": "downtown",
        "in_requested_geography": true,
        "spatial_qa": "point_in_polygon_tested",
        "metric_roles": "period_flow",
        "source_page": "https://data.edmonton.ca/d/24uj-dj8v",
        "retrieved_at_utc": "2026-07-17T18:30:45.175912+00:00",
        "metric_membership": "period"
      }
    },
    {
      "type": "Feature",
      "id": "general_building_permits:2-662650686",
      "geometry": {
        "type": "Point",
        "coordinates": [
          -113.5199943593177,
          53.53846373859466
        ]
      },
      "properties": {
        "city": "Edmonton",
        "dtuid": "835110611",
        "feed": "general_building_permits",
        "source_record_id": "2-662650686",
        "status": null,
        "permit_type": "Commercial Final",
        "permit_class": "Apartments (310)",
        "work_type": "(03) Exterior Alterations",
        "description": "to construct Exterior Alteration (glazing replacement) in an existing residential high rise building. --LeMarchand Tower--",
        "address": "11503 - 100 AVENUE NW",
        "applied_date": null,
        "issued_date": "2026-06-30T00:00:00.000",
        "completed_date": null,
        "period_date": "2026-06-30T00:00:00.000",
        "longitude": -113.5199943593177,
        "latitude": 53.53846373859466,
        "units_created": null,
        "units_lost": null,
        "net_units": 0.0,
        "is_residential": true,
        "is_active": false,
        "in_period": true,
        "requested_geography": "downtown",
        "in_requested_geography": true,
        "spatial_qa": "point_in_polygon_tested",
        "metric_roles": "period_flow",
        "source_page": "https://data.edmonton.ca/d/24uj-dj8v",
        "retrieved_at_utc": "2026-07-17T18:30:45.175912+00:00",
        "metric_membership": "period"
      }
    },
    {
      "type": "Feature",
      "id": "general_building_permits:4-633381806",
      "geometry": {
        "type": "Point",
        "coordinates": [
          -113.47028755461051,
          53.54453445232666
        ]
      },
      "properties": {
        "city": "Edmonton",
        "dtuid": "835110611",
        "feed": "general_building_permits",
        "source_record_id": "4-633381806",
        "status": null,
        "permit_type": "Home Improvement",
        "permit_class": null,
        "work_type": null,
        "description": "To demolish a Single Detached House and detached Garage.",
        "address": "10149 - 90 STREET NW",
        "applied_date": null,
        "issued_date": "2026-01-30T00:00:00.000",
        "completed_date": null,
        "period_date": "2026-01-30T00:00:00.000",
        "longitude": -113.47028755461051,
        "latitude": 53.54453445232666,
        "units_created": null,
        "units_lost": null,
        "net_units": null,
        "is_residential": true,
        "is_active": false,
        "in_period": true,
        "requested_geography": "downtown",
        "in_requested_geography": true,
        "spatial_qa": "point_in_polygon_tested",
        "metric_roles": "period_flow",
        "source_page": "https://data.edmonton.ca/d/24uj-dj8v",
        "retrieved_at_utc": "2026-07-17T18:30:45.175912+00:00",
        "metric_membership": "period"
      }
    },
    {
      "type": "Feature",
      "id": "general_building_permits:4-640325020",
      "geometry": {
        "type": "Point",
        "coordinates": [
          -113.52078250735164,
          53.55687625572484
        ]
      },
      "properties": {
        "city": "Edmonton",
        "dtuid": "835110611",
        "feed": "general_building_permits",
        "source_record_id": "4-640325020",
        "status": null,
        "permit_type": "Home Improvement",
        "permit_class": "Single Detached House (110)",
        "work_type": null,
        "description": "To demolish a Single Detached House and detached Garage.",
        "address": "1, 10955 - 116 STREET NW",
        "applied_date": null,
        "issued_date": "2026-02-23T00:00:00.000",
        "completed_date": null,
        "period_date": "2026-02-23T00:00:00.000",
        "longitude": -113.52078250735164,
        "latitude": 53.55687625572484,
        "units_created": null,
        "units_lost": null,
        "net_units": null,
        "is_residential": true,
        "is_active": false,
        "in_period": true,
        "requested_geography": "downtown",
        "in_requested_geography": true,
        "spatial_qa": "point_in_polygon_tested",
        "metric_roles": "period_flow",
        "source_page": "https://data.edmonton.ca/d/24uj-dj8v",
        "retrieved_at_utc": "2026-07-17T18:30:45.175912+00:00",
        "metric_membership": "period"
      }
    }
  ]
}