{
  "type": "FeatureCollection",
  "name": "Halifax final downtown residential permits",
  "metadata": {
    "city": "Halifax",
    "dtuid": "205090341",
    "spatial_coverage": "downtown",
    "coordinate_reference_system": "urn:ogc:def:crs:OGC::CRS84",
    "report_start_date": "2026-01-01",
    "report_end_date": "2026-07-17",
    "retrieved_at_utc": "2026-07-17T18:30:45.175912+00:00",
    "selection": "Residential records inside the downtown DTUID used by the active inventory and/or reporting-period flow metrics.",
    "feature_count": 110
  },
  "features": [
    {
      "type": "Feature",
      "id": "pplc_building_permits_geolocated:BPCOM-2022-08485",
      "geometry": {
        "type": "Point",
        "coordinates": [
          -63.573134215836866,
          44.645710137367125
        ]
      },
      "properties": {
        "city": "Halifax",
        "dtuid": "205090341",
        "feed": "pplc_building_permits_geolocated",
        "source_record_id": "BPCOM-2022-08485",
        "status": "Applicant Revisions",
        "permit_type": "Mixed Use & Commercial Building Permit",
        "permit_class": "Mixed Use - Residential & Other Use(s)",
        "work_type": "Renovation",
        "description": "Renovation of existing building (Interior) and addition of mezzanine on top level (9m). 1575 & 1573 Barrington St both included in this building.",
        "address": "1573 BARRINGTON ST",
        "applied_date": "2022-07-25T12:00:00+00:00",
        "issued_date": null,
        "completed_date": null,
        "period_date": null,
        "longitude": -63.573134215836866,
        "latitude": 44.645710137367125,
        "units_created": null,
        "units_lost": null,
        "net_units": 0.0,
        "is_residential": true,
        "is_active": true,
        "in_period": false,
        "requested_geography": "downtown",
        "in_requested_geography": true,
        "spatial_qa": "point_in_polygon_tested",
        "metric_roles": "active_inventory|period_flow",
        "source_page": "https://data-hrm.hub.arcgis.com/datasets/6ac34a5bc6554d25b137ef432d506f08",
        "retrieved_at_utc": "2026-07-17T18:30:45.175912+00:00",
        "metric_membership": "active"
      }
    },
    {
      "type": "Feature",
      "id": "pplc_building_permits_geolocated:BPRES-2025-09089",
      "geometry": {
        "type": "Point",
        "coordinates": [
          -63.57488103720839,
          44.63526819927191
        ]
      },
      "properties": {
        "city": "Halifax",
        "dtuid": "205090341",
        "feed": "pplc_building_permits_geolocated",
        "source_record_id": "BPRES-2025-09089",
        "status": "Issued",
        "permit_type": "Residential Building Permit",
        "permit_class": "Dwelling - Semi-Detached",
        "work_type": "Renovation",
        "description": "Converting Existing Two-Unit Dwelling to Single Unit Dwelling",
        "address": "1028 LUCKNOW ST",
        "applied_date": "2025-06-12T12:00:00+00:00",
        "issued_date": "2025-08-08T12:00:00+00:00",
        "completed_date": null,
        "period_date": "2025-08-08T12:00:00+00:00",
        "longitude": -63.57488103720839,
        "latitude": 44.63526819927191,
        "units_created": null,
        "units_lost": null,
        "net_units": -1.0,
        "is_residential": true,
        "is_active": true,
        "in_period": false,
        "requested_geography": "downtown",
        "in_requested_geography": true,
        "spatial_qa": "point_in_polygon_tested",
        "metric_roles": "active_inventory|period_flow",
        "source_page": "https://data-hrm.hub.arcgis.com/datasets/6ac34a5bc6554d25b137ef432d506f08",
        "retrieved_at_utc": "2026-07-17T18:30:45.175912+00:00",
        "metric_membership": "active"
      }
    },
    {
      "type": "Feature",
      "id": "pplc_building_permits_geolocated:BPCOM-2023-06405",
      "geometry": {
        "type": "Point",
        "coordinates": [
          -63.57725660125683,
          44.64955934799165
        ]
      },
      "properties": {
        "city": "Halifax",
        "dtuid": "205090341",
        "feed": "pplc_building_permits_geolocated",
        "source_record_id": "BPCOM-2023-06405",
        "status": "Issued",
        "permit_type": "Mixed Use & Commercial Building Permit",
        "permit_class": "Mixed Use - Residential & Other Use(s)",
        "work_type": "New Building",
        "description": "Scope of work is limited to: Construction of a 19-storey high-rise on top of the existing scotia square building. Two levels of parking garage, 291 residential units.",
        "address": "1883 ALBEMARLE ST",
        "applied_date": "2023-06-12T12:00:00+00:00",
        "issued_date": "2023-09-29T12:00:00+00:00",
        "completed_date": null,
        "period_date": "2023-09-29T12:00:00+00:00",
        "longitude": -63.57725660125683,
        "latitude": 44.64955934799165,
        "units_created": null,
        "units_lost": null,
        "net_units": 291.0,
        "is_residential": true,
        "is_active": true,
        "in_period": false,
        "requested_geography": "downtown",
        "in_requested_geography": true,
        "spatial_qa": "point_in_polygon_tested",
        "metric_roles": "active_inventory|period_flow",
        "source_page": "https://data-hrm.hub.arcgis.com/datasets/6ac34a5bc6554d25b137ef432d506f08",
        "retrieved_at_utc": "2026-07-17T18:30:45.175912+00:00",
        "metric_membership": "active"
      }
    },
    {
      "type": "Feature",
      "id": "pplc_building_permits_geolocated:BPCOM-2025-15127",
      "geometry": {
        "type": "Point",
        "coordinates": [
          -63.58563163099536,
          44.653349797035574
        ]
      },
      "properties": {
        "city": "Halifax",
        "dtuid": "205090341",
        "feed": "pplc_building_permits_geolocated",
        "source_record_id": "BPCOM-2025-15127",
        "status": "Amendment Review",
        "permit_type": "Mixed Use & Commercial Building Permit",
        "permit_class": "Dwelling - Multiple Units",
        "work_type": "Addition",
        "description": "Hansen 187624: Addition of 12 units (Velo 3) to a 68 unit apartment building (Velo 2) under construction (permit #170412) (DP 184576). (see Grade Alteration permit GP-2021-00654). Inspections conducted.",
        "address": "5501 CUNARD ST",
        "applied_date": "2025-09-25T12:00:00+00:00",
        "issued_date": "2025-10-22T12:00:00+00:00",
        "completed_date": null,
        "period_date": "2025-10-22T12:00:00+00:00",
        "longitude": -63.58563163099536,
        "latitude": 44.653349797035574,
        "units_created": null,
        "units_lost": null,
        "net_units": 12.0,
        "is_residential": true,
        "is_active": true,
        "in_period": false,
        "requested_geography": "downtown",
        "in_requested_geography": true,
        "spatial_qa": "point_in_polygon_tested",
        "metric_roles": "active_inventory|period_flow",
        "source_page": "https://data-hrm.hub.arcgis.com/datasets/6ac34a5bc6554d25b137ef432d506f08",
        "retrieved_at_utc": "2026-07-17T18:30:45.175912+00:00",
        "metric_membership": "active"
      }
    },
    {
      "type": "Feature",
      "id": "pplc_building_permits_geolocated:BPCOM-2022-04116",
      "geometry": {
        "type": "Point",
        "coordinates": [
          -63.58055965460019,
          44.64171756521886
        ]
      },
      "properties": {
        "city": "Halifax",
        "dtuid": "205090341",
        "feed": "pplc_building_permits_geolocated",
        "source_record_id": "BPCOM-2022-04116",
        "status": "Issued",
        "permit_type": "Mixed Use & Commercial Building Permit",
        "permit_class": "Mixed Use - Residential & Other Use(s)",
        "work_type": "Renovation",
        "description": "To remove over burden from existing podium roof, remove existing waterproofing system, to prepare concrete deck for replacement waterproofing, repair concrete slab, curb repairs and replacement,",
        "address": "1472 CATHEDRAL LANE",
        "applied_date": "2022-03-28T12:00:00+00:00",
        "issued_date": "2022-05-31T12:00:00+00:00",
        "completed_date": null,
        "period_date": "2022-05-31T12:00:00+00:00",
        "longitude": -63.58055965460019,
        "latitude": 44.64171756521886,
        "units_created": null,
        "units_lost": null,
        "net_units": 0.0,
        "is_residential": true,
        "is_active": true,
        "in_period": false,
        "requested_geography": "downtown",
        "in_requested_geography": true,
        "spatial_qa": "point_in_polygon_tested",
        "metric_roles": "active_inventory|period_flow",
        "source_page": "https://data-hrm.hub.arcgis.com/datasets/6ac34a5bc6554d25b137ef432d506f08",
        "retrieved_at_utc": "2026-07-17T18:30:45.175912+00:00",
        "metric_membership": "active"
      }
    },
    {
      "type": "Feature",
      "id": "pplc_building_permits_geolocated:BPCOM-2025-14882",
      "geometry": {
        "type": "Point",
        "coordinates": [
          -63.58055965460019,
          44.64171756521886
        ]
      },
      "properties": {
        "city": "Halifax",
        "dtuid": "205090341",
        "feed": "pplc_building_permits_geolocated",
        "source_record_id": "BPCOM-2025-14882",
        "status": "Applicant Revisions",
        "permit_type": "Mixed Use & Commercial Building Permit",
        "permit_class": "Mixed Use - Residential & Other Use(s)",
        "work_type": "Renovation",
        "description": "Removal of Masonry and Recladding.",
        "address": "1472 CATHEDRAL LANE",
        "applied_date": "2025-09-24T12:00:00+00:00",
        "issued_date": null,
        "completed_date": null,
        "period_date": null,
        "longitude": -63.58055965460019,
        "latitude": 44.64171756521886,
        "units_created": null,
        "units_lost": null,
        "net_units": 0.0,
        "is_residential": true,
        "is_active": true,
        "in_period": false,
        "requested_geography": "downtown",
        "in_requested_geography": true,
        "spatial_qa": "point_in_polygon_tested",
        "metric_roles": "active_inventory|period_flow",
        "source_page": "https://data-hrm.hub.arcgis.com/datasets/6ac34a5bc6554d25b137ef432d506f08",
        "retrieved_at_utc": "2026-07-17T18:30:45.175912+00:00",
        "metric_membership": "active"
      }
    },
    {
      "type": "Feature",
      "id": "pplc_building_permits_geolocated:BPRES-2025-13843",
      "geometry": {
        "type": "Point",
        "coordinates": [
          -63.583006468914654,
          44.649832081768274
        ]
      },
      "properties": {
        "city": "Halifax",
        "dtuid": "205090341",
        "feed": "pplc_building_permits_geolocated",
        "source_record_id": "BPRES-2025-13843",
        "status": "Issued",
        "permit_type": "Residential Building Permit",
        "permit_class": "Accessory Structure",
        "work_type": "New Building",
        "description": "Construct Accessory Structure",
        "address": "5580 COGSWELL ST",
        "applied_date": "2025-09-03T12:00:00+00:00",
        "issued_date": "2025-11-28T12:00:00+00:00",
        "completed_date": null,
        "period_date": "2025-11-28T12:00:00+00:00",
        "longitude": -63.583006468914654,
        "latitude": 44.649832081768274,
        "units_created": null,
        "units_lost": null,
        "net_units": 0.0,
        "is_residential": true,
        "is_active": true,
        "in_period": false,
        "requested_geography": "downtown",
        "in_requested_geography": true,
        "spatial_qa": "point_in_polygon_tested",
        "metric_roles": "active_inventory|period_flow",
        "source_page": "https://data-hrm.hub.arcgis.com/datasets/6ac34a5bc6554d25b137ef432d506f08",
        "retrieved_at_utc": "2026-07-17T18:30:45.175912+00:00",
        "metric_membership": "active"
      }
    },
    {
      "type": "Feature",
      "id": "pplc_building_permits_geolocated:BPCOM-2025-01898",
      "geometry": {
        "type": "Point",
        "coordinates": [
          -63.58620405616795,
          44.64126517220374
        ]
      },
      "properties": {
        "city": "Halifax",
        "dtuid": "205090341",
        "feed": "pplc_building_permits_geolocated",
        "source_record_id": "BPCOM-2025-01898",
        "status": "Issued",
        "permit_type": "Mixed Use & Commercial Building Permit",
        "permit_class": "Dwelling - Multiple Units",
        "work_type": "Renovation",
        "description": "Parking garage concrete repairs and waterproofing membrane replacement",
        "address": "5959 SPRING GARDEN RD",
        "applied_date": "2025-02-13T12:00:00+00:00",
        "issued_date": "2025-02-19T12:00:00+00:00",
        "completed_date": null,
        "period_date": "2025-02-19T12:00:00+00:00",
        "longitude": -63.58620405616795,
        "latitude": 44.64126517220374,
        "units_created": null,
        "units_lost": null,
        "net_units": 0.0,
        "is_residential": true,
        "is_active": true,
        "in_period": false,
        "requested_geography": "downtown",
        "in_requested_geography": true,
        "spatial_qa": "point_in_polygon_tested",
        "metric_roles": "active_inventory|period_flow",
        "source_page": "https://data-hrm.hub.arcgis.com/datasets/6ac34a5bc6554d25b137ef432d506f08",
        "retrieved_at_utc": "2026-07-17T18:30:45.175912+00:00",
        "metric_membership": "active"
      }
    },
    {
      "type": "Feature",
      "id": "pplc_building_permits_geolocated:BPRES-2023-14312",
      "geometry": {
        "type": "Point",
        "coordinates": [
          -63.58620405616795,
          44.64126517220374
        ]
      },
      "properties": {
        "city": "Halifax",
        "dtuid": "205090341",
        "feed": "pplc_building_permits_geolocated",
        "source_record_id": "BPRES-2023-14312",
        "status": "Application Incomplete",
        "permit_type": "Residential Building Permit",
        "permit_class": "Dwelling - Multiple Units",
        "work_type": "Renovation",
        "description": "Unit suffered from a kitchen fire resulting in gutting and refinishing unit.",
        "address": "5959 SPRING GARDEN RD",
        "applied_date": "2023-10-30T12:00:00+00:00",
        "issued_date": null,
        "completed_date": null,
        "period_date": null,
        "longitude": -63.58620405616795,
        "latitude": 44.64126517220374,
        "units_created": null,
        "units_lost": null,
        "net_units": 0.0,
        "is_residential": true,
        "is_active": true,
        "in_period": false,
        "requested_geography": "downtown",
        "in_requested_geography": true,
        "spatial_qa": "point_in_polygon_tested",
        "metric_roles": "active_inventory|period_flow",
        "source_page": "https://data-hrm.hub.arcgis.com/datasets/6ac34a5bc6554d25b137ef432d506f08",
        "retrieved_at_utc": "2026-07-17T18:30:45.175912+00:00",
        "metric_membership": "active"
      }
    },
    {
      "type": "Feature",
      "id": "pplc_building_permits_geolocated:BPCOM-2026-04959",
      "geometry": {
        "type": "Point",
        "coordinates": [
          -63.578072640532504,
          44.64290348077924
        ]
      },
      "properties": {
        "city": "Halifax",
        "dtuid": "205090341",
        "feed": "pplc_building_permits_geolocated",
        "source_record_id": "BPCOM-2026-04959",
        "status": "Issued",
        "permit_type": "Mixed Use & Commercial Building Permit",
        "permit_class": "Mixed Use - Residential & Other Use(s)",
        "work_type": "Renovation",
        "description": "Replacing existing wood siding with new wood siding Repainting Dresden Row side of building",
        "address": "5635 SPRING GARDEN RD",
        "applied_date": "2026-04-21T12:00:00+00:00",
        "issued_date": "2026-05-07T12:00:00+00:00",
        "completed_date": null,
        "period_date": "2026-05-07T12:00:00+00:00",
        "longitude": -63.578072640532504,
        "latitude": 44.64290348077924,
        "units_created": null,
        "units_lost": null,
        "net_units": 0.0,
        "is_residential": true,
        "is_active": true,
        "in_period": true,
        "requested_geography": "downtown",
        "in_requested_geography": true,
        "spatial_qa": "point_in_polygon_tested",
        "metric_roles": "active_inventory|period_flow",
        "source_page": "https://data-hrm.hub.arcgis.com/datasets/6ac34a5bc6554d25b137ef432d506f08",
        "retrieved_at_utc": "2026-07-17T18:30:45.175912+00:00",
        "metric_membership": "both"
      }
    },
    {
      "type": "Feature",
      "id": "pplc_building_permits_geolocated:BPRES-2022-08109",
      "geometry": {
        "type": "Point",
        "coordinates": [
          -63.590812237354456,
          44.65361755315686
        ]
      },
      "properties": {
        "city": "Halifax",
        "dtuid": "205090341",
        "feed": "pplc_building_permits_geolocated",
        "source_record_id": "BPRES-2022-08109",
        "status": "Issued",
        "permit_type": "Residential Building Permit",
        "permit_class": "Dwelling - Single Detached",
        "work_type": "Addition",
        "description": "Rebuild dwelling on existing foundation increase in building footprint. Building Code Classification: Group C Major Occupancy, single unit dwelling with a home-based business on main floor that is 50m2 in accordance with 10(1) NSBCR Reg. 116/2022.",
        "address": "2443 AGRICOLA ST",
        "applied_date": "2022-06-07T12:00:00+00:00",
        "issued_date": "2022-10-04T12:00:00+00:00",
        "completed_date": null,
        "period_date": "2022-10-04T12:00:00+00:00",
        "longitude": -63.590812237354456,
        "latitude": 44.65361755315686,
        "units_created": null,
        "units_lost": null,
        "net_units": 0.0,
        "is_residential": true,
        "is_active": true,
        "in_period": false,
        "requested_geography": "downtown",
        "in_requested_geography": true,
        "spatial_qa": "point_in_polygon_tested",
        "metric_roles": "active_inventory|period_flow",
        "source_page": "https://data-hrm.hub.arcgis.com/datasets/6ac34a5bc6554d25b137ef432d506f08",
        "retrieved_at_utc": "2026-07-17T18:30:45.175912+00:00",
        "metric_membership": "active"
      }
    },
    {
      "type": "Feature",
      "id": "pplc_building_permits_geolocated:BP-2021-09765",
      "geometry": {
        "type": "Point",
        "coordinates": [
          -63.58542088790003,
          44.65251761511954
        ]
      },
      "properties": {
        "city": "Halifax",
        "dtuid": "205090341",
        "feed": "pplc_building_permits_geolocated",
        "source_record_id": "BP-2021-09765",
        "status": "Applicant Revisions",
        "permit_type": "Residential Building Permit",
        "permit_class": "Dwelling - Townhouse",
        "work_type": "Renovation",
        "description": "No work performed. switching from a commercial designation to a residential designation at basement level (2250 Sequoia lane unit 1). Looking for an updated residential occupancy confirmation for the basement level. Current occupancy confirmation shows commercial designation at this level but it has never been used for commercial use. basement level (2250 sequoia lane unit 1). Accessed by its own entry door from rear of building.",
        "address": "2250 SEQUOIA LANE",
        "applied_date": "2021-05-25T12:00:00+00:00",
        "issued_date": null,
        "completed_date": null,
        "period_date": null,
        "longitude": -63.58542088790003,
        "latitude": 44.65251761511954,
        "units_created": null,
        "units_lost": null,
        "net_units": 1.0,
        "is_residential": true,
        "is_active": true,
        "in_period": false,
        "requested_geography": "downtown",
        "in_requested_geography": true,
        "spatial_qa": "point_in_polygon_tested",
        "metric_roles": "active_inventory|period_flow",
        "source_page": "https://data-hrm.hub.arcgis.com/datasets/6ac34a5bc6554d25b137ef432d506f08",
        "retrieved_at_utc": "2026-07-17T18:30:45.175912+00:00",
        "metric_membership": "active"
      }
    },
    {
      "type": "Feature",
      "id": "pplc_building_permits_geolocated:BPRES-2024-15591",
      "geometry": {
        "type": "Point",
        "coordinates": [
          -63.58792319468508,
          44.6525430200497
        ]
      },
      "properties": {
        "city": "Halifax",
        "dtuid": "205090341",
        "feed": "pplc_building_permits_geolocated",
        "source_record_id": "BPRES-2024-15591",
        "status": "Issued",
        "permit_type": "Residential Building Permit",
        "permit_class": "Dwelling - Multiple Units",
        "work_type": "Addition",
        "description": "Rear addition to existing dwelling",
        "address": "5664 WOODILL ST",
        "applied_date": "2024-10-15T12:00:00+00:00",
        "issued_date": "2025-02-05T12:00:00+00:00",
        "completed_date": null,
        "period_date": "2025-02-05T12:00:00+00:00",
        "longitude": -63.58792319468508,
        "latitude": 44.6525430200497,
        "units_created": null,
        "units_lost": null,
        "net_units": 3.0,
        "is_residential": true,
        "is_active": true,
        "in_period": false,
        "requested_geography": "downtown",
        "in_requested_geography": true,
        "spatial_qa": "point_in_polygon_tested",
        "metric_roles": "active_inventory|period_flow",
        "source_page": "https://data-hrm.hub.arcgis.com/datasets/6ac34a5bc6554d25b137ef432d506f08",
        "retrieved_at_utc": "2026-07-17T18:30:45.175912+00:00",
        "metric_membership": "active"
      }
    },
    {
      "type": "Feature",
      "id": "pplc_building_permits_geolocated:BPCOM-2026-02904",
      "geometry": {
        "type": "Point",
        "coordinates": [
          -63.57816114662933,
          44.6490123403888
        ]
      },
      "properties": {
        "city": "Halifax",
        "dtuid": "205090341",
        "feed": "pplc_building_permits_geolocated",
        "source_record_id": "BPCOM-2026-02904",
        "status": "In Review",
        "permit_type": "Mixed Use & Commercial Building Permit",
        "permit_class": "Mixed Use - Residential & Other Use(s)",
        "work_type": "Addition",
        "description": "Mixed-Use Development with 134 Dwellings Units",
        "address": "1874 BRUNSWICK ST",
        "applied_date": "2026-03-31T12:00:00+00:00",
        "issued_date": null,
        "completed_date": null,
        "period_date": null,
        "longitude": -63.57816114662933,
        "latitude": 44.6490123403888,
        "units_created": null,
        "units_lost": null,
        "net_units": 134.0,
        "is_residential": true,
        "is_active": true,
        "in_period": false,
        "requested_geography": "downtown",
        "in_requested_geography": true,
        "spatial_qa": "point_in_polygon_tested",
        "metric_roles": "active_inventory|period_flow",
        "source_page": "https://data-hrm.hub.arcgis.com/datasets/6ac34a5bc6554d25b137ef432d506f08",
        "retrieved_at_utc": "2026-07-17T18:30:45.175912+00:00",
        "metric_membership": "active"
      }
    },
    {
      "type": "Feature",
      "id": "pplc_building_permits_geolocated:BPRES-2025-04954",
      "geometry": {
        "type": "Point",
        "coordinates": [
          -63.57659701684436,
          44.641677486122845
        ]
      },
      "properties": {
        "city": "Halifax",
        "dtuid": "205090341",
        "feed": "pplc_building_permits_geolocated",
        "source_record_id": "BPRES-2025-04954",
        "status": "Issued",
        "permit_type": "Residential Building Permit",
        "permit_class": "Dwelling - Multiple Units",
        "work_type": "Addition",
        "description": "Addition to multi HANSEN PERMIT #162301",
        "address": "5514 CLYDE ST",
        "applied_date": "2025-04-14T12:00:00+00:00",
        "issued_date": "2025-05-01T12:00:00+00:00",
        "completed_date": null,
        "period_date": "2025-05-01T12:00:00+00:00",
        "longitude": -63.57659701684436,
        "latitude": 44.641677486122845,
        "units_created": null,
        "units_lost": null,
        "net_units": 0.0,
        "is_residential": true,
        "is_active": true,
        "in_period": false,
        "requested_geography": "downtown",
        "in_requested_geography": true,
        "spatial_qa": "point_in_polygon_tested",
        "metric_roles": "active_inventory|period_flow",
        "source_page": "https://data-hrm.hub.arcgis.com/datasets/6ac34a5bc6554d25b137ef432d506f08",
        "retrieved_at_utc": "2026-07-17T18:30:45.175912+00:00",
        "metric_membership": "active"
      }
    },
    {
      "type": "Feature",
      "id": "pplc_building_permits_geolocated:BPCOM-2025-01154",
      "geometry": {
        "type": "Point",
        "coordinates": [
          -63.58925392139265,
          44.655648687290096
        ]
      },
      "properties": {
        "city": "Halifax",
        "dtuid": "205090341",
        "feed": "pplc_building_permits_geolocated",
        "source_record_id": "BPCOM-2025-01154",
        "status": "Issued",
        "permit_type": "Mixed Use & Commercial Building Permit",
        "permit_class": "Dwelling - Multiple Units",
        "work_type": "Renovation",
        "description": "Project: 2438 Gottingen Street - Exterior Staircase Removal",
        "address": "2438 GOTTINGEN ST",
        "applied_date": "2025-03-12T12:00:00+00:00",
        "issued_date": "2025-05-20T12:00:00+00:00",
        "completed_date": null,
        "period_date": "2025-05-20T12:00:00+00:00",
        "longitude": -63.58925392139265,
        "latitude": 44.655648687290096,
        "units_created": null,
        "units_lost": null,
        "net_units": 0.0,
        "is_residential": true,
        "is_active": true,
        "in_period": false,
        "requested_geography": "downtown",
        "in_requested_geography": true,
        "spatial_qa": "point_in_polygon_tested",
        "metric_roles": "active_inventory|period_flow",
        "source_page": "https://data-hrm.hub.arcgis.com/datasets/6ac34a5bc6554d25b137ef432d506f08",
        "retrieved_at_utc": "2026-07-17T18:30:45.175912+00:00",
        "metric_membership": "active"
      }
    },
    {
      "type": "Feature",
      "id": "pplc_building_permits_geolocated:BPCOM-2024-18481",
      "geometry": {
        "type": "Point",
        "coordinates": [
          -63.5788033378753,
          44.64372835773881
        ]
      },
      "properties": {
        "city": "Halifax",
        "dtuid": "205090341",
        "feed": "pplc_building_permits_geolocated",
        "source_record_id": "BPCOM-2024-18481",
        "status": "Issued",
        "permit_type": "Mixed Use & Commercial Building Permit",
        "permit_class": "Dwelling - Multiple Units",
        "work_type": "Renovation",
        "description": "New aluminum pergola on existing roof terrace",
        "address": "1550 DRESDEN ROW",
        "applied_date": "2024-12-11T12:00:00+00:00",
        "issued_date": "2025-02-11T12:00:00+00:00",
        "completed_date": null,
        "period_date": "2025-02-11T12:00:00+00:00",
        "longitude": -63.5788033378753,
        "latitude": 44.64372835773881,
        "units_created": null,
        "units_lost": null,
        "net_units": 0.0,
        "is_residential": true,
        "is_active": true,
        "in_period": false,
        "requested_geography": "downtown",
        "in_requested_geography": true,
        "spatial_qa": "point_in_polygon_tested",
        "metric_roles": "active_inventory|period_flow",
        "source_page": "https://data-hrm.hub.arcgis.com/datasets/6ac34a5bc6554d25b137ef432d506f08",
        "retrieved_at_utc": "2026-07-17T18:30:45.175912+00:00",
        "metric_membership": "active"
      }
    },
    {
      "type": "Feature",
      "id": "pplc_building_permits_geolocated:BPCOM-2026-06310",
      "geometry": {
        "type": "Point",
        "coordinates": [
          -63.5788033378753,
          44.64372835773881
        ]
      },
      "properties": {
        "city": "Halifax",
        "dtuid": "205090341",
        "feed": "pplc_building_permits_geolocated",
        "source_record_id": "BPCOM-2026-06310",
        "status": "Issued",
        "permit_type": "Mixed Use & Commercial Building Permit",
        "permit_class": "Mixed Use - Residential & Other Use(s)",
        "work_type": "Renovation",
        "description": "Renovate two bathrooms in condo unit.",
        "address": "1550 DRESDEN ROW",
        "applied_date": "2026-05-13T12:00:00+00:00",
        "issued_date": "2026-05-28T12:00:00+00:00",
        "completed_date": null,
        "period_date": "2026-05-28T12:00:00+00:00",
        "longitude": -63.5788033378753,
        "latitude": 44.64372835773881,
        "units_created": null,
        "units_lost": null,
        "net_units": 0.0,
        "is_residential": true,
        "is_active": true,
        "in_period": true,
        "requested_geography": "downtown",
        "in_requested_geography": true,
        "spatial_qa": "point_in_polygon_tested",
        "metric_roles": "active_inventory|period_flow",
        "source_page": "https://data-hrm.hub.arcgis.com/datasets/6ac34a5bc6554d25b137ef432d506f08",
        "retrieved_at_utc": "2026-07-17T18:30:45.175912+00:00",
        "metric_membership": "both"
      }
    },
    {
      "type": "Feature",
      "id": "pplc_building_permits_geolocated:BPRES-2025-09022",
      "geometry": {
        "type": "Point",
        "coordinates": [
          -63.5788033378753,
          44.64372835773881
        ]
      },
      "properties": {
        "city": "Halifax",
        "dtuid": "205090341",
        "feed": "pplc_building_permits_geolocated",
        "source_record_id": "BPRES-2025-09022",
        "status": "Issued",
        "permit_type": "Residential Building Permit",
        "permit_class": "Dwelling - Multiple Units",
        "work_type": "Renovation",
        "description": "Condo Renovation including new flooring and partial kitchen & bathroom renovations",
        "address": "1550 DRESDEN ROW",
        "applied_date": "2025-06-12T12:00:00+00:00",
        "issued_date": "2025-06-17T12:00:00+00:00",
        "completed_date": null,
        "period_date": "2025-06-17T12:00:00+00:00",
        "longitude": -63.5788033378753,
        "latitude": 44.64372835773881,
        "units_created": null,
        "units_lost": null,
        "net_units": 0.0,
        "is_residential": true,
        "is_active": true,
        "in_period": false,
        "requested_geography": "downtown",
        "in_requested_geography": true,
        "spatial_qa": "point_in_polygon_tested",
        "metric_roles": "active_inventory|period_flow",
        "source_page": "https://data-hrm.hub.arcgis.com/datasets/6ac34a5bc6554d25b137ef432d506f08",
        "retrieved_at_utc": "2026-07-17T18:30:45.175912+00:00",
        "metric_membership": "active"
      }
    },
    {
      "type": "Feature",
      "id": "pplc_building_permits_geolocated:BPRES-2025-16954",
      "geometry": {
        "type": "Point",
        "coordinates": [
          -63.582213794713006,
          44.654089809822885
        ]
      },
      "properties": {
        "city": "Halifax",
        "dtuid": "205090341",
        "feed": "pplc_building_permits_geolocated",
        "source_record_id": "BPRES-2025-16954",
        "status": "Issued",
        "permit_type": "Residential Building Permit",
        "permit_class": "Dwelling - Multiple Units",
        "work_type": "Renovation",
        "description": "Pull & replace bathroom and walk-in closet",
        "address": "5221 NORA BERNARD ST",
        "applied_date": "2025-11-06T12:00:00+00:00",
        "issued_date": "2025-11-12T12:00:00+00:00",
        "completed_date": null,
        "period_date": "2025-11-12T12:00:00+00:00",
        "longitude": -63.582213794713006,
        "latitude": 44.654089809822885,
        "units_created": null,
        "units_lost": null,
        "net_units": 0.0,
        "is_residential": true,
        "is_active": true,
        "in_period": false,
        "requested_geography": "downtown",
        "in_requested_geography": true,
        "spatial_qa": "point_in_polygon_tested",
        "metric_roles": "active_inventory|period_flow",
        "source_page": "https://data-hrm.hub.arcgis.com/datasets/6ac34a5bc6554d25b137ef432d506f08",
        "retrieved_at_utc": "2026-07-17T18:30:45.175912+00:00",
        "metric_membership": "active"
      }
    },
    {
      "type": "Feature",
      "id": "pplc_building_permits_geolocated:BPRES-2023-13048",
      "geometry": {
        "type": "Point",
        "coordinates": [
          -63.58617040121621,
          44.65199802270317
        ]
      },
      "properties": {
        "city": "Halifax",
        "dtuid": "205090341",
        "feed": "pplc_building_permits_geolocated",
        "source_record_id": "BPRES-2023-13048",
        "status": "Issued",
        "permit_type": "Residential Building Permit",
        "permit_class": "Accessory Structure",
        "work_type": "New Building",
        "description": "Construct Accessory Structure",
        "address": "2249 MAYNARD ST",
        "applied_date": "2023-10-02T12:00:00+00:00",
        "issued_date": "2024-05-21T12:00:00+00:00",
        "completed_date": null,
        "period_date": "2024-05-21T12:00:00+00:00",
        "longitude": -63.58617040121621,
        "latitude": 44.65199802270317,
        "units_created": null,
        "units_lost": null,
        "net_units": 0.0,
        "is_residential": true,
        "is_active": true,
        "in_period": false,
        "requested_geography": "downtown",
        "in_requested_geography": true,
        "spatial_qa": "point_in_polygon_tested",
        "metric_roles": "active_inventory|period_flow",
        "source_page": "https://data-hrm.hub.arcgis.com/datasets/6ac34a5bc6554d25b137ef432d506f08",
        "retrieved_at_utc": "2026-07-17T18:30:45.175912+00:00",
        "metric_membership": "active"
      }
    },
    {
      "type": "Feature",
      "id": "pplc_building_permits_geolocated:BPCOM-2024-01797",
      "geometry": {
        "type": "Point",
        "coordinates": [
          -63.5897874531267,
          44.65311303336234
        ]
      },
      "properties": {
        "city": "Halifax",
        "dtuid": "205090341",
        "feed": "pplc_building_permits_geolocated",
        "source_record_id": "BPCOM-2024-01797",
        "status": "Amendment Applicant Revisions",
        "permit_type": "Mixed Use & Commercial Building Permit",
        "permit_class": "Dwelling - Multiple Units",
        "work_type": "New Building",
        "description": "Scope of Work: Construction of a new multi-unit Residential (Group C) building. Maximum Occupant Load reviewed as 38.",
        "address": "5688 WEST ST",
        "applied_date": "2024-03-04T12:00:00+00:00",
        "issued_date": "2025-01-20T12:00:00+00:00",
        "completed_date": null,
        "period_date": "2025-01-20T12:00:00+00:00",
        "longitude": -63.5897874531267,
        "latitude": 44.65311303336234,
        "units_created": null,
        "units_lost": null,
        "net_units": 17.0,
        "is_residential": true,
        "is_active": true,
        "in_period": false,
        "requested_geography": "downtown",
        "in_requested_geography": true,
        "spatial_qa": "point_in_polygon_tested",
        "metric_roles": "active_inventory|period_flow",
        "source_page": "https://data-hrm.hub.arcgis.com/datasets/6ac34a5bc6554d25b137ef432d506f08",
        "retrieved_at_utc": "2026-07-17T18:30:45.175912+00:00",
        "metric_membership": "active"
      }
    },
    {
      "type": "Feature",
      "id": "pplc_building_permits_geolocated:BPCOM-2025-06326",
      "geometry": {
        "type": "Point",
        "coordinates": [
          -63.57465791070177,
          44.63598190977873
        ]
      },
      "properties": {
        "city": "Halifax",
        "dtuid": "205090341",
        "feed": "pplc_building_permits_geolocated",
        "source_record_id": "BPCOM-2025-06326",
        "status": "Issued",
        "permit_type": "Mixed Use & Commercial Building Permit",
        "permit_class": "Dwelling - Multiple Units",
        "work_type": "Addition",
        "description": "Construct a 16 story (plus penthouse) residential addition adjacent to an existing building Addition will replace buildings that are currently separate properties at 1027 and 1037 Lucknow Street following demolition and lot amalgamation",
        "address": "1055 LUCKNOW ST",
        "applied_date": "2025-05-16T12:00:00+00:00",
        "issued_date": "2026-04-13T12:00:00+00:00",
        "completed_date": null,
        "period_date": "2026-04-13T12:00:00+00:00",
        "longitude": -63.57465791070177,
        "latitude": 44.63598190977873,
        "units_created": null,
        "units_lost": null,
        "net_units": 174.0,
        "is_residential": true,
        "is_active": true,
        "in_period": true,
        "requested_geography": "downtown",
        "in_requested_geography": true,
        "spatial_qa": "point_in_polygon_tested",
        "metric_roles": "active_inventory|period_flow",
        "source_page": "https://data-hrm.hub.arcgis.com/datasets/6ac34a5bc6554d25b137ef432d506f08",
        "retrieved_at_utc": "2026-07-17T18:30:45.175912+00:00",
        "metric_membership": "both"
      }
    },
    {
      "type": "Feature",
      "id": "pplc_building_permits_geolocated:BPCOM-2024-08706",
      "geometry": {
        "type": "Point",
        "coordinates": [
          -63.586713215805844,
          44.65412452485966
        ]
      },
      "properties": {
        "city": "Halifax",
        "dtuid": "205090341",
        "feed": "pplc_building_permits_geolocated",
        "source_record_id": "BPCOM-2024-08706",
        "status": "Amendment Applicant Revisions",
        "permit_type": "Mixed Use & Commercial Building Permit",
        "permit_class": "Mixed Use - Residential & Other Use(s)",
        "work_type": "Addition",
        "description": "12 Unit Addition to Existing Dwelling. Once the addition is complete, the building will have 14 residential units and a 1,000 SF retail space on Gottingen.",
        "address": "2308 GOTTINGEN ST",
        "applied_date": "2024-07-03T12:00:00+00:00",
        "issued_date": "2024-11-05T12:00:00+00:00",
        "completed_date": null,
        "period_date": "2024-11-05T12:00:00+00:00",
        "longitude": -63.586713215805844,
        "latitude": 44.65412452485966,
        "units_created": null,
        "units_lost": null,
        "net_units": 12.0,
        "is_residential": true,
        "is_active": true,
        "in_period": false,
        "requested_geography": "downtown",
        "in_requested_geography": true,
        "spatial_qa": "point_in_polygon_tested",
        "metric_roles": "active_inventory|period_flow",
        "source_page": "https://data-hrm.hub.arcgis.com/datasets/6ac34a5bc6554d25b137ef432d506f08",
        "retrieved_at_utc": "2026-07-17T18:30:45.175912+00:00",
        "metric_membership": "active"
      }
    },
    {
      "type": "Feature",
      "id": "pplc_building_permits_geolocated:BPRES-2025-05445",
      "geometry": {
        "type": "Point",
        "coordinates": [
          -63.57635577190097,
          44.641627834598644
        ]
      },
      "properties": {
        "city": "Halifax",
        "dtuid": "205090341",
        "feed": "pplc_building_permits_geolocated",
        "source_record_id": "BPRES-2025-05445",
        "status": "Issued",
        "permit_type": "Residential Building Permit",
        "permit_class": "Dwelling - Single Detached",
        "work_type": "Addition",
        "description": "Addition to single unit HANSEN PERMIT # 162299",
        "address": "1354 BIRMINGHAM ST",
        "applied_date": "2025-04-24T12:00:00+00:00",
        "issued_date": "2025-05-20T12:00:00+00:00",
        "completed_date": null,
        "period_date": "2025-05-20T12:00:00+00:00",
        "longitude": -63.57635577190097,
        "latitude": 44.641627834598644,
        "units_created": null,
        "units_lost": null,
        "net_units": 0.0,
        "is_residential": true,
        "is_active": true,
        "in_period": false,
        "requested_geography": "downtown",
        "in_requested_geography": true,
        "spatial_qa": "point_in_polygon_tested",
        "metric_roles": "active_inventory|period_flow",
        "source_page": "https://data-hrm.hub.arcgis.com/datasets/6ac34a5bc6554d25b137ef432d506f08",
        "retrieved_at_utc": "2026-07-17T18:30:45.175912+00:00",
        "metric_membership": "active"
      }
    },
    {
      "type": "Feature",
      "id": "pplc_building_permits_geolocated:BPRES-2026-06109",
      "geometry": {
        "type": "Point",
        "coordinates": [
          -63.57791635658607,
          44.641310150232364
        ]
      },
      "properties": {
        "city": "Halifax",
        "dtuid": "205090341",
        "feed": "pplc_building_permits_geolocated",
        "source_record_id": "BPRES-2026-06109",
        "status": "In Review",
        "permit_type": "Residential Building Permit",
        "permit_class": "Dwelling - Multiple Units",
        "work_type": "Renovation",
        "description": "Interior Renovation of One (1) Unit in Four (4) Unit Building. Renovation from bare studs, including new plumbing and electrical, insulation, new wall locations. There are structural repairs to be completed to correct the sag in roof and meet current requirements. See the attached engineering document",
        "address": "1359 BRENTON ST",
        "applied_date": "2026-05-19T12:00:00+00:00",
        "issued_date": null,
        "completed_date": null,
        "period_date": null,
        "longitude": -63.57791635658607,
        "latitude": 44.641310150232364,
        "units_created": null,
        "units_lost": null,
        "net_units": 0.0,
        "is_residential": true,
        "is_active": true,
        "in_period": false,
        "requested_geography": "downtown",
        "in_requested_geography": true,
        "spatial_qa": "point_in_polygon_tested",
        "metric_roles": "active_inventory|period_flow",
        "source_page": "https://data-hrm.hub.arcgis.com/datasets/6ac34a5bc6554d25b137ef432d506f08",
        "retrieved_at_utc": "2026-07-17T18:30:45.175912+00:00",
        "metric_membership": "active"
      }
    },
    {
      "type": "Feature",
      "id": "pplc_building_permits_geolocated:BPRES-2026-08693",
      "geometry": {
        "type": "Point",
        "coordinates": [
          -63.570374677061025,
          44.64239017920512
        ]
      },
      "properties": {
        "city": "Halifax",
        "dtuid": "205090341",
        "feed": "pplc_building_permits_geolocated",
        "source_record_id": "BPRES-2026-08693",
        "status": "Applicant Revisions",
        "permit_type": "Residential Building Permit",
        "permit_class": "Dwelling - Multiple Units",
        "work_type": "Renovation",
        "description": "Our condo board wants to replace the back stairway with a new freestanding staircase. This new steel structure will attach to the existing landings. We will use BriteArc Fabricators Inc. They will remove and dispose of the existing staircase system. The new steel staircase will be supported by six (6) structural steel columns/posts. New steel stairs, landings, guardrails, handrails, and structural supports as required by the engineered design. Epoxy painted black finish. They will install the complete staircase system.",
        "address": "1318 HOLLIS ST",
        "applied_date": "2026-07-06T12:00:00+00:00",
        "issued_date": null,
        "completed_date": null,
        "period_date": null,
        "longitude": -63.570374677061025,
        "latitude": 44.64239017920512,
        "units_created": null,
        "units_lost": null,
        "net_units": 0.0,
        "is_residential": true,
        "is_active": true,
        "in_period": false,
        "requested_geography": "downtown",
        "in_requested_geography": true,
        "spatial_qa": "point_in_polygon_tested",
        "metric_roles": "active_inventory|period_flow",
        "source_page": "https://data-hrm.hub.arcgis.com/datasets/6ac34a5bc6554d25b137ef432d506f08",
        "retrieved_at_utc": "2026-07-17T18:30:45.175912+00:00",
        "metric_membership": "active"
      }
    },
    {
      "type": "Feature",
      "id": "pplc_building_permits_geolocated:BPRES-2025-03090",
      "geometry": {
        "type": "Point",
        "coordinates": [
          -63.587975699473766,
          44.652491239850924
        ]
      },
      "properties": {
        "city": "Halifax",
        "dtuid": "205090341",
        "feed": "pplc_building_permits_geolocated",
        "source_record_id": "BPRES-2025-03090",
        "status": "Applicant Revisions",
        "permit_type": "Residential Building Permit",
        "permit_class": "Dwelling - Multiple Units",
        "work_type": "Addition",
        "description": "Addition & Renovation to Create four Additional Dwelling Units",
        "address": "5668 WOODILL ST",
        "applied_date": "2025-03-10T12:00:00+00:00",
        "issued_date": null,
        "completed_date": null,
        "period_date": null,
        "longitude": -63.587975699473766,
        "latitude": 44.652491239850924,
        "units_created": null,
        "units_lost": null,
        "net_units": 4.0,
        "is_residential": true,
        "is_active": true,
        "in_period": false,
        "requested_geography": "downtown",
        "in_requested_geography": true,
        "spatial_qa": "point_in_polygon_tested",
        "metric_roles": "active_inventory|period_flow",
        "source_page": "https://data-hrm.hub.arcgis.com/datasets/6ac34a5bc6554d25b137ef432d506f08",
        "retrieved_at_utc": "2026-07-17T18:30:45.175912+00:00",
        "metric_membership": "active"
      }
    },
    {
      "type": "Feature",
      "id": "pplc_building_permits_geolocated:BPRES-2025-16278",
      "geometry": {
        "type": "Point",
        "coordinates": [
          -63.57002372699807,
          44.636736279902706
        ]
      },
      "properties": {
        "city": "Halifax",
        "dtuid": "205090341",
        "feed": "pplc_building_permits_geolocated",
        "source_record_id": "BPRES-2025-16278",
        "status": "Issued",
        "permit_type": "Residential Building Permit",
        "permit_class": "Dwelling - Semi-Detached",
        "work_type": "Renovation",
        "description": "Kitchen and Deck Updates",
        "address": "5216 SMITH ST",
        "applied_date": "2025-10-20T12:00:00+00:00",
        "issued_date": "2025-10-28T12:00:00+00:00",
        "completed_date": null,
        "period_date": "2025-10-28T12:00:00+00:00",
        "longitude": -63.57002372699807,
        "latitude": 44.636736279902706,
        "units_created": null,
        "units_lost": null,
        "net_units": 0.0,
        "is_residential": true,
        "is_active": true,
        "in_period": false,
        "requested_geography": "downtown",
        "in_requested_geography": true,
        "spatial_qa": "point_in_polygon_tested",
        "metric_roles": "active_inventory|period_flow",
        "source_page": "https://data-hrm.hub.arcgis.com/datasets/6ac34a5bc6554d25b137ef432d506f08",
        "retrieved_at_utc": "2026-07-17T18:30:45.175912+00:00",
        "metric_membership": "active"
      }
    },
    {
      "type": "Feature",
      "id": "pplc_building_permits_geolocated:BPCOM-2025-08117",
      "geometry": {
        "type": "Point",
        "coordinates": [
          -63.57248433803884,
          44.63759867706497
        ]
      },
      "properties": {
        "city": "Halifax",
        "dtuid": "205090341",
        "feed": "pplc_building_permits_geolocated",
        "source_record_id": "BPCOM-2025-08117",
        "status": "Issued",
        "permit_type": "Mixed Use & Commercial Building Permit",
        "permit_class": "Dwelling - Multiple Units",
        "work_type": "Renovation",
        "description": "Metal Siding and Roofing Replacement, and Concrete Coating",
        "address": "5293 GREEN ST",
        "applied_date": "2025-05-28T12:00:00+00:00",
        "issued_date": "2025-06-13T12:00:00+00:00",
        "completed_date": null,
        "period_date": "2025-06-13T12:00:00+00:00",
        "longitude": -63.57248433803884,
        "latitude": 44.63759867706497,
        "units_created": null,
        "units_lost": null,
        "net_units": 0.0,
        "is_residential": true,
        "is_active": true,
        "in_period": false,
        "requested_geography": "downtown",
        "in_requested_geography": true,
        "spatial_qa": "point_in_polygon_tested",
        "metric_roles": "active_inventory|period_flow",
        "source_page": "https://data-hrm.hub.arcgis.com/datasets/6ac34a5bc6554d25b137ef432d506f08",
        "retrieved_at_utc": "2026-07-17T18:30:45.175912+00:00",
        "metric_membership": "active"
      }
    },
    {
      "type": "Feature",
      "id": "pplc_building_permits_geolocated:BPRES-2025-16536",
      "geometry": {
        "type": "Point",
        "coordinates": [
          -63.591882809466114,
          44.65169167231285
        ]
      },
      "properties": {
        "city": "Halifax",
        "dtuid": "205090341",
        "feed": "pplc_building_permits_geolocated",
        "source_record_id": "BPRES-2025-16536",
        "status": "Issued",
        "permit_type": "Residential Building Permit",
        "permit_class": "Dwelling - Multiple Units",
        "work_type": "Renovation",
        "description": "Converting from 2 Unit to 3 Unit Dwelling",
        "address": "5856 WEST ST",
        "applied_date": "2025-11-01T12:00:00+00:00",
        "issued_date": "2025-12-30T12:00:00+00:00",
        "completed_date": null,
        "period_date": "2025-12-30T12:00:00+00:00",
        "longitude": -63.591882809466114,
        "latitude": 44.65169167231285,
        "units_created": null,
        "units_lost": null,
        "net_units": 1.0,
        "is_residential": true,
        "is_active": true,
        "in_period": false,
        "requested_geography": "downtown",
        "in_requested_geography": true,
        "spatial_qa": "point_in_polygon_tested",
        "metric_roles": "active_inventory|period_flow",
        "source_page": "https://data-hrm.hub.arcgis.com/datasets/6ac34a5bc6554d25b137ef432d506f08",
        "retrieved_at_utc": "2026-07-17T18:30:45.175912+00:00",
        "metric_membership": "active"
      }
    },
    {
      "type": "Feature",
      "id": "pplc_building_permits_geolocated:BPCOM-2026-07555",
      "geometry": {
        "type": "Point",
        "coordinates": [
          -63.57290898265566,
          44.647344471063185
        ]
      },
      "properties": {
        "city": "Halifax",
        "dtuid": "205090341",
        "feed": "pplc_building_permits_geolocated",
        "source_record_id": "BPCOM-2026-07555",
        "status": "Applicant Revisions",
        "permit_type": "Mixed Use & Commercial Building Permit",
        "permit_class": "Mixed Use - Residential & Other Use(s)",
        "work_type": "Renovation",
        "description": "Converting the existing Commercial Building to a Residential Building, structure no change",
        "address": "1690 HOLLIS ST",
        "applied_date": "2026-06-09T12:00:00+00:00",
        "issued_date": null,
        "completed_date": null,
        "period_date": null,
        "longitude": -63.57290898265566,
        "latitude": 44.647344471063185,
        "units_created": null,
        "units_lost": null,
        "net_units": 119.0,
        "is_residential": true,
        "is_active": true,
        "in_period": false,
        "requested_geography": "downtown",
        "in_requested_geography": true,
        "spatial_qa": "point_in_polygon_tested",
        "metric_roles": "active_inventory|period_flow",
        "source_page": "https://data-hrm.hub.arcgis.com/datasets/6ac34a5bc6554d25b137ef432d506f08",
        "retrieved_at_utc": "2026-07-17T18:30:45.175912+00:00",
        "metric_membership": "active"
      }
    },
    {
      "type": "Feature",
      "id": "pplc_building_permits_geolocated:BPCOM-2024-06360",
      "geometry": {
        "type": "Point",
        "coordinates": [
          -63.58200296369946,
          44.650909834956046
        ]
      },
      "properties": {
        "city": "Halifax",
        "dtuid": "205090341",
        "feed": "pplc_building_permits_geolocated",
        "source_record_id": "BPCOM-2024-06360",
        "status": "Issued",
        "permit_type": "Mixed Use & Commercial Building Permit",
        "permit_class": "Mixed Use - Residential & Other Use(s)",
        "work_type": "Renovation",
        "description": "Scope of Work: Conversion of existing commercial space (Group D) on second floor to create four residential units (Group C). Maximum Occupant load increased by 8 persons.",
        "address": "2030 GOTTINGEN ST",
        "applied_date": "2024-06-24T12:00:00+00:00",
        "issued_date": "2025-04-25T12:00:00+00:00",
        "completed_date": null,
        "period_date": "2025-04-25T12:00:00+00:00",
        "longitude": -63.58200296369946,
        "latitude": 44.650909834956046,
        "units_created": null,
        "units_lost": null,
        "net_units": 4.0,
        "is_residential": true,
        "is_active": true,
        "in_period": false,
        "requested_geography": "downtown",
        "in_requested_geography": true,
        "spatial_qa": "point_in_polygon_tested",
        "metric_roles": "active_inventory|period_flow",
        "source_page": "https://data-hrm.hub.arcgis.com/datasets/6ac34a5bc6554d25b137ef432d506f08",
        "retrieved_at_utc": "2026-07-17T18:30:45.175912+00:00",
        "metric_membership": "active"
      }
    },
    {
      "type": "Feature",
      "id": "pplc_building_permits_geolocated:BPCOM-2026-04324",
      "geometry": {
        "type": "Point",
        "coordinates": [
          -63.58173926747299,
          44.65267977638001
        ]
      },
      "properties": {
        "city": "Halifax",
        "dtuid": "205090341",
        "feed": "pplc_building_permits_geolocated",
        "source_record_id": "BPCOM-2026-04324",
        "status": "Issued",
        "permit_type": "Mixed Use & Commercial Building Permit",
        "permit_class": "Dwelling - Multiple Units",
        "work_type": "Renovation",
        "description": "Heritage Restoration South Tower",
        "address": "2128 BRUNSWICK ST",
        "applied_date": "2026-04-16T12:00:00+00:00",
        "issued_date": "2026-06-01T12:00:00+00:00",
        "completed_date": null,
        "period_date": "2026-06-01T12:00:00+00:00",
        "longitude": -63.58173926747299,
        "latitude": 44.65267977638001,
        "units_created": null,
        "units_lost": null,
        "net_units": 0.0,
        "is_residential": true,
        "is_active": true,
        "in_period": true,
        "requested_geography": "downtown",
        "in_requested_geography": true,
        "spatial_qa": "point_in_polygon_tested",
        "metric_roles": "active_inventory|period_flow",
        "source_page": "https://data-hrm.hub.arcgis.com/datasets/6ac34a5bc6554d25b137ef432d506f08",
        "retrieved_at_utc": "2026-07-17T18:30:45.175912+00:00",
        "metric_membership": "both"
      }
    },
    {
      "type": "Feature",
      "id": "pplc_building_permits_geolocated:BPRES-2026-06115",
      "geometry": {
        "type": "Point",
        "coordinates": [
          -63.59233125294172,
          44.65592156620795
        ]
      },
      "properties": {
        "city": "Halifax",
        "dtuid": "205090341",
        "feed": "pplc_building_permits_geolocated",
        "source_record_id": "BPRES-2026-06115",
        "status": "Issued",
        "permit_type": "Residential Building Permit",
        "permit_class": "Dwelling - Single Detached",
        "work_type": "Renovation",
        "description": "Renovation of SUD. Hansen permit transfer (162707)",
        "address": "2582 MAYNARD ST",
        "applied_date": "2026-05-12T12:00:00+00:00",
        "issued_date": "2026-05-20T12:00:00+00:00",
        "completed_date": null,
        "period_date": "2026-05-20T12:00:00+00:00",
        "longitude": -63.59233125294172,
        "latitude": 44.65592156620795,
        "units_created": null,
        "units_lost": null,
        "net_units": 0.0,
        "is_residential": true,
        "is_active": true,
        "in_period": true,
        "requested_geography": "downtown",
        "in_requested_geography": true,
        "spatial_qa": "point_in_polygon_tested",
        "metric_roles": "active_inventory|period_flow",
        "source_page": "https://data-hrm.hub.arcgis.com/datasets/6ac34a5bc6554d25b137ef432d506f08",
        "retrieved_at_utc": "2026-07-17T18:30:45.175912+00:00",
        "metric_membership": "both"
      }
    },
    {
      "type": "Feature",
      "id": "pplc_building_permits_geolocated:BPRES-2024-09387",
      "geometry": {
        "type": "Point",
        "coordinates": [
          -63.58740603104408,
          44.65255778981393
        ]
      },
      "properties": {
        "city": "Halifax",
        "dtuid": "205090341",
        "feed": "pplc_building_permits_geolocated",
        "source_record_id": "BPRES-2024-09387",
        "status": "Amendment Applicant Revisions",
        "permit_type": "Residential Building Permit",
        "permit_class": "Dwelling - Semi-Detached",
        "work_type": "Addition",
        "description": "Scope of work: Interior renovations, new windows, new siding + front porch addition",
        "address": "2320 MAYNARD ST",
        "applied_date": "2024-07-17T12:00:00+00:00",
        "issued_date": "2024-10-03T12:00:00+00:00",
        "completed_date": null,
        "period_date": "2024-10-03T12:00:00+00:00",
        "longitude": -63.58740603104408,
        "latitude": 44.65255778981393,
        "units_created": null,
        "units_lost": null,
        "net_units": 0.0,
        "is_residential": true,
        "is_active": true,
        "in_period": false,
        "requested_geography": "downtown",
        "in_requested_geography": true,
        "spatial_qa": "point_in_polygon_tested",
        "metric_roles": "active_inventory|period_flow",
        "source_page": "https://data-hrm.hub.arcgis.com/datasets/6ac34a5bc6554d25b137ef432d506f08",
        "retrieved_at_utc": "2026-07-17T18:30:45.175912+00:00",
        "metric_membership": "active"
      }
    },
    {
      "type": "Feature",
      "id": "pplc_building_permits_geolocated:BPRES-2025-06235",
      "geometry": {
        "type": "Point",
        "coordinates": [
          -63.576633701584164,
          44.63641910636237
        ]
      },
      "properties": {
        "city": "Halifax",
        "dtuid": "205090341",
        "feed": "pplc_building_permits_geolocated",
        "source_record_id": "BPRES-2025-06235",
        "status": "Issued",
        "permit_type": "Residential Building Permit",
        "permit_class": "Dwelling - Single Detached",
        "work_type": "Renovation",
        "description": "Interior Renovation of Kitchen and Powder Room Replacing Loadbearing Wall with Steel Beam",
        "address": "1107 SOUTH PARK ST",
        "applied_date": "2025-05-01T12:00:00+00:00",
        "issued_date": "2025-05-08T12:00:00+00:00",
        "completed_date": null,
        "period_date": "2025-05-08T12:00:00+00:00",
        "longitude": -63.576633701584164,
        "latitude": 44.63641910636237,
        "units_created": null,
        "units_lost": null,
        "net_units": 0.0,
        "is_residential": true,
        "is_active": true,
        "in_period": false,
        "requested_geography": "downtown",
        "in_requested_geography": true,
        "spatial_qa": "point_in_polygon_tested",
        "metric_roles": "active_inventory|period_flow",
        "source_page": "https://data-hrm.hub.arcgis.com/datasets/6ac34a5bc6554d25b137ef432d506f08",
        "retrieved_at_utc": "2026-07-17T18:30:45.175912+00:00",
        "metric_membership": "active"
      }
    },
    {
      "type": "Feature",
      "id": "pplc_building_permits_geolocated:BPRES-2025-01613",
      "geometry": {
        "type": "Point",
        "coordinates": [
          -63.58386680560135,
          44.650804198939355
        ]
      },
      "properties": {
        "city": "Halifax",
        "dtuid": "205090341",
        "feed": "pplc_building_permits_geolocated",
        "source_record_id": "BPRES-2025-01613",
        "status": "Issued",
        "permit_type": "Residential Building Permit",
        "permit_class": "Dwelling - Single Detached",
        "work_type": "Addition",
        "description": "12m2 addition to single family home",
        "address": "5562 FALKLAND ST",
        "applied_date": "2025-02-14T12:00:00+00:00",
        "issued_date": "2025-07-17T12:00:00+00:00",
        "completed_date": null,
        "period_date": "2025-07-17T12:00:00+00:00",
        "longitude": -63.58386680560135,
        "latitude": 44.650804198939355,
        "units_created": null,
        "units_lost": null,
        "net_units": 0.0,
        "is_residential": true,
        "is_active": true,
        "in_period": false,
        "requested_geography": "downtown",
        "in_requested_geography": true,
        "spatial_qa": "point_in_polygon_tested",
        "metric_roles": "active_inventory|period_flow",
        "source_page": "https://data-hrm.hub.arcgis.com/datasets/6ac34a5bc6554d25b137ef432d506f08",
        "retrieved_at_utc": "2026-07-17T18:30:45.175912+00:00",
        "metric_membership": "active"
      }
    },
    {
      "type": "Feature",
      "id": "pplc_building_permits_geolocated:BPRES-2025-05396",
      "geometry": {
        "type": "Point",
        "coordinates": [
          -63.58386680560135,
          44.650804198939355
        ]
      },
      "properties": {
        "city": "Halifax",
        "dtuid": "205090341",
        "feed": "pplc_building_permits_geolocated",
        "source_record_id": "BPRES-2025-05396",
        "status": "Issued",
        "permit_type": "Residential Building Permit",
        "permit_class": "Dwelling - Multiple Units",
        "work_type": "Renovation",
        "description": "Looking to designate the Basement level as a secondary unit. Legalize unit.",
        "address": "5562 FALKLAND ST",
        "applied_date": "2025-04-16T12:00:00+00:00",
        "issued_date": "2025-07-07T12:00:00+00:00",
        "completed_date": null,
        "period_date": "2025-07-07T12:00:00+00:00",
        "longitude": -63.58386680560135,
        "latitude": 44.650804198939355,
        "units_created": null,
        "units_lost": null,
        "net_units": 1.0,
        "is_residential": true,
        "is_active": true,
        "in_period": false,
        "requested_geography": "downtown",
        "in_requested_geography": true,
        "spatial_qa": "point_in_polygon_tested",
        "metric_roles": "active_inventory|period_flow",
        "source_page": "https://data-hrm.hub.arcgis.com/datasets/6ac34a5bc6554d25b137ef432d506f08",
        "retrieved_at_utc": "2026-07-17T18:30:45.175912+00:00",
        "metric_membership": "active"
      }
    },
    {
      "type": "Feature",
      "id": "pplc_building_permits_geolocated:BPRES-2024-02985",
      "geometry": {
        "type": "Point",
        "coordinates": [
          -63.59200809488917,
          44.65360153962161
        ]
      },
      "properties": {
        "city": "Halifax",
        "dtuid": "205090341",
        "feed": "pplc_building_permits_geolocated",
        "source_record_id": "BPRES-2024-02985",
        "status": "Issued",
        "permit_type": "Residential Building Permit",
        "permit_class": "Dwelling - Multiple Units",
        "work_type": "Addition",
        "description": "Raising & Relocating dwelling. Adding Secondary Suite",
        "address": "2473 JOHN ST",
        "applied_date": "2024-04-29T12:00:00+00:00",
        "issued_date": "2024-06-07T12:00:00+00:00",
        "completed_date": null,
        "period_date": "2024-06-07T12:00:00+00:00",
        "longitude": -63.59200809488917,
        "latitude": 44.65360153962161,
        "units_created": null,
        "units_lost": null,
        "net_units": 1.0,
        "is_residential": true,
        "is_active": true,
        "in_period": false,
        "requested_geography": "downtown",
        "in_requested_geography": true,
        "spatial_qa": "point_in_polygon_tested",
        "metric_roles": "active_inventory|period_flow",
        "source_page": "https://data-hrm.hub.arcgis.com/datasets/6ac34a5bc6554d25b137ef432d506f08",
        "retrieved_at_utc": "2026-07-17T18:30:45.175912+00:00",
        "metric_membership": "active"
      }
    },
    {
      "type": "Feature",
      "id": "pplc_building_permits_geolocated:BPRES-2022-08415",
      "geometry": {
        "type": "Point",
        "coordinates": [
          -63.592064037813586,
          44.652844194612705
        ]
      },
      "properties": {
        "city": "Halifax",
        "dtuid": "205090341",
        "feed": "pplc_building_permits_geolocated",
        "source_record_id": "BPRES-2022-08415",
        "status": "Issued",
        "permit_type": "Residential Building Permit",
        "permit_class": "Accessory Structure",
        "work_type": "New Building",
        "description": "Construct a studio and storage shed",
        "address": "2445 DAVISON ST",
        "applied_date": "2022-06-13T12:00:00+00:00",
        "issued_date": "2023-11-06T12:00:00+00:00",
        "completed_date": null,
        "period_date": "2023-11-06T12:00:00+00:00",
        "longitude": -63.592064037813586,
        "latitude": 44.652844194612705,
        "units_created": null,
        "units_lost": null,
        "net_units": 0.0,
        "is_residential": true,
        "is_active": true,
        "in_period": false,
        "requested_geography": "downtown",
        "in_requested_geography": true,
        "spatial_qa": "point_in_polygon_tested",
        "metric_roles": "active_inventory|period_flow",
        "source_page": "https://data-hrm.hub.arcgis.com/datasets/6ac34a5bc6554d25b137ef432d506f08",
        "retrieved_at_utc": "2026-07-17T18:30:45.175912+00:00",
        "metric_membership": "active"
      }
    },
    {
      "type": "Feature",
      "id": "pplc_building_permits_geolocated:BPRES-2023-02302",
      "geometry": {
        "type": "Point",
        "coordinates": [
          -63.58387327820159,
          44.65135414005226
        ]
      },
      "properties": {
        "city": "Halifax",
        "dtuid": "205090341",
        "feed": "pplc_building_permits_geolocated",
        "source_record_id": "BPRES-2023-02302",
        "status": "Issued",
        "permit_type": "Residential Building Permit",
        "permit_class": "Dwelling - Multiple Units",
        "work_type": "Addition",
        "description": "The project is the addition of a partial 4th level to an existing 3 level duplex. Building Standards - 3 Storey",
        "address": "2097 CREIGHTON ST",
        "applied_date": "2024-04-02T12:00:00+00:00",
        "issued_date": "2024-10-09T12:00:00+00:00",
        "completed_date": null,
        "period_date": "2024-10-09T12:00:00+00:00",
        "longitude": -63.58387327820159,
        "latitude": 44.65135414005226,
        "units_created": null,
        "units_lost": null,
        "net_units": 0.0,
        "is_residential": true,
        "is_active": true,
        "in_period": false,
        "requested_geography": "downtown",
        "in_requested_geography": true,
        "spatial_qa": "point_in_polygon_tested",
        "metric_roles": "active_inventory|period_flow",
        "source_page": "https://data-hrm.hub.arcgis.com/datasets/6ac34a5bc6554d25b137ef432d506f08",
        "retrieved_at_utc": "2026-07-17T18:30:45.175912+00:00",
        "metric_membership": "active"
      }
    },
    {
      "type": "Feature",
      "id": "pplc_building_permits_geolocated:BPCOM-2023-16058",
      "geometry": {
        "type": "Point",
        "coordinates": [
          -63.575308280634026,
          44.64051236068794
        ]
      },
      "properties": {
        "city": "Halifax",
        "dtuid": "205090341",
        "feed": "pplc_building_permits_geolocated",
        "source_record_id": "BPCOM-2023-16058",
        "status": "Issued",
        "permit_type": "Mixed Use & Commercial Building Permit",
        "permit_class": "Dwelling - Multiple Units",
        "work_type": "Addition",
        "description": "Renovation of existing building at 5588 Morris St. & Rear yard addition. Creating an 8 dwelling unit residential building.",
        "address": "5588 MORRIS ST",
        "applied_date": "2024-02-29T12:00:00+00:00",
        "issued_date": "2024-09-20T12:00:00+00:00",
        "completed_date": null,
        "period_date": "2024-09-20T12:00:00+00:00",
        "longitude": -63.575308280634026,
        "latitude": 44.64051236068794,
        "units_created": null,
        "units_lost": null,
        "net_units": 3.0,
        "is_residential": true,
        "is_active": true,
        "in_period": false,
        "requested_geography": "downtown",
        "in_requested_geography": true,
        "spatial_qa": "point_in_polygon_tested",
        "metric_roles": "active_inventory|period_flow",
        "source_page": "https://data-hrm.hub.arcgis.com/datasets/6ac34a5bc6554d25b137ef432d506f08",
        "retrieved_at_utc": "2026-07-17T18:30:45.175912+00:00",
        "metric_membership": "active"
      }
    },
    {
      "type": "Feature",
      "id": "pplc_building_permits_geolocated:BPCOM-2023-13267",
      "geometry": {
        "type": "Point",
        "coordinates": [
          -63.579110167846004,
          44.642661659841636
        ]
      },
      "properties": {
        "city": "Halifax",
        "dtuid": "205090341",
        "feed": "pplc_building_permits_geolocated",
        "source_record_id": "BPCOM-2023-13267",
        "status": "Issued",
        "permit_type": "Mixed Use & Commercial Building Permit",
        "permit_class": "Mixed Use - Residential & Other Use(s)",
        "work_type": "Renovation",
        "description": "To convert the existing Commercial building Group D to residential Group C, Change of use. Commercial tenants main floor to remain. Residential units: 79 (4 Barrier free units) Existing main level commercial suites to remain as is. fire rating and sprinkler work will be undertaken.",
        "address": "5675 SPRING GARDEN RD",
        "applied_date": "2023-10-16T12:00:00+00:00",
        "issued_date": "2024-03-18T12:00:00+00:00",
        "completed_date": null,
        "period_date": "2024-03-18T12:00:00+00:00",
        "longitude": -63.579110167846004,
        "latitude": 44.642661659841636,
        "units_created": null,
        "units_lost": null,
        "net_units": 79.0,
        "is_residential": true,
        "is_active": true,
        "in_period": false,
        "requested_geography": "downtown",
        "in_requested_geography": true,
        "spatial_qa": "point_in_polygon_tested",
        "metric_roles": "active_inventory|period_flow",
        "source_page": "https://data-hrm.hub.arcgis.com/datasets/6ac34a5bc6554d25b137ef432d506f08",
        "retrieved_at_utc": "2026-07-17T18:30:45.175912+00:00",
        "metric_membership": "active"
      }
    },
    {
      "type": "Feature",
      "id": "pplc_building_permits_geolocated:BPRES-2023-14214",
      "geometry": {
        "type": "Point",
        "coordinates": [
          -63.587722550696895,
          44.652715114620165
        ]
      },
      "properties": {
        "city": "Halifax",
        "dtuid": "205090341",
        "feed": "pplc_building_permits_geolocated",
        "source_record_id": "BPRES-2023-14214",
        "status": "Issued",
        "permit_type": "Residential Building Permit",
        "permit_class": "Dwelling - Multiple Units",
        "work_type": "Renovation",
        "description": "Renovation to add a fourth unit to an existing 3-unit building. Layout changes, new windows, flooring, kitchens, washrooms, paint, and new electrical and plumbing.",
        "address": "2334 MAYNARD ST",
        "applied_date": "2025-02-04T12:00:00+00:00",
        "issued_date": "2025-04-23T12:00:00+00:00",
        "completed_date": null,
        "period_date": "2025-04-23T12:00:00+00:00",
        "longitude": -63.587722550696895,
        "latitude": 44.652715114620165,
        "units_created": null,
        "units_lost": null,
        "net_units": 1.0,
        "is_residential": true,
        "is_active": true,
        "in_period": false,
        "requested_geography": "downtown",
        "in_requested_geography": true,
        "spatial_qa": "point_in_polygon_tested",
        "metric_roles": "active_inventory|period_flow",
        "source_page": "https://data-hrm.hub.arcgis.com/datasets/6ac34a5bc6554d25b137ef432d506f08",
        "retrieved_at_utc": "2026-07-17T18:30:45.175912+00:00",
        "metric_membership": "active"
      }
    },
    {
      "type": "Feature",
      "id": "pplc_building_permits_geolocated:BPCOM-2026-03844",
      "geometry": {
        "type": "Point",
        "coordinates": [
          -63.569367605402114,
          44.643956942232094
        ]
      },
      "properties": {
        "city": "Halifax",
        "dtuid": "205090341",
        "feed": "pplc_building_permits_geolocated",
        "source_record_id": "BPCOM-2026-03844",
        "status": "Issued",
        "permit_type": "Mixed Use & Commercial Building Permit",
        "permit_class": "Mixed Use - Residential & Other Use(s)",
        "work_type": "Renovation",
        "description": "Renovation of Condo Unit",
        "address": "1477 LOWER WATER ST",
        "applied_date": "2026-03-30T12:00:00+00:00",
        "issued_date": "2026-04-08T12:00:00+00:00",
        "completed_date": null,
        "period_date": "2026-04-08T12:00:00+00:00",
        "longitude": -63.569367605402114,
        "latitude": 44.643956942232094,
        "units_created": null,
        "units_lost": null,
        "net_units": 0.0,
        "is_residential": true,
        "is_active": true,
        "in_period": true,
        "requested_geography": "downtown",
        "in_requested_geography": true,
        "spatial_qa": "point_in_polygon_tested",
        "metric_roles": "active_inventory|period_flow",
        "source_page": "https://data-hrm.hub.arcgis.com/datasets/6ac34a5bc6554d25b137ef432d506f08",
        "retrieved_at_utc": "2026-07-17T18:30:45.175912+00:00",
        "metric_membership": "both"
      }
    },
    {
      "type": "Feature",
      "id": "pplc_building_permits_geolocated:BPRES-2025-03154",
      "geometry": {
        "type": "Point",
        "coordinates": [
          -63.58625895519043,
          44.652621519323986
        ]
      },
      "properties": {
        "city": "Halifax",
        "dtuid": "205090341",
        "feed": "pplc_building_permits_geolocated",
        "source_record_id": "BPRES-2025-03154",
        "status": "Issued",
        "permit_type": "Residential Building Permit",
        "permit_class": "Dwelling - Multiple Units",
        "work_type": "Renovation",
        "description": "New drywalling, carpet cabinets, plumbing replacement and electrical replacement.",
        "address": "5556 CUNARD ST",
        "applied_date": "2025-03-11T12:00:00+00:00",
        "issued_date": "2025-03-25T12:00:00+00:00",
        "completed_date": null,
        "period_date": "2025-03-25T12:00:00+00:00",
        "longitude": -63.58625895519043,
        "latitude": 44.652621519323986,
        "units_created": null,
        "units_lost": null,
        "net_units": 0.0,
        "is_residential": true,
        "is_active": true,
        "in_period": false,
        "requested_geography": "downtown",
        "in_requested_geography": true,
        "spatial_qa": "point_in_polygon_tested",
        "metric_roles": "active_inventory|period_flow",
        "source_page": "https://data-hrm.hub.arcgis.com/datasets/6ac34a5bc6554d25b137ef432d506f08",
        "retrieved_at_utc": "2026-07-17T18:30:45.175912+00:00",
        "metric_membership": "active"
      }
    },
    {
      "type": "Feature",
      "id": "pplc_building_permits_geolocated:BPRES-2021-14555",
      "geometry": {
        "type": "Point",
        "coordinates": [
          -63.57633736548555,
          44.6415961865041
        ]
      },
      "properties": {
        "city": "Halifax",
        "dtuid": "205090341",
        "feed": "pplc_building_permits_geolocated",
        "source_record_id": "BPRES-2021-14555",
        "status": "Application Incomplete",
        "permit_type": "Residential Building Permit",
        "permit_class": "Dwelling - Semi-Detached",
        "work_type": "Renovation",
        "description": "Replacing a bathroom window, Installing a skylight between existing roof joists and retailing a bathroom No structural alterations No plumbing alterations",
        "address": "1352 BIRMINGHAM ST",
        "applied_date": "2021-08-16T12:00:00+00:00",
        "issued_date": null,
        "completed_date": null,
        "period_date": null,
        "longitude": -63.57633736548555,
        "latitude": 44.6415961865041,
        "units_created": null,
        "units_lost": null,
        "net_units": 0.0,
        "is_residential": true,
        "is_active": true,
        "in_period": false,
        "requested_geography": "downtown",
        "in_requested_geography": true,
        "spatial_qa": "point_in_polygon_tested",
        "metric_roles": "active_inventory|period_flow",
        "source_page": "https://data-hrm.hub.arcgis.com/datasets/6ac34a5bc6554d25b137ef432d506f08",
        "retrieved_at_utc": "2026-07-17T18:30:45.175912+00:00",
        "metric_membership": "active"
      }
    },
    {
      "type": "Feature",
      "id": "pplc_building_permits_geolocated:BPCOM-2023-15696",
      "geometry": {
        "type": "Point",
        "coordinates": [
          -63.575207020796405,
          44.640538540980074
        ]
      },
      "properties": {
        "city": "Halifax",
        "dtuid": "205090341",
        "feed": "pplc_building_permits_geolocated",
        "source_record_id": "BPCOM-2023-15696",
        "status": "Issued",
        "permit_type": "Mixed Use & Commercial Building Permit",
        "permit_class": "Dwelling - Multiple Units",
        "work_type": "Addition",
        "description": "Renovation of existing building at 5578 Morris St. & Rear yard addition. Creating an 8 dwelling unit residential building.",
        "address": "5578 MORRIS ST",
        "applied_date": "2023-12-05T12:00:00+00:00",
        "issued_date": "2024-09-20T12:00:00+00:00",
        "completed_date": null,
        "period_date": "2024-09-20T12:00:00+00:00",
        "longitude": -63.575207020796405,
        "latitude": 44.640538540980074,
        "units_created": null,
        "units_lost": null,
        "net_units": 3.0,
        "is_residential": true,
        "is_active": true,
        "in_period": false,
        "requested_geography": "downtown",
        "in_requested_geography": true,
        "spatial_qa": "point_in_polygon_tested",
        "metric_roles": "active_inventory|period_flow",
        "source_page": "https://data-hrm.hub.arcgis.com/datasets/6ac34a5bc6554d25b137ef432d506f08",
        "retrieved_at_utc": "2026-07-17T18:30:45.175912+00:00",
        "metric_membership": "active"
      }
    },
    {
      "type": "Feature",
      "id": "pplc_building_permits_geolocated:BPRES-2026-01013",
      "geometry": {
        "type": "Point",
        "coordinates": [
          -63.591027235180505,
          44.65190176806839
        ]
      },
      "properties": {
        "city": "Halifax",
        "dtuid": "205090341",
        "feed": "pplc_building_permits_geolocated",
        "source_record_id": "BPRES-2026-01013",
        "status": "Issued",
        "permit_type": "Residential Building Permit",
        "permit_class": "Dwelling - Townhouse",
        "work_type": "Addition",
        "description": "Construct Rear Addition",
        "address": "2335 PRINCESS PL",
        "applied_date": "2026-01-28T12:00:00+00:00",
        "issued_date": "2026-02-23T12:00:00+00:00",
        "completed_date": null,
        "period_date": "2026-02-23T12:00:00+00:00",
        "longitude": -63.591027235180505,
        "latitude": 44.65190176806839,
        "units_created": null,
        "units_lost": null,
        "net_units": 0.0,
        "is_residential": true,
        "is_active": true,
        "in_period": true,
        "requested_geography": "downtown",
        "in_requested_geography": true,
        "spatial_qa": "point_in_polygon_tested",
        "metric_roles": "active_inventory|period_flow",
        "source_page": "https://data-hrm.hub.arcgis.com/datasets/6ac34a5bc6554d25b137ef432d506f08",
        "retrieved_at_utc": "2026-07-17T18:30:45.175912+00:00",
        "metric_membership": "both"
      }
    },
    {
      "type": "Feature",
      "id": "pplc_building_permits_geolocated:BPCOM-2022-14429",
      "geometry": {
        "type": "Point",
        "coordinates": [
          -63.58488017672038,
          44.63994657209934
        ]
      },
      "properties": {
        "city": "Halifax",
        "dtuid": "205090341",
        "feed": "pplc_building_permits_geolocated",
        "source_record_id": "BPCOM-2022-14429",
        "status": "Ready For Issue",
        "permit_type": "Mixed Use & Commercial Building Permit",
        "permit_class": "Mixed Use - Residential & Other Use(s)",
        "work_type": "New Building",
        "description": "Phase I - multi-unit construction",
        "address": "1456 CARLTON ST",
        "applied_date": "2022-11-17T12:00:00+00:00",
        "issued_date": null,
        "completed_date": null,
        "period_date": null,
        "longitude": -63.58488017672038,
        "latitude": 44.63994657209934,
        "units_created": null,
        "units_lost": null,
        "net_units": 0.0,
        "is_residential": true,
        "is_active": true,
        "in_period": false,
        "requested_geography": "downtown",
        "in_requested_geography": true,
        "spatial_qa": "point_in_polygon_tested",
        "metric_roles": "active_inventory|period_flow",
        "source_page": "https://data-hrm.hub.arcgis.com/datasets/6ac34a5bc6554d25b137ef432d506f08",
        "retrieved_at_utc": "2026-07-17T18:30:45.175912+00:00",
        "metric_membership": "active"
      }
    },
    {
      "type": "Feature",
      "id": "pplc_building_permits_geolocated:BP-2020-00559",
      "geometry": {
        "type": "Point",
        "coordinates": [
          -63.57239533124643,
          44.64565149126535
        ]
      },
      "properties": {
        "city": "Halifax",
        "dtuid": "205090341",
        "feed": "pplc_building_permits_geolocated",
        "source_record_id": "BP-2020-00559",
        "status": "Issued",
        "permit_type": "Mixed Use & Commercial Building Permit",
        "permit_class": "Mixed Use - Residential & Other Use(s)",
        "work_type": "New Building",
        "description": "New mixed use residential-commercial building with 5 level underground parking garage and a podium of 3 stories on top and two residential towers each of 16 stories (total 21 floors above grade), 350 residential units. Please note: Site Plan Approval #SPA-2023-01543 (February 2024) created a necessary update to the Building Permit that reflects the new building. All materials were reviewed and approved by Dec 20th, 2024 and the Building Permit was issued on that date.",
        "address": "1565 GRANVILLE ST",
        "applied_date": "2022-06-02T12:00:00+00:00",
        "issued_date": "2023-02-13T12:00:00+00:00",
        "completed_date": null,
        "period_date": "2023-02-13T12:00:00+00:00",
        "longitude": -63.57239533124643,
        "latitude": 44.64565149126535,
        "units_created": null,
        "units_lost": null,
        "net_units": 350.0,
        "is_residential": true,
        "is_active": true,
        "in_period": false,
        "requested_geography": "downtown",
        "in_requested_geography": true,
        "spatial_qa": "point_in_polygon_tested",
        "metric_roles": "active_inventory|period_flow",
        "source_page": "https://data-hrm.hub.arcgis.com/datasets/6ac34a5bc6554d25b137ef432d506f08",
        "retrieved_at_utc": "2026-07-17T18:30:45.175912+00:00",
        "metric_membership": "active"
      }
    },
    {
      "type": "Feature",
      "id": "pplc_building_permits_geolocated:BPRES-2025-05758",
      "geometry": {
        "type": "Point",
        "coordinates": [
          -63.569268130226405,
          44.6427672567122
        ]
      },
      "properties": {
        "city": "Halifax",
        "dtuid": "205090341",
        "feed": "pplc_building_permits_geolocated",
        "source_record_id": "BPRES-2025-05758",
        "status": "Issued",
        "permit_type": "Residential Building Permit",
        "permit_class": "Dwelling - Multiple Units",
        "work_type": "Renovation",
        "description": "Adding Washer and Dryer Connection",
        "address": "1326 LOWER WATER ST",
        "applied_date": "2025-04-23T12:00:00+00:00",
        "issued_date": "2025-04-25T12:00:00+00:00",
        "completed_date": null,
        "period_date": "2025-04-25T12:00:00+00:00",
        "longitude": -63.569268130226405,
        "latitude": 44.6427672567122,
        "units_created": null,
        "units_lost": null,
        "net_units": 0.0,
        "is_residential": true,
        "is_active": true,
        "in_period": false,
        "requested_geography": "downtown",
        "in_requested_geography": true,
        "spatial_qa": "point_in_polygon_tested",
        "metric_roles": "active_inventory|period_flow",
        "source_page": "https://data-hrm.hub.arcgis.com/datasets/6ac34a5bc6554d25b137ef432d506f08",
        "retrieved_at_utc": "2026-07-17T18:30:45.175912+00:00",
        "metric_membership": "active"
      }
    },
    {
      "type": "Feature",
      "id": "pplc_building_permits_geolocated:BPCOM-2022-14305",
      "geometry": {
        "type": "Point",
        "coordinates": [
          -63.57041682032825,
          44.63970185623544
        ]
      },
      "properties": {
        "city": "Halifax",
        "dtuid": "205090341",
        "feed": "pplc_building_permits_geolocated",
        "source_record_id": "BPCOM-2022-14305",
        "status": "Issued",
        "permit_type": "Mixed Use & Commercial Building Permit",
        "permit_class": "Mixed Use - Residential & Other Use(s)",
        "work_type": "New Building",
        "description": "Construct multi unit mixed-use building (95 units).",
        "address": "1190 BARRINGTON ST",
        "applied_date": "2022-12-21T12:00:00+00:00",
        "issued_date": "2023-03-23T12:00:00+00:00",
        "completed_date": null,
        "period_date": "2023-03-23T12:00:00+00:00",
        "longitude": -63.57041682032825,
        "latitude": 44.63970185623544,
        "units_created": null,
        "units_lost": null,
        "net_units": 95.0,
        "is_residential": true,
        "is_active": true,
        "in_period": false,
        "requested_geography": "downtown",
        "in_requested_geography": true,
        "spatial_qa": "point_in_polygon_tested",
        "metric_roles": "active_inventory|period_flow",
        "source_page": "https://data-hrm.hub.arcgis.com/datasets/6ac34a5bc6554d25b137ef432d506f08",
        "retrieved_at_utc": "2026-07-17T18:30:45.175912+00:00",
        "metric_membership": "active"
      }
    },
    {
      "type": "Feature",
      "id": "pplc_building_permits_geolocated:BPCOM-2022-10609",
      "geometry": {
        "type": "Point",
        "coordinates": [
          -63.58541888860875,
          44.653563439755004
        ]
      },
      "properties": {
        "city": "Halifax",
        "dtuid": "205090341",
        "feed": "pplc_building_permits_geolocated",
        "source_record_id": "BPCOM-2022-10609",
        "status": "Issued",
        "permit_type": "Mixed Use & Commercial Building Permit",
        "permit_class": "Dwelling - Multiple Units",
        "work_type": "New Building",
        "description": "Construct multi-unit dwelling containing 142 dwelling units, ground floor commercial, underground parking, and mechanical penthouse.",
        "address": "2223 GOTTINGEN ST",
        "applied_date": "2022-08-05T12:00:00+00:00",
        "issued_date": "2022-11-22T12:00:00+00:00",
        "completed_date": null,
        "period_date": "2022-11-22T12:00:00+00:00",
        "longitude": -63.58541888860875,
        "latitude": 44.653563439755004,
        "units_created": null,
        "units_lost": null,
        "net_units": 142.0,
        "is_residential": true,
        "is_active": true,
        "in_period": false,
        "requested_geography": "downtown",
        "in_requested_geography": true,
        "spatial_qa": "point_in_polygon_tested",
        "metric_roles": "active_inventory|period_flow",
        "source_page": "https://data-hrm.hub.arcgis.com/datasets/6ac34a5bc6554d25b137ef432d506f08",
        "retrieved_at_utc": "2026-07-17T18:30:45.175912+00:00",
        "metric_membership": "active"
      }
    },
    {
      "type": "Feature",
      "id": "pplc_building_permits_geolocated:BPCOM-2022-09325",
      "geometry": {
        "type": "Point",
        "coordinates": [
          -63.59063980168038,
          44.65501702966667
        ]
      },
      "properties": {
        "city": "Halifax",
        "dtuid": "205090341",
        "feed": "pplc_building_permits_geolocated",
        "source_record_id": "BPCOM-2022-09325",
        "status": "Issued",
        "permit_type": "Mixed Use & Commercial Building Permit",
        "permit_class": "Dwelling - Multiple Units",
        "work_type": "New Building",
        "description": "Construct Multi-Unit Dwelling",
        "address": "2487 MAYNARD ST",
        "applied_date": "2023-10-24T12:00:00+00:00",
        "issued_date": "2024-07-24T12:00:00+00:00",
        "completed_date": null,
        "period_date": "2024-07-24T12:00:00+00:00",
        "longitude": -63.59063980168038,
        "latitude": 44.65501702966667,
        "units_created": null,
        "units_lost": null,
        "net_units": 29.0,
        "is_residential": true,
        "is_active": true,
        "in_period": false,
        "requested_geography": "downtown",
        "in_requested_geography": true,
        "spatial_qa": "point_in_polygon_tested",
        "metric_roles": "active_inventory|period_flow",
        "source_page": "https://data-hrm.hub.arcgis.com/datasets/6ac34a5bc6554d25b137ef432d506f08",
        "retrieved_at_utc": "2026-07-17T18:30:45.175912+00:00",
        "metric_membership": "active"
      }
    },
    {
      "type": "Feature",
      "id": "pplc_building_permits_geolocated:BPCOM-2022-02085",
      "geometry": {
        "type": "Point",
        "coordinates": [
          -63.57002926751025,
          44.63867305879671
        ]
      },
      "properties": {
        "city": "Halifax",
        "dtuid": "205090341",
        "feed": "pplc_building_permits_geolocated",
        "source_record_id": "BPCOM-2022-02085",
        "status": "Issued",
        "permit_type": "Mixed Use & Commercial Building Permit",
        "permit_class": "Mixed Use - Residential & Other Use(s)",
        "work_type": "New Building",
        "description": "Construction of an integrated development in the Old South Suburb Heritage Conservation District incorporating a new 8 storey mixed-use residential building with ground floor commercial, underground parking and mechanical penthouse. Restoration of existing heritage asset at 1138 Barrington and addition to create new dwelling units. 47 residential units total.",
        "address": "1140 BARRINGTON ST",
        "applied_date": "2022-02-22T12:00:00+00:00",
        "issued_date": "2022-09-22T12:00:00+00:00",
        "completed_date": null,
        "period_date": "2022-09-22T12:00:00+00:00",
        "longitude": -63.57002926751025,
        "latitude": 44.63867305879671,
        "units_created": null,
        "units_lost": null,
        "net_units": 47.0,
        "is_residential": true,
        "is_active": true,
        "in_period": false,
        "requested_geography": "downtown",
        "in_requested_geography": true,
        "spatial_qa": "point_in_polygon_tested",
        "metric_roles": "active_inventory|period_flow",
        "source_page": "https://data-hrm.hub.arcgis.com/datasets/6ac34a5bc6554d25b137ef432d506f08",
        "retrieved_at_utc": "2026-07-17T18:30:45.175912+00:00",
        "metric_membership": "active"
      }
    },
    {
      "type": "Feature",
      "id": "pplc_building_permits_geolocated:BPCOM-2023-05159",
      "geometry": {
        "type": "Point",
        "coordinates": [
          -63.57926217208144,
          44.63487264272534
        ]
      },
      "properties": {
        "city": "Halifax",
        "dtuid": "205090341",
        "feed": "pplc_building_permits_geolocated",
        "source_record_id": "BPCOM-2023-05159",
        "status": "Issued",
        "permit_type": "Mixed Use & Commercial Building Permit",
        "permit_class": "Dwelling - Multiple Units",
        "work_type": "Addition",
        "description": "Construct addition containing eight units to an existing two unit dwelling. Add third storey and addition to rear of building for a total ten units.",
        "address": "1059 WELLINGTON ST",
        "applied_date": "2023-05-02T12:00:00+00:00",
        "issued_date": "2023-06-21T12:00:00+00:00",
        "completed_date": null,
        "period_date": "2023-06-21T12:00:00+00:00",
        "longitude": -63.57926217208144,
        "latitude": 44.63487264272534,
        "units_created": null,
        "units_lost": null,
        "net_units": 8.0,
        "is_residential": true,
        "is_active": true,
        "in_period": false,
        "requested_geography": "downtown",
        "in_requested_geography": true,
        "spatial_qa": "point_in_polygon_tested",
        "metric_roles": "active_inventory|period_flow",
        "source_page": "https://data-hrm.hub.arcgis.com/datasets/6ac34a5bc6554d25b137ef432d506f08",
        "retrieved_at_utc": "2026-07-17T18:30:45.175912+00:00",
        "metric_membership": "active"
      }
    },
    {
      "type": "Feature",
      "id": "pplc_building_permits_geolocated:BPCOM-2023-03953",
      "geometry": {
        "type": "Point",
        "coordinates": [
          -63.571415720517095,
          44.645176808228285
        ]
      },
      "properties": {
        "city": "Halifax",
        "dtuid": "205090341",
        "feed": "pplc_building_permits_geolocated",
        "source_record_id": "BPCOM-2023-03953",
        "status": "Issued",
        "permit_type": "Mixed Use & Commercial Building Permit",
        "permit_class": "Mixed Use - Residential & Other Use(s)",
        "work_type": "New Building",
        "description": "New multi unit residential development of 3 buildings on one Podium with 4 levels of Parking. 462 New Residential units. (24 Barrier free units) 679m2 of New commercial space.",
        "address": "1551 HOLLIS ST",
        "applied_date": "2023-04-14T12:00:00+00:00",
        "issued_date": "2023-11-09T12:00:00+00:00",
        "completed_date": null,
        "period_date": "2023-11-09T12:00:00+00:00",
        "longitude": -63.571415720517095,
        "latitude": 44.645176808228285,
        "units_created": null,
        "units_lost": null,
        "net_units": 462.0,
        "is_residential": true,
        "is_active": true,
        "in_period": false,
        "requested_geography": "downtown",
        "in_requested_geography": true,
        "spatial_qa": "point_in_polygon_tested",
        "metric_roles": "active_inventory|period_flow",
        "source_page": "https://data-hrm.hub.arcgis.com/datasets/6ac34a5bc6554d25b137ef432d506f08",
        "retrieved_at_utc": "2026-07-17T18:30:45.175912+00:00",
        "metric_membership": "active"
      }
    },
    {
      "type": "Feature",
      "id": "pplc_building_permits_geolocated:BPCOM-2023-03436",
      "geometry": {
        "type": "Point",
        "coordinates": [
          -63.582566487063424,
          44.6546001914303
        ]
      },
      "properties": {
        "city": "Halifax",
        "dtuid": "205090341",
        "feed": "pplc_building_permits_geolocated",
        "source_record_id": "BPCOM-2023-03436",
        "status": "Issued",
        "permit_type": "Mixed Use & Commercial Building Permit",
        "permit_class": "Mixed Use - Residential & Other Use(s)",
        "work_type": "New Building",
        "description": "7 storey (+penthouse), multi-unit residential building with 159 units, 1 level of underground parking, and mechanical penthouse /amenity level.",
        "address": "2254 BARRINGTON ST",
        "applied_date": "2023-03-30T12:00:00+00:00",
        "issued_date": "2024-02-22T12:00:00+00:00",
        "completed_date": null,
        "period_date": "2024-02-22T12:00:00+00:00",
        "longitude": -63.582566487063424,
        "latitude": 44.6546001914303,
        "units_created": null,
        "units_lost": null,
        "net_units": 159.0,
        "is_residential": true,
        "is_active": true,
        "in_period": false,
        "requested_geography": "downtown",
        "in_requested_geography": true,
        "spatial_qa": "point_in_polygon_tested",
        "metric_roles": "active_inventory|period_flow",
        "source_page": "https://data-hrm.hub.arcgis.com/datasets/6ac34a5bc6554d25b137ef432d506f08",
        "retrieved_at_utc": "2026-07-17T18:30:45.175912+00:00",
        "metric_membership": "active"
      }
    },
    {
      "type": "Feature",
      "id": "pplc_building_permits_geolocated:BPRES-2024-18080",
      "geometry": {
        "type": "Point",
        "coordinates": [
          -63.58549312357304,
          44.65464129825924
        ]
      },
      "properties": {
        "city": "Halifax",
        "dtuid": "205090341",
        "feed": "pplc_building_permits_geolocated",
        "source_record_id": "BPRES-2024-18080",
        "status": "Issued",
        "permit_type": "Residential Building Permit",
        "permit_class": "Dwelling - Multiple Units",
        "work_type": "New Building",
        "description": "To construct 4 unit dwelling. Phase 1 -- 2277 Maitland St, Halifax, NS, B3K5K8",
        "address": "2333 MAITLAND ST",
        "applied_date": "2024-12-02T12:00:00+00:00",
        "issued_date": "2025-01-03T12:00:00+00:00",
        "completed_date": null,
        "period_date": "2025-01-03T12:00:00+00:00",
        "longitude": -63.58549312357304,
        "latitude": 44.65464129825924,
        "units_created": null,
        "units_lost": null,
        "net_units": 4.0,
        "is_residential": true,
        "is_active": true,
        "in_period": false,
        "requested_geography": "downtown",
        "in_requested_geography": true,
        "spatial_qa": "point_in_polygon_tested",
        "metric_roles": "active_inventory|period_flow",
        "source_page": "https://data-hrm.hub.arcgis.com/datasets/6ac34a5bc6554d25b137ef432d506f08",
        "retrieved_at_utc": "2026-07-17T18:30:45.175912+00:00",
        "metric_membership": "active"
      }
    },
    {
      "type": "Feature",
      "id": "pplc_building_permits_geolocated:BPRES-2023-02356",
      "geometry": {
        "type": "Point",
        "coordinates": [
          -63.570035027251244,
          44.6403300005738
        ]
      },
      "properties": {
        "city": "Halifax",
        "dtuid": "205090341",
        "feed": "pplc_building_permits_geolocated",
        "source_record_id": "BPRES-2023-02356",
        "status": "Issued",
        "permit_type": "Residential Building Permit",
        "permit_class": "Dwelling - Multiple Units",
        "work_type": "Addition",
        "description": "Relocation and renovation of an existing 4 storey (Elmwood Heritage) building containing 11 residential suites and Construction of a 9 storey building containing 71 residential suites, 1 level of underground parking, 1 level of service and storage, commercial suites on Level 1, and both buildings connected by a common atrium. Total residential unit count 82.",
        "address": "5181 SOUTH ST",
        "applied_date": "2023-03-27T12:00:00+00:00",
        "issued_date": "2023-09-19T12:00:00+00:00",
        "completed_date": null,
        "period_date": "2023-09-19T12:00:00+00:00",
        "longitude": -63.570035027251244,
        "latitude": 44.6403300005738,
        "units_created": null,
        "units_lost": null,
        "net_units": 71.0,
        "is_residential": true,
        "is_active": true,
        "in_period": false,
        "requested_geography": "downtown",
        "in_requested_geography": true,
        "spatial_qa": "point_in_polygon_tested",
        "metric_roles": "active_inventory|period_flow",
        "source_page": "https://data-hrm.hub.arcgis.com/datasets/6ac34a5bc6554d25b137ef432d506f08",
        "retrieved_at_utc": "2026-07-17T18:30:45.175912+00:00",
        "metric_membership": "active"
      }
    },
    {
      "type": "Feature",
      "id": "pplc_building_permits_geolocated:BPRES-2025-00408",
      "geometry": {
        "type": "Point",
        "coordinates": [
          -63.58806281749416,
          44.65373408258651
        ]
      },
      "properties": {
        "city": "Halifax",
        "dtuid": "205090341",
        "feed": "pplc_building_permits_geolocated",
        "source_record_id": "BPRES-2025-00408",
        "status": "Issued",
        "permit_type": "Residential Building Permit",
        "permit_class": "Dwelling - Backyard Suite",
        "work_type": "New Building",
        "description": "This is a backyard suite that will be built at the same time as the house we are building at 2378 Creighton st.",
        "address": "5566 BUDDY DAYE ST",
        "applied_date": "2025-01-14T12:00:00+00:00",
        "issued_date": "2025-02-11T12:00:00+00:00",
        "completed_date": null,
        "period_date": "2025-02-11T12:00:00+00:00",
        "longitude": -63.58806281749416,
        "latitude": 44.65373408258651,
        "units_created": null,
        "units_lost": null,
        "net_units": 1.0,
        "is_residential": true,
        "is_active": true,
        "in_period": false,
        "requested_geography": "downtown",
        "in_requested_geography": true,
        "spatial_qa": "point_in_polygon_tested",
        "metric_roles": "active_inventory|period_flow",
        "source_page": "https://data-hrm.hub.arcgis.com/datasets/6ac34a5bc6554d25b137ef432d506f08",
        "retrieved_at_utc": "2026-07-17T18:30:45.175912+00:00",
        "metric_membership": "active"
      }
    },
    {
      "type": "Feature",
      "id": "pplc_building_permits_geolocated:BPCOM-2025-17396",
      "geometry": {
        "type": "Point",
        "coordinates": [
          -63.57934135404518,
          44.644701522069
        ]
      },
      "properties": {
        "city": "Halifax",
        "dtuid": "205090341",
        "feed": "pplc_building_permits_geolocated",
        "source_record_id": "BPCOM-2025-17396",
        "status": "Issued",
        "permit_type": "Mixed Use & Commercial Building Permit",
        "permit_class": "Mixed Use - Residential & Other Use(s)",
        "work_type": "Renovation",
        "description": "Scope of Work; Renovation of existing floor area and Lobby, to create additional suite space (Group A2) for tenant 'Just Cycle' See Permit BPCOM-2025-19096 for additional information. New Exit Corridor, and Lobby alterations, along with renovation of existing washroom to create a new Barrier Free compliant facility. No change in Maximum Occupant Load.",
        "address": "5536 SACKVILLE ST",
        "applied_date": "2026-02-11T12:00:00+00:00",
        "issued_date": "2026-04-01T12:00:00+00:00",
        "completed_date": null,
        "period_date": "2026-04-01T12:00:00+00:00",
        "longitude": -63.57934135404518,
        "latitude": 44.644701522069,
        "units_created": null,
        "units_lost": null,
        "net_units": 0.0,
        "is_residential": true,
        "is_active": true,
        "in_period": true,
        "requested_geography": "downtown",
        "in_requested_geography": true,
        "spatial_qa": "point_in_polygon_tested",
        "metric_roles": "active_inventory|period_flow",
        "source_page": "https://data-hrm.hub.arcgis.com/datasets/6ac34a5bc6554d25b137ef432d506f08",
        "retrieved_at_utc": "2026-07-17T18:30:45.175912+00:00",
        "metric_membership": "both"
      }
    },
    {
      "type": "Feature",
      "id": "pplc_building_permits_geolocated:BPCOM-2025-09958",
      "geometry": {
        "type": "Point",
        "coordinates": [
          -63.57808127207631,
          44.6500745680104
        ]
      },
      "properties": {
        "city": "Halifax",
        "dtuid": "205090341",
        "feed": "pplc_building_permits_geolocated",
        "source_record_id": "BPCOM-2025-09958",
        "status": "Issued",
        "permit_type": "Mixed Use & Commercial Building Permit",
        "permit_class": "Dwelling - Multiple Units",
        "work_type": "Renovation",
        "description": "Scope of Work; Renovation of existing amenity spaces to create 3 additional Bachelor Suites (Group C). Maximum Occupant Load Reviewed as 6 Person Increase.",
        "address": "1991 BRUNSWICK ST",
        "applied_date": "2025-07-15T12:00:00+00:00",
        "issued_date": "2026-06-08T12:00:00+00:00",
        "completed_date": null,
        "period_date": "2026-06-08T12:00:00+00:00",
        "longitude": -63.57808127207631,
        "latitude": 44.6500745680104,
        "units_created": null,
        "units_lost": null,
        "net_units": 3.0,
        "is_residential": true,
        "is_active": true,
        "in_period": true,
        "requested_geography": "downtown",
        "in_requested_geography": true,
        "spatial_qa": "point_in_polygon_tested",
        "metric_roles": "active_inventory|period_flow",
        "source_page": "https://data-hrm.hub.arcgis.com/datasets/6ac34a5bc6554d25b137ef432d506f08",
        "retrieved_at_utc": "2026-07-17T18:30:45.175912+00:00",
        "metric_membership": "both"
      }
    },
    {
      "type": "Feature",
      "id": "pplc_building_permits_geolocated:BPRES-2026-02940",
      "geometry": {
        "type": "Point",
        "coordinates": [
          -63.57864240059394,
          44.63566839227772
        ]
      },
      "properties": {
        "city": "Halifax",
        "dtuid": "205090341",
        "feed": "pplc_building_permits_geolocated",
        "source_record_id": "BPRES-2026-02940",
        "status": "Completed",
        "permit_type": "Residential Building Permit",
        "permit_class": "Dwelling - Single Detached",
        "work_type": "Renovation",
        "description": "Renovating collapsed basement wall",
        "address": "1094 TOWER RD",
        "applied_date": "2026-03-12T12:00:00+00:00",
        "issued_date": "2026-04-01T12:00:00+00:00",
        "completed_date": "2026-04-20T12:00:00+00:00",
        "period_date": "2026-04-01T12:00:00+00:00",
        "longitude": -63.57864240059394,
        "latitude": 44.63566839227772,
        "units_created": null,
        "units_lost": null,
        "net_units": 0.0,
        "is_residential": true,
        "is_active": false,
        "in_period": true,
        "requested_geography": "downtown",
        "in_requested_geography": true,
        "spatial_qa": "point_in_polygon_tested",
        "metric_roles": "active_inventory|period_flow",
        "source_page": "https://data-hrm.hub.arcgis.com/datasets/6ac34a5bc6554d25b137ef432d506f08",
        "retrieved_at_utc": "2026-07-17T18:30:45.175912+00:00",
        "metric_membership": "period"
      }
    },
    {
      "type": "Feature",
      "id": "pplc_building_permits_geolocated:BPCOM-2025-09136",
      "geometry": {
        "type": "Point",
        "coordinates": [
          -63.58407465379236,
          44.65185704393544
        ]
      },
      "properties": {
        "city": "Halifax",
        "dtuid": "205090341",
        "feed": "pplc_building_permits_geolocated",
        "source_record_id": "BPCOM-2025-09136",
        "status": "Application Incomplete",
        "permit_type": "Mixed Use & Commercial Building Permit",
        "permit_class": "Dwelling - Multiple Units",
        "work_type": "Renovation",
        "description": "convert existing warehouse to 15 unit multi residential building Follow up to: Hansen Permit #137472",
        "address": "2123 CREIGHTON ST",
        "applied_date": null,
        "issued_date": null,
        "completed_date": null,
        "period_date": null,
        "longitude": -63.58407465379236,
        "latitude": 44.65185704393544,
        "units_created": null,
        "units_lost": null,
        "net_units": 15.0,
        "is_residential": true,
        "is_active": true,
        "in_period": false,
        "requested_geography": "downtown",
        "in_requested_geography": true,
        "spatial_qa": "point_in_polygon_tested",
        "metric_roles": "active_inventory|period_flow",
        "source_page": "https://data-hrm.hub.arcgis.com/datasets/6ac34a5bc6554d25b137ef432d506f08",
        "retrieved_at_utc": "2026-07-17T18:30:45.175912+00:00",
        "metric_membership": "active"
      }
    },
    {
      "type": "Feature",
      "id": "pplc_building_permits_geolocated:BPCOM-2023-15777",
      "geometry": {
        "type": "Point",
        "coordinates": [
          -63.58436638914168,
          44.65322980320521
        ]
      },
      "properties": {
        "city": "Halifax",
        "dtuid": "205090341",
        "feed": "pplc_building_permits_geolocated",
        "source_record_id": "BPCOM-2023-15777",
        "status": "Issued",
        "permit_type": "Mixed Use & Commercial Building Permit",
        "permit_class": "Mixed Use - Residential & Other Use(s)",
        "work_type": "New Building",
        "description": "Scope of Work: Construction of new 10 Storey, Non-Combustible Multi-Unit Residential Building, containing 175 units, built in accordance with 3.2.2.47 of the 2015 NBC. Building contains three (3) proposed commercial units, classified as Group E, meeting 3.2.2.64, and two (2) stories of parking, classified as Group F3. Commercial Units (Gottingen Street) have been rated 2HR between suites.",
        "address": "2250 MAITLAND ST",
        "applied_date": "2023-12-13T12:00:00+00:00",
        "issued_date": "2025-02-11T12:00:00+00:00",
        "completed_date": null,
        "period_date": "2025-02-11T12:00:00+00:00",
        "longitude": -63.58436638914168,
        "latitude": 44.65322980320521,
        "units_created": null,
        "units_lost": null,
        "net_units": 175.0,
        "is_residential": true,
        "is_active": true,
        "in_period": false,
        "requested_geography": "downtown",
        "in_requested_geography": true,
        "spatial_qa": "point_in_polygon_tested",
        "metric_roles": "active_inventory|period_flow",
        "source_page": "https://data-hrm.hub.arcgis.com/datasets/6ac34a5bc6554d25b137ef432d506f08",
        "retrieved_at_utc": "2026-07-17T18:30:45.175912+00:00",
        "metric_membership": "active"
      }
    },
    {
      "type": "Feature",
      "id": "pplc_building_permits_geolocated:BPRES-2024-17570",
      "geometry": {
        "type": "Point",
        "coordinates": [
          -63.58506693039628,
          44.64033883803291
        ]
      },
      "properties": {
        "city": "Halifax",
        "dtuid": "205090341",
        "feed": "pplc_building_permits_geolocated",
        "source_record_id": "BPRES-2024-17570",
        "status": "Issued",
        "permit_type": "Residential Building Permit",
        "permit_class": "Dwelling - Multiple Units",
        "work_type": "Renovation",
        "description": "renovate multi unit building",
        "address": "1478 CARLTON ST",
        "applied_date": "2024-11-22T12:00:00+00:00",
        "issued_date": "2025-01-20T12:00:00+00:00",
        "completed_date": null,
        "period_date": "2025-01-20T12:00:00+00:00",
        "longitude": -63.58506693039628,
        "latitude": 44.64033883803291,
        "units_created": null,
        "units_lost": null,
        "net_units": 0.0,
        "is_residential": true,
        "is_active": true,
        "in_period": false,
        "requested_geography": "downtown",
        "in_requested_geography": true,
        "spatial_qa": "point_in_polygon_tested",
        "metric_roles": "active_inventory|period_flow",
        "source_page": "https://data-hrm.hub.arcgis.com/datasets/6ac34a5bc6554d25b137ef432d506f08",
        "retrieved_at_utc": "2026-07-17T18:30:45.175912+00:00",
        "metric_membership": "active"
      }
    },
    {
      "type": "Feature",
      "id": "pplc_building_permits_geolocated:BPCOM-2024-06904",
      "geometry": {
        "type": "Point",
        "coordinates": [
          -63.58513201544478,
          44.64040938494057
        ]
      },
      "properties": {
        "city": "Halifax",
        "dtuid": "205090341",
        "feed": "pplc_building_permits_geolocated",
        "source_record_id": "BPCOM-2024-06904",
        "status": "Issued",
        "permit_type": "Mixed Use & Commercial Building Permit",
        "permit_class": "Mixed Use - Residential & Other Use(s)",
        "work_type": "Renovation",
        "description": "Converting a semi-detached Group D into a 6-unit dwelling and consolidating the two lots.",
        "address": "1480 CARLTON ST",
        "applied_date": "2024-11-19T12:00:00+00:00",
        "issued_date": "2025-02-26T12:00:00+00:00",
        "completed_date": null,
        "period_date": "2025-02-26T12:00:00+00:00",
        "longitude": -63.58513201544478,
        "latitude": 44.64040938494057,
        "units_created": null,
        "units_lost": null,
        "net_units": 5.0,
        "is_residential": true,
        "is_active": true,
        "in_period": false,
        "requested_geography": "downtown",
        "in_requested_geography": true,
        "spatial_qa": "point_in_polygon_tested",
        "metric_roles": "active_inventory|period_flow",
        "source_page": "https://data-hrm.hub.arcgis.com/datasets/6ac34a5bc6554d25b137ef432d506f08",
        "retrieved_at_utc": "2026-07-17T18:30:45.175912+00:00",
        "metric_membership": "active"
      }
    },
    {
      "type": "Feature",
      "id": "pplc_building_permits_geolocated:BPCOM-2025-10511",
      "geometry": {
        "type": "Point",
        "coordinates": [
          -63.588013275639064,
          44.65186335020319
        ]
      },
      "properties": {
        "city": "Halifax",
        "dtuid": "205090341",
        "feed": "pplc_building_permits_geolocated",
        "source_record_id": "BPCOM-2025-10511",
        "status": "Issued",
        "permit_type": "Mixed Use & Commercial Building Permit",
        "permit_class": "Mixed Use - Residential & Other Use(s)",
        "work_type": "Renovation",
        "description": "This project relates to an existing multi-residential condominium that has commercial at the main street level. Phase 1 of this project includes for the total removal of the failed building wall envelope that has extensive water infiltrations to both the residential units and commercial unit located at street level.",
        "address": "5689 CUNARD ST",
        "applied_date": "2025-07-22T12:00:00+00:00",
        "issued_date": "2025-08-18T12:00:00+00:00",
        "completed_date": null,
        "period_date": "2025-08-18T12:00:00+00:00",
        "longitude": -63.588013275639064,
        "latitude": 44.65186335020319,
        "units_created": null,
        "units_lost": null,
        "net_units": 0.0,
        "is_residential": true,
        "is_active": true,
        "in_period": false,
        "requested_geography": "downtown",
        "in_requested_geography": true,
        "spatial_qa": "point_in_polygon_tested",
        "metric_roles": "active_inventory|period_flow",
        "source_page": "https://data-hrm.hub.arcgis.com/datasets/6ac34a5bc6554d25b137ef432d506f08",
        "retrieved_at_utc": "2026-07-17T18:30:45.175912+00:00",
        "metric_membership": "active"
      }
    },
    {
      "type": "Feature",
      "id": "pplc_building_permits_geolocated:BPCOM-2025-13374",
      "geometry": {
        "type": "Point",
        "coordinates": [
          -63.58198391427322,
          44.650445053674915
        ]
      },
      "properties": {
        "city": "Halifax",
        "dtuid": "205090341",
        "feed": "pplc_building_permits_geolocated",
        "source_record_id": "BPCOM-2025-13374",
        "status": "Applicant Revisions",
        "permit_type": "Mixed Use & Commercial Building Permit",
        "permit_class": "Dwelling - Multiple Units",
        "work_type": "New Building",
        "description": "CONSTRUCT MULTI UNIT BUILDING Originated as: HANSEN 186698 transferred here for completion.",
        "address": "5515 COGSWELL ST",
        "applied_date": "2025-08-28T12:00:00+00:00",
        "issued_date": null,
        "completed_date": null,
        "period_date": null,
        "longitude": -63.58198391427322,
        "latitude": 44.650445053674915,
        "units_created": null,
        "units_lost": null,
        "net_units": 174.0,
        "is_residential": true,
        "is_active": true,
        "in_period": false,
        "requested_geography": "downtown",
        "in_requested_geography": true,
        "spatial_qa": "point_in_polygon_tested",
        "metric_roles": "active_inventory|period_flow",
        "source_page": "https://data-hrm.hub.arcgis.com/datasets/6ac34a5bc6554d25b137ef432d506f08",
        "retrieved_at_utc": "2026-07-17T18:30:45.175912+00:00",
        "metric_membership": "active"
      }
    },
    {
      "type": "Feature",
      "id": "pplc_building_permits_geolocated:BP-2021-03042",
      "geometry": {
        "type": "Point",
        "coordinates": [
          -63.57924726792327,
          44.634764858984894
        ]
      },
      "properties": {
        "city": "Halifax",
        "dtuid": "205090341",
        "feed": "pplc_building_permits_geolocated",
        "source_record_id": "BP-2021-03042",
        "status": "Issued",
        "permit_type": "Residential Building Permit",
        "permit_class": "Commercial",
        "work_type": "Addition",
        "description": "Scope of work is limited to: Construction of an addition to an existing 3-unit residential building to create 7 new residential dwelling units. Note: 10-12-2022 - refer to revised plans to include a sprinkler system to this addition and sprinkler water service installation subject to approval by Halifax Water Commission. Permit WP-2021-03343, is under review as of 10-11-2022.",
        "address": "1053 WELLINGTON ST",
        "applied_date": "2021-02-26T12:00:00+00:00",
        "issued_date": "2021-11-23T12:00:00+00:00",
        "completed_date": null,
        "period_date": "2021-11-23T12:00:00+00:00",
        "longitude": -63.57924726792327,
        "latitude": 44.634764858984894,
        "units_created": null,
        "units_lost": null,
        "net_units": 4.0,
        "is_residential": true,
        "is_active": true,
        "in_period": false,
        "requested_geography": "downtown",
        "in_requested_geography": true,
        "spatial_qa": "point_in_polygon_tested",
        "metric_roles": "active_inventory|period_flow",
        "source_page": "https://data-hrm.hub.arcgis.com/datasets/6ac34a5bc6554d25b137ef432d506f08",
        "retrieved_at_utc": "2026-07-17T18:30:45.175912+00:00",
        "metric_membership": "active"
      }
    },
    {
      "type": "Feature",
      "id": "pplc_building_permits_geolocated:BPCOM-2024-17763",
      "geometry": {
        "type": "Point",
        "coordinates": [
          -63.573425111200265,
          44.6455721005801
        ]
      },
      "properties": {
        "city": "Halifax",
        "dtuid": "205090341",
        "feed": "pplc_building_permits_geolocated",
        "source_record_id": "BPCOM-2024-17763",
        "status": "Issued",
        "permit_type": "Mixed Use & Commercial Building Permit",
        "permit_class": "Mixed Use - Residential & Other Use(s)",
        "work_type": "Renovation",
        "description": "Change of occupancy for the upper 5 levels of the NFB Building from residential/apartment to hotel. The lower 2 floors of the building will remain commercial. There is no contemplated construction work as part of this application.",
        "address": "1572 BARRINGTON ST",
        "applied_date": "2024-12-09T12:00:00+00:00",
        "issued_date": "2025-01-28T12:00:00+00:00",
        "completed_date": null,
        "period_date": "2025-01-28T12:00:00+00:00",
        "longitude": -63.573425111200265,
        "latitude": 44.6455721005801,
        "units_created": null,
        "units_lost": null,
        "net_units": -27.0,
        "is_residential": true,
        "is_active": true,
        "in_period": false,
        "requested_geography": "downtown",
        "in_requested_geography": true,
        "spatial_qa": "point_in_polygon_tested",
        "metric_roles": "active_inventory|period_flow",
        "source_page": "https://data-hrm.hub.arcgis.com/datasets/6ac34a5bc6554d25b137ef432d506f08",
        "retrieved_at_utc": "2026-07-17T18:30:45.175912+00:00",
        "metric_membership": "active"
      }
    },
    {
      "type": "Feature",
      "id": "pplc_building_permits_geolocated:BPCOM-2024-11277",
      "geometry": {
        "type": "Point",
        "coordinates": [
          -63.582292946578065,
          44.65106966146526
        ]
      },
      "properties": {
        "city": "Halifax",
        "dtuid": "205090341",
        "feed": "pplc_building_permits_geolocated",
        "source_record_id": "BPCOM-2024-11277",
        "status": "Issued",
        "permit_type": "Mixed Use & Commercial Building Permit",
        "permit_class": "Mixed Use - Residential & Other Use(s)",
        "work_type": "Renovation",
        "description": "Interior renovations of existing washrooms, renovation of front entrance for accessibility",
        "address": "2044 GOTTINGEN ST",
        "applied_date": "2024-08-26T12:00:00+00:00",
        "issued_date": "2024-10-22T12:00:00+00:00",
        "completed_date": null,
        "period_date": "2024-10-22T12:00:00+00:00",
        "longitude": -63.582292946578065,
        "latitude": 44.65106966146526,
        "units_created": null,
        "units_lost": null,
        "net_units": 0.0,
        "is_residential": true,
        "is_active": true,
        "in_period": false,
        "requested_geography": "downtown",
        "in_requested_geography": true,
        "spatial_qa": "point_in_polygon_tested",
        "metric_roles": "active_inventory|period_flow",
        "source_page": "https://data-hrm.hub.arcgis.com/datasets/6ac34a5bc6554d25b137ef432d506f08",
        "retrieved_at_utc": "2026-07-17T18:30:45.175912+00:00",
        "metric_membership": "active"
      }
    },
    {
      "type": "Feature",
      "id": "pplc_building_permits_geolocated:BPRES-2026-01554",
      "geometry": {
        "type": "Point",
        "coordinates": [
          -63.57759240396996,
          44.64069177460851
        ]
      },
      "properties": {
        "city": "Halifax",
        "dtuid": "205090341",
        "feed": "pplc_building_permits_geolocated",
        "source_record_id": "BPRES-2026-01554",
        "status": "Issued",
        "permit_type": "Residential Building Permit",
        "permit_class": "Dwelling - Single Detached",
        "work_type": "Addition",
        "description": "Addition and Interior Conversion from Two-Unit Dwelling to a Single Unit Dwelling",
        "address": "1325 BRENTON ST",
        "applied_date": "2026-03-11T12:00:00+00:00",
        "issued_date": "2026-03-30T12:00:00+00:00",
        "completed_date": null,
        "period_date": "2026-03-30T12:00:00+00:00",
        "longitude": -63.57759240396996,
        "latitude": 44.64069177460851,
        "units_created": null,
        "units_lost": null,
        "net_units": -1.0,
        "is_residential": true,
        "is_active": true,
        "in_period": true,
        "requested_geography": "downtown",
        "in_requested_geography": true,
        "spatial_qa": "point_in_polygon_tested",
        "metric_roles": "active_inventory|period_flow",
        "source_page": "https://data-hrm.hub.arcgis.com/datasets/6ac34a5bc6554d25b137ef432d506f08",
        "retrieved_at_utc": "2026-07-17T18:30:45.175912+00:00",
        "metric_membership": "both"
      }
    },
    {
      "type": "Feature",
      "id": "pplc_building_permits_geolocated:BPCOM-2026-08261",
      "geometry": {
        "type": "Point",
        "coordinates": [
          -63.58663404296194,
          44.65409027037147
        ]
      },
      "properties": {
        "city": "Halifax",
        "dtuid": "205090341",
        "feed": "pplc_building_permits_geolocated",
        "source_record_id": "BPCOM-2026-08261",
        "status": "Issued",
        "permit_type": "Mixed Use & Commercial Building Permit",
        "permit_class": "Mixed Use - Residential & Other Use(s)",
        "work_type": "Renovation",
        "description": "this 135 SM retail space was previously a donut shop. the tenant left and we modified it for a barber shop and coffee shop. the bathrooms were not touched. We moved a washer dryer and a sink. 2306 Gottingen Street",
        "address": "2306 GOTTINGEN ST",
        "applied_date": "2026-06-18T12:00:00+00:00",
        "issued_date": "2026-06-26T12:00:00+00:00",
        "completed_date": null,
        "period_date": "2026-06-26T12:00:00+00:00",
        "longitude": -63.58663404296194,
        "latitude": 44.65409027037147,
        "units_created": null,
        "units_lost": null,
        "net_units": 0.0,
        "is_residential": true,
        "is_active": true,
        "in_period": true,
        "requested_geography": "downtown",
        "in_requested_geography": true,
        "spatial_qa": "point_in_polygon_tested",
        "metric_roles": "active_inventory|period_flow",
        "source_page": "https://data-hrm.hub.arcgis.com/datasets/6ac34a5bc6554d25b137ef432d506f08",
        "retrieved_at_utc": "2026-07-17T18:30:45.175912+00:00",
        "metric_membership": "both"
      }
    },
    {
      "type": "Feature",
      "id": "pplc_building_permits_geolocated:BPCOM-2026-00456",
      "geometry": {
        "type": "Point",
        "coordinates": [
          -63.56984458600852,
          44.64386987195683
        ]
      },
      "properties": {
        "city": "Halifax",
        "dtuid": "205090341",
        "feed": "pplc_building_permits_geolocated",
        "source_record_id": "BPCOM-2026-00456",
        "status": "Issued",
        "permit_type": "Mixed Use & Commercial Building Permit",
        "permit_class": "Mixed Use - Residential & Other Use(s)",
        "work_type": "Renovation",
        "description": "Convert Single Commercial Unit to Two Commercial Units",
        "address": "1470 LOWER WATER ST",
        "applied_date": "2026-01-14T12:00:00+00:00",
        "issued_date": "2026-02-24T12:00:00+00:00",
        "completed_date": null,
        "period_date": "2026-02-24T12:00:00+00:00",
        "longitude": -63.56984458600852,
        "latitude": 44.64386987195683,
        "units_created": null,
        "units_lost": null,
        "net_units": 0.0,
        "is_residential": true,
        "is_active": true,
        "in_period": true,
        "requested_geography": "downtown",
        "in_requested_geography": true,
        "spatial_qa": "point_in_polygon_tested",
        "metric_roles": "active_inventory|period_flow",
        "source_page": "https://data-hrm.hub.arcgis.com/datasets/6ac34a5bc6554d25b137ef432d506f08",
        "retrieved_at_utc": "2026-07-17T18:30:45.175912+00:00",
        "metric_membership": "both"
      }
    },
    {
      "type": "Feature",
      "id": "pplc_building_permits_geolocated:BPCOM-2024-06233",
      "geometry": {
        "type": "Point",
        "coordinates": [
          -63.585674355809445,
          44.64052863483248
        ]
      },
      "properties": {
        "city": "Halifax",
        "dtuid": "205090341",
        "feed": "pplc_building_permits_geolocated",
        "source_record_id": "BPCOM-2024-06233",
        "status": "Applicant Revisions",
        "permit_type": "Mixed Use & Commercial Building Permit",
        "permit_class": "Mixed Use - Residential & Other Use(s)",
        "work_type": "New Building",
        "description": "438 Multi-Unit Residential Building with Commercial Space & Underground Parking *** FEES DEFERRED",
        "address": "5960 SPRING GARDEN RD",
        "applied_date": "2025-03-04T12:00:00+00:00",
        "issued_date": null,
        "completed_date": null,
        "period_date": null,
        "longitude": -63.585674355809445,
        "latitude": 44.64052863483248,
        "units_created": null,
        "units_lost": null,
        "net_units": 438.0,
        "is_residential": true,
        "is_active": true,
        "in_period": false,
        "requested_geography": "downtown",
        "in_requested_geography": true,
        "spatial_qa": "point_in_polygon_tested",
        "metric_roles": "active_inventory|period_flow",
        "source_page": "https://data-hrm.hub.arcgis.com/datasets/6ac34a5bc6554d25b137ef432d506f08",
        "retrieved_at_utc": "2026-07-17T18:30:45.175912+00:00",
        "metric_membership": "active"
      }
    },
    {
      "type": "Feature",
      "id": "pplc_building_permits_geolocated:BPCOM-2026-05065",
      "geometry": {
        "type": "Point",
        "coordinates": [
          -63.57317260332729,
          44.6465003408563
        ]
      },
      "properties": {
        "city": "Halifax",
        "dtuid": "205090341",
        "feed": "pplc_building_permits_geolocated",
        "source_record_id": "BPCOM-2026-05065",
        "status": "Issued",
        "permit_type": "Mixed Use & Commercial Building Permit",
        "permit_class": "Mixed Use - Residential & Other Use(s)",
        "work_type": "Renovation",
        "description": "Scope of work is limited to: Interior Condo Renovation - Penthouse suite 2302",
        "address": "1650 GRANVILLE ST",
        "applied_date": "2026-04-28T12:00:00+00:00",
        "issued_date": "2026-05-15T12:00:00+00:00",
        "completed_date": null,
        "period_date": "2026-05-15T12:00:00+00:00",
        "longitude": -63.57317260332729,
        "latitude": 44.6465003408563,
        "units_created": null,
        "units_lost": null,
        "net_units": 0.0,
        "is_residential": true,
        "is_active": true,
        "in_period": true,
        "requested_geography": "downtown",
        "in_requested_geography": true,
        "spatial_qa": "point_in_polygon_tested",
        "metric_roles": "active_inventory|period_flow",
        "source_page": "https://data-hrm.hub.arcgis.com/datasets/6ac34a5bc6554d25b137ef432d506f08",
        "retrieved_at_utc": "2026-07-17T18:30:45.175912+00:00",
        "metric_membership": "both"
      }
    },
    {
      "type": "Feature",
      "id": "pplc_building_permits_geolocated:BPCOM-2025-01040",
      "geometry": {
        "type": "Point",
        "coordinates": [
          -63.57676502818709,
          44.65080283699788
        ]
      },
      "properties": {
        "city": "Halifax",
        "dtuid": "205090341",
        "feed": "pplc_building_permits_geolocated",
        "source_record_id": "BPCOM-2025-01040",
        "status": "Issued",
        "permit_type": "Mixed Use & Commercial Building Permit",
        "permit_class": "Mixed Use - Residential & Other Use(s)",
        "work_type": "Renovation",
        "description": "Interior Aesthetic Renovation to Replace Finishes, Fixtures, Material Assemblies, HVAC Ducts and Lighting.",
        "address": "1990 BARRINGTON ST",
        "applied_date": "2025-02-21T12:00:00+00:00",
        "issued_date": "2025-03-04T12:00:00+00:00",
        "completed_date": null,
        "period_date": "2025-03-04T12:00:00+00:00",
        "longitude": -63.57676502818709,
        "latitude": 44.65080283699788,
        "units_created": null,
        "units_lost": null,
        "net_units": 0.0,
        "is_residential": true,
        "is_active": true,
        "in_period": false,
        "requested_geography": "downtown",
        "in_requested_geography": true,
        "spatial_qa": "point_in_polygon_tested",
        "metric_roles": "active_inventory|period_flow",
        "source_page": "https://data-hrm.hub.arcgis.com/datasets/6ac34a5bc6554d25b137ef432d506f08",
        "retrieved_at_utc": "2026-07-17T18:30:45.175912+00:00",
        "metric_membership": "active"
      }
    },
    {
      "type": "Feature",
      "id": "pplc_building_permits_geolocated:BPCOM-2023-15523",
      "geometry": {
        "type": "Point",
        "coordinates": [
          -63.58587196600488,
          44.641605877639954
        ]
      },
      "properties": {
        "city": "Halifax",
        "dtuid": "205090341",
        "feed": "pplc_building_permits_geolocated",
        "source_record_id": "BPCOM-2023-15523",
        "status": "Issued",
        "permit_type": "Mixed Use & Commercial Building Permit",
        "permit_class": "Mixed Use - Residential & Other Use(s)",
        "work_type": "New Building",
        "description": "Construct Multi-Unit Residential Building",
        "address": "1540 CARLTON ST",
        "applied_date": "2023-12-27T12:00:00+00:00",
        "issued_date": "2024-04-09T12:00:00+00:00",
        "completed_date": null,
        "period_date": "2024-04-09T12:00:00+00:00",
        "longitude": -63.58587196600488,
        "latitude": 44.641605877639954,
        "units_created": null,
        "units_lost": null,
        "net_units": 55.0,
        "is_residential": true,
        "is_active": true,
        "in_period": false,
        "requested_geography": "downtown",
        "in_requested_geography": true,
        "spatial_qa": "point_in_polygon_tested",
        "metric_roles": "active_inventory|period_flow",
        "source_page": "https://data-hrm.hub.arcgis.com/datasets/6ac34a5bc6554d25b137ef432d506f08",
        "retrieved_at_utc": "2026-07-17T18:30:45.175912+00:00",
        "metric_membership": "active"
      }
    },
    {
      "type": "Feature",
      "id": "pplc_building_permits_geolocated:BPCOM-2023-14828",
      "geometry": {
        "type": "Point",
        "coordinates": [
          -63.58445845802331,
          44.64023710145979
        ]
      },
      "properties": {
        "city": "Halifax",
        "dtuid": "205090341",
        "feed": "pplc_building_permits_geolocated",
        "source_record_id": "BPCOM-2023-14828",
        "status": "Issued",
        "permit_type": "Mixed Use & Commercial Building Permit",
        "permit_class": "Mixed Use - Residential & Other Use(s)",
        "work_type": "Renovation",
        "description": "Renovation to Create Four Additional Units - Six Total",
        "address": "1465 CARLTON ST",
        "applied_date": "2023-11-10T12:00:00+00:00",
        "issued_date": "2026-02-06T12:00:00+00:00",
        "completed_date": null,
        "period_date": "2026-02-06T12:00:00+00:00",
        "longitude": -63.58445845802331,
        "latitude": 44.64023710145979,
        "units_created": null,
        "units_lost": null,
        "net_units": 4.0,
        "is_residential": true,
        "is_active": true,
        "in_period": true,
        "requested_geography": "downtown",
        "in_requested_geography": true,
        "spatial_qa": "point_in_polygon_tested",
        "metric_roles": "active_inventory|period_flow",
        "source_page": "https://data-hrm.hub.arcgis.com/datasets/6ac34a5bc6554d25b137ef432d506f08",
        "retrieved_at_utc": "2026-07-17T18:30:45.175912+00:00",
        "metric_membership": "both"
      }
    },
    {
      "type": "Feature",
      "id": "pplc_building_permits_geolocated:BPCOM-2025-17454",
      "geometry": {
        "type": "Point",
        "coordinates": [
          -63.579310477841794,
          44.641839725063456
        ]
      },
      "properties": {
        "city": "Halifax",
        "dtuid": "205090341",
        "feed": "pplc_building_permits_geolocated",
        "source_record_id": "BPCOM-2025-17454",
        "status": "Issued",
        "permit_type": "Mixed Use & Commercial Building Permit",
        "permit_class": "Mixed Use - Residential & Other Use(s)",
        "work_type": "Renovation",
        "description": "Scope of work is limited to: Renovation of an existing building to construct a leasehold/tenant fit-up permit. Tenant business name is known as 'Kinetics Strength Performance'(Kinesiology Sport Clinic), located on the 1st storey. Note: primary entry off of South Park (barrier free), and 2nd entry off of Brenton St.",
        "address": "1475 SOUTH PARK ST",
        "applied_date": "2025-11-14T12:00:00+00:00",
        "issued_date": "2025-11-20T12:00:00+00:00",
        "completed_date": null,
        "period_date": "2025-11-20T12:00:00+00:00",
        "longitude": -63.579310477841794,
        "latitude": 44.641839725063456,
        "units_created": null,
        "units_lost": null,
        "net_units": 0.0,
        "is_residential": true,
        "is_active": true,
        "in_period": false,
        "requested_geography": "downtown",
        "in_requested_geography": true,
        "spatial_qa": "point_in_polygon_tested",
        "metric_roles": "active_inventory|period_flow",
        "source_page": "https://data-hrm.hub.arcgis.com/datasets/6ac34a5bc6554d25b137ef432d506f08",
        "retrieved_at_utc": "2026-07-17T18:30:45.175912+00:00",
        "metric_membership": "active"
      }
    },
    {
      "type": "Feature",
      "id": "pplc_building_permits_geolocated:BPRES-2026-08008",
      "geometry": {
        "type": "Point",
        "coordinates": [
          -63.59090855987616,
          44.65699745095211
        ]
      },
      "properties": {
        "city": "Halifax",
        "dtuid": "205090341",
        "feed": "pplc_building_permits_geolocated",
        "source_record_id": "BPRES-2026-08008",
        "status": "Issued",
        "permit_type": "Residential Building Permit",
        "permit_class": "Dwelling - Single Detached",
        "work_type": "Renovation",
        "description": "Restoration of a transom and sidelights at the principal front entrance",
        "address": "2552 GOTTINGEN ST",
        "applied_date": "2026-06-15T12:00:00+00:00",
        "issued_date": "2026-06-23T12:00:00+00:00",
        "completed_date": null,
        "period_date": "2026-06-23T12:00:00+00:00",
        "longitude": -63.59090855987616,
        "latitude": 44.65699745095211,
        "units_created": null,
        "units_lost": null,
        "net_units": 0.0,
        "is_residential": true,
        "is_active": true,
        "in_period": true,
        "requested_geography": "downtown",
        "in_requested_geography": true,
        "spatial_qa": "point_in_polygon_tested",
        "metric_roles": "active_inventory|period_flow",
        "source_page": "https://data-hrm.hub.arcgis.com/datasets/6ac34a5bc6554d25b137ef432d506f08",
        "retrieved_at_utc": "2026-07-17T18:30:45.175912+00:00",
        "metric_membership": "both"
      }
    },
    {
      "type": "Feature",
      "id": "pplc_building_permits_geolocated:BPCOM-2025-01806",
      "geometry": {
        "type": "Point",
        "coordinates": [
          -63.56896577062749,
          44.64338577934373
        ]
      },
      "properties": {
        "city": "Halifax",
        "dtuid": "205090341",
        "feed": "pplc_building_permits_geolocated",
        "source_record_id": "BPCOM-2025-01806",
        "status": "Issued",
        "permit_type": "Mixed Use & Commercial Building Permit",
        "permit_class": "Mixed Use - Residential & Other Use(s)",
        "work_type": "Renovation",
        "description": "Renovating existing commercial space into 4 additional units",
        "address": "1475 LOWER WATER ST",
        "applied_date": "2025-03-04T12:00:00+00:00",
        "issued_date": "2025-05-02T12:00:00+00:00",
        "completed_date": null,
        "period_date": "2025-05-02T12:00:00+00:00",
        "longitude": -63.56896577062749,
        "latitude": 44.64338577934373,
        "units_created": null,
        "units_lost": null,
        "net_units": 4.0,
        "is_residential": true,
        "is_active": true,
        "in_period": false,
        "requested_geography": "downtown",
        "in_requested_geography": true,
        "spatial_qa": "point_in_polygon_tested",
        "metric_roles": "active_inventory|period_flow",
        "source_page": "https://data-hrm.hub.arcgis.com/datasets/6ac34a5bc6554d25b137ef432d506f08",
        "retrieved_at_utc": "2026-07-17T18:30:45.175912+00:00",
        "metric_membership": "active"
      }
    },
    {
      "type": "Feature",
      "id": "pplc_building_permits_geolocated:BPCOM-2025-01942",
      "geometry": {
        "type": "Point",
        "coordinates": [
          -63.57679191563519,
          44.63526389119834
        ]
      },
      "properties": {
        "city": "Halifax",
        "dtuid": "205090341",
        "feed": "pplc_building_permits_geolocated",
        "source_record_id": "BPCOM-2025-01942",
        "status": "Issued",
        "permit_type": "Mixed Use & Commercial Building Permit",
        "permit_class": "Mixed Use - Residential & Other Use(s)",
        "work_type": "Renovation",
        "description": "Interior alterations to existing storage rooms at ground floor to build a new gym for residents. Interior alterations to the existing gym and media room at ground floor to built a larger media room for residents.",
        "address": "1030 SOUTH PARK ST",
        "applied_date": "2025-02-20T12:00:00+00:00",
        "issued_date": "2025-02-25T12:00:00+00:00",
        "completed_date": null,
        "period_date": "2025-02-25T12:00:00+00:00",
        "longitude": -63.57679191563519,
        "latitude": 44.63526389119834,
        "units_created": null,
        "units_lost": null,
        "net_units": 0.0,
        "is_residential": true,
        "is_active": true,
        "in_period": false,
        "requested_geography": "downtown",
        "in_requested_geography": true,
        "spatial_qa": "point_in_polygon_tested",
        "metric_roles": "active_inventory|period_flow",
        "source_page": "https://data-hrm.hub.arcgis.com/datasets/6ac34a5bc6554d25b137ef432d506f08",
        "retrieved_at_utc": "2026-07-17T18:30:45.175912+00:00",
        "metric_membership": "active"
      }
    },
    {
      "type": "Feature",
      "id": "pplc_building_permits_geolocated:BPCOM-2025-16314",
      "geometry": {
        "type": "Point",
        "coordinates": [
          -63.58356124383693,
          44.64058700556564
        ]
      },
      "properties": {
        "city": "Halifax",
        "dtuid": "205090341",
        "feed": "pplc_building_permits_geolocated",
        "source_record_id": "BPCOM-2025-16314",
        "status": "Issued",
        "permit_type": "Mixed Use & Commercial Building Permit",
        "permit_class": "Dwelling - Multiple Units",
        "work_type": "Renovation",
        "description": "Scope of Work; renovation of existing Condominium Unit (Group C) for finish improvements. No Change in Maximum Occupant Load.",
        "address": "1470 SUMMER ST",
        "applied_date": "2025-10-24T12:00:00+00:00",
        "issued_date": "2025-11-05T12:00:00+00:00",
        "completed_date": null,
        "period_date": "2025-11-05T12:00:00+00:00",
        "longitude": -63.58356124383693,
        "latitude": 44.64058700556564,
        "units_created": null,
        "units_lost": null,
        "net_units": 0.0,
        "is_residential": true,
        "is_active": true,
        "in_period": false,
        "requested_geography": "downtown",
        "in_requested_geography": true,
        "spatial_qa": "point_in_polygon_tested",
        "metric_roles": "active_inventory|period_flow",
        "source_page": "https://data-hrm.hub.arcgis.com/datasets/6ac34a5bc6554d25b137ef432d506f08",
        "retrieved_at_utc": "2026-07-17T18:30:45.175912+00:00",
        "metric_membership": "active"
      }
    },
    {
      "type": "Feature",
      "id": "pplc_building_permits_geolocated:BPRES-2024-18768",
      "geometry": {
        "type": "Point",
        "coordinates": [
          -63.58795446491734,
          44.65382812337198
        ]
      },
      "properties": {
        "city": "Halifax",
        "dtuid": "205090341",
        "feed": "pplc_building_permits_geolocated",
        "source_record_id": "BPRES-2024-18768",
        "status": "Amendment Review",
        "permit_type": "Residential Building Permit",
        "permit_class": "Dwelling - Multiple Units",
        "work_type": "New Building",
        "description": "Constuct 4 unit residential building",
        "address": "2378 CREIGHTON ST",
        "applied_date": "2025-01-08T12:00:00+00:00",
        "issued_date": "2025-02-10T12:00:00+00:00",
        "completed_date": null,
        "period_date": "2025-02-10T12:00:00+00:00",
        "longitude": -63.58795446491734,
        "latitude": 44.65382812337198,
        "units_created": null,
        "units_lost": null,
        "net_units": 4.0,
        "is_residential": true,
        "is_active": true,
        "in_period": false,
        "requested_geography": "downtown",
        "in_requested_geography": true,
        "spatial_qa": "point_in_polygon_tested",
        "metric_roles": "active_inventory|period_flow",
        "source_page": "https://data-hrm.hub.arcgis.com/datasets/6ac34a5bc6554d25b137ef432d506f08",
        "retrieved_at_utc": "2026-07-17T18:30:45.175912+00:00",
        "metric_membership": "active"
      }
    },
    {
      "type": "Feature",
      "id": "pplc_building_permits_geolocated:BPCOM-2024-11937",
      "geometry": {
        "type": "Point",
        "coordinates": [
          -63.57098119438935,
          44.63850715579752
        ]
      },
      "properties": {
        "city": "Halifax",
        "dtuid": "205090341",
        "feed": "pplc_building_permits_geolocated",
        "source_record_id": "BPCOM-2024-11937",
        "status": "Issued",
        "permit_type": "Mixed Use & Commercial Building Permit",
        "permit_class": "Dwelling - Multiple Units",
        "work_type": "Renovation",
        "description": "Scope of work is limited to: Replacement of the existing windows with new windows. No structural alterations are permitted to this building.",
        "address": "5231 KENT ST",
        "applied_date": "2024-09-13T12:00:00+00:00",
        "issued_date": "2024-10-02T12:00:00+00:00",
        "completed_date": null,
        "period_date": "2024-10-02T12:00:00+00:00",
        "longitude": -63.57098119438935,
        "latitude": 44.63850715579752,
        "units_created": null,
        "units_lost": null,
        "net_units": 0.0,
        "is_residential": true,
        "is_active": true,
        "in_period": false,
        "requested_geography": "downtown",
        "in_requested_geography": true,
        "spatial_qa": "point_in_polygon_tested",
        "metric_roles": "active_inventory|period_flow",
        "source_page": "https://data-hrm.hub.arcgis.com/datasets/6ac34a5bc6554d25b137ef432d506f08",
        "retrieved_at_utc": "2026-07-17T18:30:45.175912+00:00",
        "metric_membership": "active"
      }
    },
    {
      "type": "Feature",
      "id": "pplc_building_permits_geolocated:BPCOM-2025-15825",
      "geometry": {
        "type": "Point",
        "coordinates": [
          -63.578961610397236,
          44.64129518739388
        ]
      },
      "properties": {
        "city": "Halifax",
        "dtuid": "205090341",
        "feed": "pplc_building_permits_geolocated",
        "source_record_id": "BPCOM-2025-15825",
        "status": "Issued",
        "permit_type": "Mixed Use & Commercial Building Permit",
        "permit_class": "Mixed Use - Residential & Other Use(s)",
        "work_type": "Renovation",
        "description": "Condo 501 Renovation in Trillium Building on South Park St. Halifax. Renovations of Kitchen, Bathrooms, Flooring and closets. No Structural changes to interior or exterior walls.",
        "address": "1445 SOUTH PARK ST",
        "applied_date": "2025-10-13T12:00:00+00:00",
        "issued_date": "2025-10-20T12:00:00+00:00",
        "completed_date": null,
        "period_date": "2025-10-20T12:00:00+00:00",
        "longitude": -63.578961610397236,
        "latitude": 44.64129518739388,
        "units_created": null,
        "units_lost": null,
        "net_units": 0.0,
        "is_residential": true,
        "is_active": true,
        "in_period": false,
        "requested_geography": "downtown",
        "in_requested_geography": true,
        "spatial_qa": "point_in_polygon_tested",
        "metric_roles": "active_inventory|period_flow",
        "source_page": "https://data-hrm.hub.arcgis.com/datasets/6ac34a5bc6554d25b137ef432d506f08",
        "retrieved_at_utc": "2026-07-17T18:30:45.175912+00:00",
        "metric_membership": "active"
      }
    },
    {
      "type": "Feature",
      "id": "pplc_building_permits_geolocated:BPCOM-2026-01827",
      "geometry": {
        "type": "Point",
        "coordinates": [
          -63.578961610397236,
          44.64129518739388
        ]
      },
      "properties": {
        "city": "Halifax",
        "dtuid": "205090341",
        "feed": "pplc_building_permits_geolocated",
        "source_record_id": "BPCOM-2026-01827",
        "status": "Completed",
        "permit_type": "Mixed Use & Commercial Building Permit",
        "permit_class": "Dwelling - Multiple Units",
        "work_type": "Renovation",
        "description": "Scope of work is limited to: Repairing garage entrance to underground parking garage at 1445 South Park St, Halifax",
        "address": "1445 SOUTH PARK ST",
        "applied_date": "2026-02-24T12:00:00+00:00",
        "issued_date": "2026-03-02T12:00:00+00:00",
        "completed_date": "2026-06-23T12:00:00+00:00",
        "period_date": "2026-03-02T12:00:00+00:00",
        "longitude": -63.578961610397236,
        "latitude": 44.64129518739388,
        "units_created": null,
        "units_lost": null,
        "net_units": 0.0,
        "is_residential": true,
        "is_active": false,
        "in_period": true,
        "requested_geography": "downtown",
        "in_requested_geography": true,
        "spatial_qa": "point_in_polygon_tested",
        "metric_roles": "active_inventory|period_flow",
        "source_page": "https://data-hrm.hub.arcgis.com/datasets/6ac34a5bc6554d25b137ef432d506f08",
        "retrieved_at_utc": "2026-07-17T18:30:45.175912+00:00",
        "metric_membership": "period"
      }
    },
    {
      "type": "Feature",
      "id": "pplc_building_permits_geolocated:BPCOM-2025-14240",
      "geometry": {
        "type": "Point",
        "coordinates": [
          -63.573815367126194,
          44.64608195432339
        ]
      },
      "properties": {
        "city": "Halifax",
        "dtuid": "205090341",
        "feed": "pplc_building_permits_geolocated",
        "source_record_id": "BPCOM-2025-14240",
        "status": "Issued",
        "permit_type": "Mixed Use & Commercial Building Permit",
        "permit_class": "Mixed Use - Residential & Other Use(s)",
        "work_type": "Addition",
        "description": "Addition & Renovation of Existing Commercial Tramway Building - Converting to Multi-Unit Residential Hansen 183072",
        "address": "5212 SACKVILLE ST",
        "applied_date": "2025-10-23T12:00:00+00:00",
        "issued_date": "2026-02-27T12:00:00+00:00",
        "completed_date": null,
        "period_date": "2026-02-27T12:00:00+00:00",
        "longitude": -63.573815367126194,
        "latitude": 44.64608195432339,
        "units_created": null,
        "units_lost": null,
        "net_units": 35.0,
        "is_residential": true,
        "is_active": true,
        "in_period": true,
        "requested_geography": "downtown",
        "in_requested_geography": true,
        "spatial_qa": "point_in_polygon_tested",
        "metric_roles": "active_inventory|period_flow",
        "source_page": "https://data-hrm.hub.arcgis.com/datasets/6ac34a5bc6554d25b137ef432d506f08",
        "retrieved_at_utc": "2026-07-17T18:30:45.175912+00:00",
        "metric_membership": "both"
      }
    },
    {
      "type": "Feature",
      "id": "pplc_building_permits_geolocated:BPRES-2025-10864",
      "geometry": {
        "type": "Point",
        "coordinates": [
          -63.584090629670904,
          44.65120243567368
        ]
      },
      "properties": {
        "city": "Halifax",
        "dtuid": "205090341",
        "feed": "pplc_building_permits_geolocated",
        "source_record_id": "BPRES-2025-10864",
        "status": "Issued",
        "permit_type": "Residential Building Permit",
        "permit_class": "Dwelling - Multiple Units",
        "work_type": "Renovation",
        "description": "Decommissioning sprinkler system.",
        "address": "2098 CREIGHTON ST",
        "applied_date": "2025-07-18T12:00:00+00:00",
        "issued_date": "2025-08-20T12:00:00+00:00",
        "completed_date": null,
        "period_date": "2025-08-20T12:00:00+00:00",
        "longitude": -63.584090629670904,
        "latitude": 44.65120243567368,
        "units_created": null,
        "units_lost": null,
        "net_units": 0.0,
        "is_residential": true,
        "is_active": true,
        "in_period": false,
        "requested_geography": "downtown",
        "in_requested_geography": true,
        "spatial_qa": "point_in_polygon_tested",
        "metric_roles": "active_inventory|period_flow",
        "source_page": "https://data-hrm.hub.arcgis.com/datasets/6ac34a5bc6554d25b137ef432d506f08",
        "retrieved_at_utc": "2026-07-17T18:30:45.175912+00:00",
        "metric_membership": "active"
      }
    },
    {
      "type": "Feature",
      "id": "pplc_building_permits_geolocated:BPRES-2021-20015",
      "geometry": {
        "type": "Point",
        "coordinates": [
          -63.58563956728019,
          44.6502930703544
        ]
      },
      "properties": {
        "city": "Halifax",
        "dtuid": "205090341",
        "feed": "pplc_building_permits_geolocated",
        "source_record_id": "BPRES-2021-20015",
        "status": "Applicant Revisions",
        "permit_type": "Residential Building Permit",
        "permit_class": "Dwelling - Semi-Detached",
        "work_type": "Renovation",
        "description": "Replacing roofing materials due to leaks in the house",
        "address": "2045 NORTH PARK ST",
        "applied_date": "2021-12-19T12:00:00+00:00",
        "issued_date": null,
        "completed_date": null,
        "period_date": null,
        "longitude": -63.58563956728019,
        "latitude": 44.6502930703544,
        "units_created": null,
        "units_lost": null,
        "net_units": 0.0,
        "is_residential": true,
        "is_active": true,
        "in_period": false,
        "requested_geography": "downtown",
        "in_requested_geography": true,
        "spatial_qa": "point_in_polygon_tested",
        "metric_roles": "active_inventory|period_flow",
        "source_page": "https://data-hrm.hub.arcgis.com/datasets/6ac34a5bc6554d25b137ef432d506f08",
        "retrieved_at_utc": "2026-07-17T18:30:45.175912+00:00",
        "metric_membership": "active"
      }
    },
    {
      "type": "Feature",
      "id": "pplc_building_permits_geolocated:BPRES-2022-13151",
      "geometry": {
        "type": "Point",
        "coordinates": [
          -63.585238230339826,
          44.64063824791552
        ]
      },
      "properties": {
        "city": "Halifax",
        "dtuid": "205090341",
        "feed": "pplc_building_permits_geolocated",
        "source_record_id": "BPRES-2022-13151",
        "status": "Application Incomplete",
        "permit_type": "Residential Building Permit",
        "permit_class": "Dwelling - Multiple Units",
        "work_type": "Renovation",
        "description": "Hi. 1494 Carlton/5950 Spring Garden had existing residential units being used for commercial use. This year after vacating of the tenant, we rented it under a residential lease. See file notes under CM-2022-017833 & CF-2022-018692.",
        "address": "1494 CARLTON ST",
        "applied_date": "2022-09-30T12:00:00+00:00",
        "issued_date": null,
        "completed_date": null,
        "period_date": null,
        "longitude": -63.585238230339826,
        "latitude": 44.64063824791552,
        "units_created": null,
        "units_lost": null,
        "net_units": 5.0,
        "is_residential": true,
        "is_active": true,
        "in_period": false,
        "requested_geography": "downtown",
        "in_requested_geography": true,
        "spatial_qa": "point_in_polygon_tested",
        "metric_roles": "active_inventory|period_flow",
        "source_page": "https://data-hrm.hub.arcgis.com/datasets/6ac34a5bc6554d25b137ef432d506f08",
        "retrieved_at_utc": "2026-07-17T18:30:45.175912+00:00",
        "metric_membership": "active"
      }
    },
    {
      "type": "Feature",
      "id": "pplc_building_permits_geolocated:BPRES-2024-17562",
      "geometry": {
        "type": "Point",
        "coordinates": [
          -63.585238230339826,
          44.64063824791552
        ]
      },
      "properties": {
        "city": "Halifax",
        "dtuid": "205090341",
        "feed": "pplc_building_permits_geolocated",
        "source_record_id": "BPRES-2024-17562",
        "status": "Issued",
        "permit_type": "Residential Building Permit",
        "permit_class": "Dwelling - Multiple Units",
        "work_type": "Renovation",
        "description": "Renovating building from 6 unit to 3 unit",
        "address": "1494 CARLTON ST",
        "applied_date": "2024-11-22T12:00:00+00:00",
        "issued_date": "2025-01-13T12:00:00+00:00",
        "completed_date": null,
        "period_date": "2025-01-13T12:00:00+00:00",
        "longitude": -63.585238230339826,
        "latitude": 44.64063824791552,
        "units_created": null,
        "units_lost": null,
        "net_units": -3.0,
        "is_residential": true,
        "is_active": true,
        "in_period": false,
        "requested_geography": "downtown",
        "in_requested_geography": true,
        "spatial_qa": "point_in_polygon_tested",
        "metric_roles": "active_inventory|period_flow",
        "source_page": "https://data-hrm.hub.arcgis.com/datasets/6ac34a5bc6554d25b137ef432d506f08",
        "retrieved_at_utc": "2026-07-17T18:30:45.175912+00:00",
        "metric_membership": "active"
      }
    },
    {
      "type": "Feature",
      "id": "pplc_building_permits_geolocated:BPCOM-2022-13421",
      "geometry": {
        "type": "Point",
        "coordinates": [
          -63.572702349435126,
          44.64488495044452
        ]
      },
      "properties": {
        "city": "Halifax",
        "dtuid": "205090341",
        "feed": "pplc_building_permits_geolocated",
        "source_record_id": "BPCOM-2022-13421",
        "status": "Amendment Application Incomplete",
        "permit_type": "Mixed Use & Commercial Building Permit",
        "permit_class": "Mixed Use - Residential & Other Use(s)",
        "work_type": "Renovation",
        "description": "The project is the conversion of the upper 3 commercial levels of Freemason Hall to 43 new residential units.",
        "address": "1533 BARRINGTON ST",
        "applied_date": "2022-10-19T12:00:00+00:00",
        "issued_date": "2023-05-30T12:00:00+00:00",
        "completed_date": null,
        "period_date": "2023-05-30T12:00:00+00:00",
        "longitude": -63.572702349435126,
        "latitude": 44.64488495044452,
        "units_created": null,
        "units_lost": null,
        "net_units": 30.0,
        "is_residential": true,
        "is_active": true,
        "in_period": false,
        "requested_geography": "downtown",
        "in_requested_geography": true,
        "spatial_qa": "point_in_polygon_tested",
        "metric_roles": "active_inventory|period_flow",
        "source_page": "https://data-hrm.hub.arcgis.com/datasets/6ac34a5bc6554d25b137ef432d506f08",
        "retrieved_at_utc": "2026-07-17T18:30:45.175912+00:00",
        "metric_membership": "active"
      }
    },
    {
      "type": "Feature",
      "id": "pplc_building_permits_geolocated:BPRES-2025-09422",
      "geometry": {
        "type": "Point",
        "coordinates": [
          -63.59140558535034,
          44.656498314669264
        ]
      },
      "properties": {
        "city": "Halifax",
        "dtuid": "205090341",
        "feed": "pplc_building_permits_geolocated",
        "source_record_id": "BPRES-2025-09422",
        "status": "Issued",
        "permit_type": "Residential Building Permit",
        "permit_class": "Dwelling - Semi-Detached",
        "work_type": "Renovation",
        "description": "Deconversion from Two-Unit Dwelling to Single Family Home",
        "address": "2579 CREIGHTON ST",
        "applied_date": "2025-06-23T12:00:00+00:00",
        "issued_date": "2025-07-22T12:00:00+00:00",
        "completed_date": null,
        "period_date": "2025-07-22T12:00:00+00:00",
        "longitude": -63.59140558535034,
        "latitude": 44.656498314669264,
        "units_created": null,
        "units_lost": null,
        "net_units": -1.0,
        "is_residential": true,
        "is_active": true,
        "in_period": false,
        "requested_geography": "downtown",
        "in_requested_geography": true,
        "spatial_qa": "point_in_polygon_tested",
        "metric_roles": "active_inventory|period_flow",
        "source_page": "https://data-hrm.hub.arcgis.com/datasets/6ac34a5bc6554d25b137ef432d506f08",
        "retrieved_at_utc": "2026-07-17T18:30:45.175912+00:00",
        "metric_membership": "active"
      }
    },
    {
      "type": "Feature",
      "id": "pplc_building_permits_geolocated:BPRES-2025-07182",
      "geometry": {
        "type": "Point",
        "coordinates": [
          -63.57545943676224,
          44.63734109724271
        ]
      },
      "properties": {
        "city": "Halifax",
        "dtuid": "205090341",
        "feed": "pplc_building_permits_geolocated",
        "source_record_id": "BPRES-2025-07182",
        "status": "Issued",
        "permit_type": "Residential Building Permit",
        "permit_class": "Dwelling - Multiple Units",
        "work_type": "Renovation",
        "description": "Deck rot repair Siding rot repair Exterior trim rot repair Eavestrough repair",
        "address": "5636 FENWICK ST",
        "applied_date": "2025-05-15T12:00:00+00:00",
        "issued_date": "2025-06-20T12:00:00+00:00",
        "completed_date": null,
        "period_date": "2025-06-20T12:00:00+00:00",
        "longitude": -63.57545943676224,
        "latitude": 44.63734109724271,
        "units_created": null,
        "units_lost": null,
        "net_units": 0.0,
        "is_residential": true,
        "is_active": true,
        "in_period": false,
        "requested_geography": "downtown",
        "in_requested_geography": true,
        "spatial_qa": "point_in_polygon_tested",
        "metric_roles": "active_inventory|period_flow",
        "source_page": "https://data-hrm.hub.arcgis.com/datasets/6ac34a5bc6554d25b137ef432d506f08",
        "retrieved_at_utc": "2026-07-17T18:30:45.175912+00:00",
        "metric_membership": "active"
      }
    },
    {
      "type": "Feature",
      "id": "pplc_building_permits_geolocated:BPCOM-2022-09942",
      "geometry": {
        "type": "Point",
        "coordinates": [
          -63.58438978052564,
          44.65514720228719
        ]
      },
      "properties": {
        "city": "Halifax",
        "dtuid": "205090341",
        "feed": "pplc_building_permits_geolocated",
        "source_record_id": "BPCOM-2022-09942",
        "status": "Applicant Revisions",
        "permit_type": "Mixed Use & Commercial Building Permit",
        "permit_class": "Mixed Use - Residential & Other Use(s)",
        "work_type": "Renovation",
        "description": "Exterior wall repairs",
        "address": "2323 BRUNSWICK ST",
        "applied_date": "2022-07-20T12:00:00+00:00",
        "issued_date": null,
        "completed_date": null,
        "period_date": null,
        "longitude": -63.58438978052564,
        "latitude": 44.65514720228719,
        "units_created": null,
        "units_lost": null,
        "net_units": 0.0,
        "is_residential": true,
        "is_active": true,
        "in_period": false,
        "requested_geography": "downtown",
        "in_requested_geography": true,
        "spatial_qa": "point_in_polygon_tested",
        "metric_roles": "active_inventory|period_flow",
        "source_page": "https://data-hrm.hub.arcgis.com/datasets/6ac34a5bc6554d25b137ef432d506f08",
        "retrieved_at_utc": "2026-07-17T18:30:45.175912+00:00",
        "metric_membership": "active"
      }
    },
    {
      "type": "Feature",
      "id": "pplc_building_permits_geolocated:BPRES-2025-03475",
      "geometry": {
        "type": "Point",
        "coordinates": [
          -63.58438978052564,
          44.65514720228719
        ]
      },
      "properties": {
        "city": "Halifax",
        "dtuid": "205090341",
        "feed": "pplc_building_permits_geolocated",
        "source_record_id": "BPRES-2025-03475",
        "status": "Issued",
        "permit_type": "Residential Building Permit",
        "permit_class": "Dwelling - Multiple Units",
        "work_type": "Renovation",
        "description": "Structural Repairs",
        "address": "2323 BRUNSWICK ST",
        "applied_date": "2025-03-24T12:00:00+00:00",
        "issued_date": "2025-04-03T12:00:00+00:00",
        "completed_date": null,
        "period_date": "2025-04-03T12:00:00+00:00",
        "longitude": -63.58438978052564,
        "latitude": 44.65514720228719,
        "units_created": null,
        "units_lost": null,
        "net_units": 0.0,
        "is_residential": true,
        "is_active": true,
        "in_period": false,
        "requested_geography": "downtown",
        "in_requested_geography": true,
        "spatial_qa": "point_in_polygon_tested",
        "metric_roles": "active_inventory|period_flow",
        "source_page": "https://data-hrm.hub.arcgis.com/datasets/6ac34a5bc6554d25b137ef432d506f08",
        "retrieved_at_utc": "2026-07-17T18:30:45.175912+00:00",
        "metric_membership": "active"
      }
    },
    {
      "type": "Feature",
      "id": "pplc_building_permits_geolocated:BPCOM-2024-05169",
      "geometry": {
        "type": "Point",
        "coordinates": [
          -63.57146940735664,
          44.63737533378964
        ]
      },
      "properties": {
        "city": "Halifax",
        "dtuid": "205090341",
        "feed": "pplc_building_permits_geolocated",
        "source_record_id": "BPCOM-2024-05169",
        "status": "Application Incomplete",
        "permit_type": "Mixed Use & Commercial Building Permit",
        "permit_class": "Dwelling - Multiple Units",
        "work_type": "Renovation",
        "description": "Legalizing 40 Residential Dwelling Units in Existing Building",
        "address": "5266 GREEN ST",
        "applied_date": "2025-05-30T12:00:00+00:00",
        "issued_date": null,
        "completed_date": null,
        "period_date": null,
        "longitude": -63.57146940735664,
        "latitude": 44.63737533378964,
        "units_created": null,
        "units_lost": null,
        "net_units": 40.0,
        "is_residential": true,
        "is_active": true,
        "in_period": false,
        "requested_geography": "downtown",
        "in_requested_geography": true,
        "spatial_qa": "point_in_polygon_tested",
        "metric_roles": "active_inventory|period_flow",
        "source_page": "https://data-hrm.hub.arcgis.com/datasets/6ac34a5bc6554d25b137ef432d506f08",
        "retrieved_at_utc": "2026-07-17T18:30:45.175912+00:00",
        "metric_membership": "active"
      }
    },
    {
      "type": "Feature",
      "id": "pplc_building_permits_geolocated:BPRES-2024-10395",
      "geometry": {
        "type": "Point",
        "coordinates": [
          -63.57547099484633,
          44.641856470314735
        ]
      },
      "properties": {
        "city": "Halifax",
        "dtuid": "205090341",
        "feed": "pplc_building_permits_geolocated",
        "source_record_id": "BPRES-2024-10395",
        "status": "Issued",
        "permit_type": "Residential Building Permit",
        "permit_class": "Dwelling - Semi-Detached",
        "work_type": "Renovation",
        "description": "Kitchen renovation",
        "address": "1356 QUEEN ST",
        "applied_date": "2024-08-02T12:00:00+00:00",
        "issued_date": "2024-08-15T12:00:00+00:00",
        "completed_date": null,
        "period_date": "2024-08-15T12:00:00+00:00",
        "longitude": -63.57547099484633,
        "latitude": 44.641856470314735,
        "units_created": null,
        "units_lost": null,
        "net_units": 0.0,
        "is_residential": true,
        "is_active": true,
        "in_period": false,
        "requested_geography": "downtown",
        "in_requested_geography": true,
        "spatial_qa": "point_in_polygon_tested",
        "metric_roles": "active_inventory|period_flow",
        "source_page": "https://data-hrm.hub.arcgis.com/datasets/6ac34a5bc6554d25b137ef432d506f08",
        "retrieved_at_utc": "2026-07-17T18:30:45.175912+00:00",
        "metric_membership": "active"
      }
    },
    {
      "type": "Feature",
      "id": "pplc_building_permits_geolocated:BPRES-2023-01567",
      "geometry": {
        "type": "Point",
        "coordinates": [
          -63.57258711297626,
          44.63811070846947
        ]
      },
      "properties": {
        "city": "Halifax",
        "dtuid": "205090341",
        "feed": "pplc_building_permits_geolocated",
        "source_record_id": "BPRES-2023-01567",
        "status": "Issued",
        "permit_type": "Residential Building Permit",
        "permit_class": "Dwelling - Multiple Units",
        "work_type": "New Building",
        "description": "construct a new 7 story, 24 residential suites on the current property",
        "address": "5297 KENT ST",
        "applied_date": "2023-08-23T12:00:00+00:00",
        "issued_date": "2023-11-15T12:00:00+00:00",
        "completed_date": null,
        "period_date": "2023-11-15T12:00:00+00:00",
        "longitude": -63.57258711297626,
        "latitude": 44.63811070846947,
        "units_created": null,
        "units_lost": null,
        "net_units": 24.0,
        "is_residential": true,
        "is_active": true,
        "in_period": false,
        "requested_geography": "downtown",
        "in_requested_geography": true,
        "spatial_qa": "point_in_polygon_tested",
        "metric_roles": "active_inventory|period_flow",
        "source_page": "https://data-hrm.hub.arcgis.com/datasets/6ac34a5bc6554d25b137ef432d506f08",
        "retrieved_at_utc": "2026-07-17T18:30:45.175912+00:00",
        "metric_membership": "active"
      }
    },
    {
      "type": "Feature",
      "id": "pplc_building_permits_geolocated:BPRES-2021-17136",
      "geometry": {
        "type": "Point",
        "coordinates": [
          -63.58801443371233,
          44.65386451042763
        ]
      },
      "properties": {
        "city": "Halifax",
        "dtuid": "205090341",
        "feed": "pplc_building_permits_geolocated",
        "source_record_id": "BPRES-2021-17136",
        "status": "Applicant Revisions",
        "permit_type": "Residential Building Permit",
        "permit_class": "Dwelling - Semi-Detached",
        "work_type": "Renovation",
        "description": "Building a single unit dwelling with a secondary suite.",
        "address": "2382 CREIGHTON ST",
        "applied_date": "2021-10-08T12:00:00+00:00",
        "issued_date": null,
        "completed_date": null,
        "period_date": null,
        "longitude": -63.58801443371233,
        "latitude": 44.65386451042763,
        "units_created": null,
        "units_lost": null,
        "net_units": 0.0,
        "is_residential": true,
        "is_active": true,
        "in_period": false,
        "requested_geography": "downtown",
        "in_requested_geography": true,
        "spatial_qa": "point_in_polygon_tested",
        "metric_roles": "active_inventory|period_flow",
        "source_page": "https://data-hrm.hub.arcgis.com/datasets/6ac34a5bc6554d25b137ef432d506f08",
        "retrieved_at_utc": "2026-07-17T18:30:45.175912+00:00",
        "metric_membership": "active"
      }
    },
    {
      "type": "Feature",
      "id": "pplc_building_permits_geolocated:BPRES-2025-00268",
      "geometry": {
        "type": "Point",
        "coordinates": [
          -63.58801443371233,
          44.65386451042763
        ]
      },
      "properties": {
        "city": "Halifax",
        "dtuid": "205090341",
        "feed": "pplc_building_permits_geolocated",
        "source_record_id": "BPRES-2025-00268",
        "status": "Issued",
        "permit_type": "Residential Building Permit",
        "permit_class": "Dwelling - Multiple Units",
        "work_type": "New Building",
        "description": "Construct 4 residential unit dwelling",
        "address": "2382 CREIGHTON ST",
        "applied_date": "2025-01-08T12:00:00+00:00",
        "issued_date": "2025-02-11T12:00:00+00:00",
        "completed_date": null,
        "period_date": "2025-02-11T12:00:00+00:00",
        "longitude": -63.58801443371233,
        "latitude": 44.65386451042763,
        "units_created": null,
        "units_lost": null,
        "net_units": 4.0,
        "is_residential": true,
        "is_active": true,
        "in_period": false,
        "requested_geography": "downtown",
        "in_requested_geography": true,
        "spatial_qa": "point_in_polygon_tested",
        "metric_roles": "active_inventory|period_flow",
        "source_page": "https://data-hrm.hub.arcgis.com/datasets/6ac34a5bc6554d25b137ef432d506f08",
        "retrieved_at_utc": "2026-07-17T18:30:45.175912+00:00",
        "metric_membership": "active"
      }
    },
    {
      "type": "Feature",
      "id": "pplc_building_permits_geolocated:BPCOM-2022-10018",
      "geometry": {
        "type": "Point",
        "coordinates": [
          -63.57240737964622,
          44.64508099994872
        ]
      },
      "properties": {
        "city": "Halifax",
        "dtuid": "205090341",
        "feed": "pplc_building_permits_geolocated",
        "source_record_id": "BPCOM-2022-10018",
        "status": "Issued",
        "permit_type": "Mixed Use & Commercial Building Permit",
        "permit_class": "Mixed Use - Residential & Other Use(s)",
        "work_type": "Renovation",
        "description": "Renovate dwelling units No commercial units will be added or removed to a new total of 42 residential unit with 3 commercial spaces",
        "address": "1538 GRANVILLE ST",
        "applied_date": "2022-07-27T12:00:00+00:00",
        "issued_date": "2022-12-21T12:00:00+00:00",
        "completed_date": null,
        "period_date": "2022-12-21T12:00:00+00:00",
        "longitude": -63.57240737964622,
        "latitude": 44.64508099994872,
        "units_created": null,
        "units_lost": null,
        "net_units": 16.0,
        "is_residential": true,
        "is_active": true,
        "in_period": false,
        "requested_geography": "downtown",
        "in_requested_geography": true,
        "spatial_qa": "point_in_polygon_tested",
        "metric_roles": "active_inventory|period_flow",
        "source_page": "https://data-hrm.hub.arcgis.com/datasets/6ac34a5bc6554d25b137ef432d506f08",
        "retrieved_at_utc": "2026-07-17T18:30:45.175912+00:00",
        "metric_membership": "active"
      }
    },
    {
      "type": "Feature",
      "id": "pplc_building_permits_geolocated:BPRES-2025-00410",
      "geometry": {
        "type": "Point",
        "coordinates": [
          -63.588136980333246,
          44.65378594371252
        ]
      },
      "properties": {
        "city": "Halifax",
        "dtuid": "205090341",
        "feed": "pplc_building_permits_geolocated",
        "source_record_id": "BPRES-2025-00410",
        "status": "Issued",
        "permit_type": "Residential Building Permit",
        "permit_class": "Dwelling - Backyard Suite",
        "work_type": "New Building",
        "description": "This permit will be for the backyard suite we will be building at the same time as the main house at 2382 Creighton st.",
        "address": "5564 BUDDY DAYE ST",
        "applied_date": "2025-01-14T12:00:00+00:00",
        "issued_date": "2025-02-11T12:00:00+00:00",
        "completed_date": null,
        "period_date": "2025-02-11T12:00:00+00:00",
        "longitude": -63.588136980333246,
        "latitude": 44.65378594371252,
        "units_created": null,
        "units_lost": null,
        "net_units": 1.0,
        "is_residential": true,
        "is_active": true,
        "in_period": false,
        "requested_geography": "downtown",
        "in_requested_geography": true,
        "spatial_qa": "point_in_polygon_tested",
        "metric_roles": "active_inventory|period_flow",
        "source_page": "https://data-hrm.hub.arcgis.com/datasets/6ac34a5bc6554d25b137ef432d506f08",
        "retrieved_at_utc": "2026-07-17T18:30:45.175912+00:00",
        "metric_membership": "active"
      }
    },
    {
      "type": "Feature",
      "id": "pplc_building_permits_geolocated:BPCOM-2026-03841",
      "geometry": {
        "type": "Point",
        "coordinates": [
          -63.57670893427575,
          44.64374609962183
        ]
      },
      "properties": {
        "city": "Halifax",
        "dtuid": "205090341",
        "feed": "pplc_building_permits_geolocated",
        "source_record_id": "BPCOM-2026-03841",
        "status": "Applicant Revisions",
        "permit_type": "Mixed Use & Commercial Building Permit",
        "permit_class": "Mixed Use - Residential & Other Use(s)",
        "work_type": "New Building",
        "description": "The proposed project is a mixed-use building, with ground floor commercial, and 168 residential units. The building consists of 2 levels of underground parking and 9 stories above grade.",
        "address": "1528 QUEEN ST",
        "applied_date": "2026-05-06T12:00:00+00:00",
        "issued_date": null,
        "completed_date": null,
        "period_date": null,
        "longitude": -63.57670893427575,
        "latitude": 44.64374609962183,
        "units_created": null,
        "units_lost": null,
        "net_units": 168.0,
        "is_residential": true,
        "is_active": true,
        "in_period": false,
        "requested_geography": "downtown",
        "in_requested_geography": true,
        "spatial_qa": "point_in_polygon_tested",
        "metric_roles": "active_inventory|period_flow",
        "source_page": "https://data-hrm.hub.arcgis.com/datasets/6ac34a5bc6554d25b137ef432d506f08",
        "retrieved_at_utc": "2026-07-17T18:30:45.175912+00:00",
        "metric_membership": "active"
      }
    }
  ]
}