{
  "type": "FeatureCollection",
  "name": "Winnipeg final downtown residential permits",
  "metadata": {
    "city": "Winnipeg",
    "dtuid": "602110401",
    "spatial_coverage": "downtown",
    "coordinate_reference_system": "urn:ogc:def:crs:OGC::CRS84",
    "report_start_date": "2026-01-01",
    "report_end_date": "2026-07-17",
    "retrieved_at_utc": "2026-07-17T18:30:45.175912+00:00",
    "selection": "Residential records inside the downtown DTUID used by the active inventory and/or reporting-period flow metrics.",
    "feature_count": 282
  },
  "features": [
    {
      "type": "Feature",
      "id": "detailed_building_permits:09-166043 MU",
      "geometry": {
        "type": "Point",
        "coordinates": [
          -97.15609489816615,
          49.89613068469893
        ]
      },
      "properties": {
        "city": "Winnipeg",
        "dtuid": "602110401",
        "feed": "detailed_building_permits",
        "source_record_id": "09-166043 MU",
        "status": "Issued",
        "permit_type": "Multi-Residential",
        "permit_class": "Apartments",
        "work_type": "Change of Use",
        "description": null,
        "address": "590 Langside ST",
        "applied_date": "2009-12-04T00:00:00.000",
        "issued_date": "2010-04-19T00:00:00.000",
        "completed_date": null,
        "period_date": "2010-04-19T00:00:00.000",
        "longitude": -97.15609489816615,
        "latitude": 49.89613068469893,
        "units_created": 3.0,
        "units_lost": 0.0,
        "net_units": 3.0,
        "is_residential": true,
        "is_active": true,
        "in_period": false,
        "requested_geography": "downtown",
        "in_requested_geography": true,
        "spatial_qa": "point_in_polygon_tested",
        "metric_roles": "active_inventory|period_flow",
        "source_page": "https://data.winnipeg.ca/d/it4w-cpf4",
        "retrieved_at_utc": "2026-07-17T18:30:45.175912+00:00",
        "metric_membership": "active"
      }
    },
    {
      "type": "Feature",
      "id": "detailed_building_permits:10-115022 MU",
      "geometry": {
        "type": "Point",
        "coordinates": [
          -97.15786201461465,
          49.899408610364056
        ]
      },
      "properties": {
        "city": "Winnipeg",
        "dtuid": "602110401",
        "feed": "detailed_building_permits",
        "source_record_id": "10-115022 MU",
        "status": "Issued",
        "permit_type": "Multi-Residential",
        "permit_class": "Apartments",
        "work_type": "Construct Addition",
        "description": null,
        "address": "693 Sherbrook ST",
        "applied_date": "2010-04-06T00:00:00.000",
        "issued_date": "2012-03-29T00:00:00.000",
        "completed_date": null,
        "period_date": "2012-03-29T00:00:00.000",
        "longitude": -97.15786201461465,
        "latitude": 49.899408610364056,
        "units_created": 0.0,
        "units_lost": 0.0,
        "net_units": 0.0,
        "is_residential": true,
        "is_active": true,
        "in_period": false,
        "requested_geography": "downtown",
        "in_requested_geography": true,
        "spatial_qa": "point_in_polygon_tested",
        "metric_roles": "active_inventory|period_flow",
        "source_page": "https://data.winnipeg.ca/d/it4w-cpf4",
        "retrieved_at_utc": "2026-07-17T18:30:45.175912+00:00",
        "metric_membership": "active"
      }
    },
    {
      "type": "Feature",
      "id": "detailed_building_permits:10-144406 HO",
      "geometry": {
        "type": "Point",
        "coordinates": [
          -97.15345741287604,
          49.88669853444497
        ]
      },
      "properties": {
        "city": "Winnipeg",
        "dtuid": "602110401",
        "feed": "detailed_building_permits",
        "source_record_id": "10-144406 HO",
        "status": "Issued",
        "permit_type": "Housing",
        "permit_class": "SFD",
        "work_type": "Construct Addition",
        "description": null,
        "address": "206 Balmoral ST",
        "applied_date": "2010-07-23T00:00:00.000",
        "issued_date": "2010-08-23T00:00:00.000",
        "completed_date": null,
        "period_date": "2010-08-23T00:00:00.000",
        "longitude": -97.15345741287604,
        "latitude": 49.88669853444497,
        "units_created": 0.0,
        "units_lost": 0.0,
        "net_units": 0.0,
        "is_residential": true,
        "is_active": true,
        "in_period": false,
        "requested_geography": "downtown",
        "in_requested_geography": true,
        "spatial_qa": "point_in_polygon_tested",
        "metric_roles": "active_inventory|period_flow",
        "source_page": "https://data.winnipeg.ca/d/it4w-cpf4",
        "retrieved_at_utc": "2026-07-17T18:30:45.175912+00:00",
        "metric_membership": "active"
      }
    },
    {
      "type": "Feature",
      "id": "detailed_building_permits:10-170527 HO",
      "geometry": {
        "type": "Point",
        "coordinates": [
          -97.14690908824213,
          49.90374163474986
        ]
      },
      "properties": {
        "city": "Winnipeg",
        "dtuid": "602110401",
        "feed": "detailed_building_permits",
        "source_record_id": "10-170527 HO",
        "status": "Issued",
        "permit_type": "Housing",
        "permit_class": "Duplex / Side by Side",
        "work_type": "Structural Alteration",
        "description": null,
        "address": "459 Ross AVE - Units 459 & 461",
        "applied_date": "2010-11-17T00:00:00.000",
        "issued_date": "2011-02-24T00:00:00.000",
        "completed_date": null,
        "period_date": "2011-02-24T00:00:00.000",
        "longitude": -97.14690908824213,
        "latitude": 49.90374163474986,
        "units_created": 0.0,
        "units_lost": 0.0,
        "net_units": 0.0,
        "is_residential": true,
        "is_active": true,
        "in_period": false,
        "requested_geography": "downtown",
        "in_requested_geography": true,
        "spatial_qa": "point_in_polygon_tested",
        "metric_roles": "active_inventory|period_flow",
        "source_page": "https://data.winnipeg.ca/d/it4w-cpf4",
        "retrieved_at_utc": "2026-07-17T18:30:45.175912+00:00",
        "metric_membership": "active"
      }
    },
    {
      "type": "Feature",
      "id": "detailed_building_permits:11-112663 HO",
      "geometry": {
        "type": "Point",
        "coordinates": [
          -97.14700374524207,
          49.903709851290735
        ]
      },
      "properties": {
        "city": "Winnipeg",
        "dtuid": "602110401",
        "feed": "detailed_building_permits",
        "source_record_id": "11-112663 HO",
        "status": "Issued",
        "permit_type": "Housing",
        "permit_class": "Duplex / Side by Side",
        "work_type": "Structural Alteration",
        "description": null,
        "address": "461 Ross AVE",
        "applied_date": "2011-03-08T00:00:00.000",
        "issued_date": "2011-03-09T00:00:00.000",
        "completed_date": null,
        "period_date": "2011-03-09T00:00:00.000",
        "longitude": -97.14700374524207,
        "latitude": 49.903709851290735,
        "units_created": 0.0,
        "units_lost": 0.0,
        "net_units": 0.0,
        "is_residential": true,
        "is_active": true,
        "in_period": false,
        "requested_geography": "downtown",
        "in_requested_geography": true,
        "spatial_qa": "point_in_polygon_tested",
        "metric_roles": "active_inventory|period_flow",
        "source_page": "https://data.winnipeg.ca/d/it4w-cpf4",
        "retrieved_at_utc": "2026-07-17T18:30:45.175912+00:00",
        "metric_membership": "active"
      }
    },
    {
      "type": "Feature",
      "id": "detailed_building_permits:11-132102 HO",
      "geometry": {
        "type": "Point",
        "coordinates": [
          -97.15779440907531,
          49.9003594432677
        ]
      },
      "properties": {
        "city": "Winnipeg",
        "dtuid": "602110401",
        "feed": "detailed_building_permits",
        "source_record_id": "11-132102 HO",
        "status": "Issued",
        "permit_type": "Housing",
        "permit_class": "Duplex / Side by Side",
        "work_type": "Interior Alteration",
        "description": null,
        "address": "729 Sherbrook ST",
        "applied_date": "2011-05-18T00:00:00.000",
        "issued_date": "2011-06-20T00:00:00.000",
        "completed_date": null,
        "period_date": "2011-06-20T00:00:00.000",
        "longitude": -97.15779440907531,
        "latitude": 49.9003594432677,
        "units_created": 0.0,
        "units_lost": 0.0,
        "net_units": 0.0,
        "is_residential": true,
        "is_active": true,
        "in_period": false,
        "requested_geography": "downtown",
        "in_requested_geography": true,
        "spatial_qa": "point_in_polygon_tested",
        "metric_roles": "active_inventory|period_flow",
        "source_page": "https://data.winnipeg.ca/d/it4w-cpf4",
        "retrieved_at_utc": "2026-07-17T18:30:45.175912+00:00",
        "metric_membership": "active"
      }
    },
    {
      "type": "Feature",
      "id": "detailed_building_permits:11-151822 HO",
      "geometry": {
        "type": "Point",
        "coordinates": [
          -97.16282619914098,
          49.89223897898499
        ]
      },
      "properties": {
        "city": "Winnipeg",
        "dtuid": "602110401",
        "feed": "detailed_building_permits",
        "source_record_id": "11-151822 HO",
        "status": "Issued",
        "permit_type": "Housing",
        "permit_class": "SFD",
        "work_type": "Non-Struct. Alter/Repair",
        "description": null,
        "address": "443 Victor ST",
        "applied_date": "2011-07-27T00:00:00.000",
        "issued_date": "2011-07-27T00:00:00.000",
        "completed_date": null,
        "period_date": "2011-07-27T00:00:00.000",
        "longitude": -97.16282619914098,
        "latitude": 49.89223897898499,
        "units_created": 0.0,
        "units_lost": 0.0,
        "net_units": 0.0,
        "is_residential": true,
        "is_active": true,
        "in_period": false,
        "requested_geography": "downtown",
        "in_requested_geography": true,
        "spatial_qa": "point_in_polygon_tested",
        "metric_roles": "active_inventory|period_flow",
        "source_page": "https://data.winnipeg.ca/d/it4w-cpf4",
        "retrieved_at_utc": "2026-07-17T18:30:45.175912+00:00",
        "metric_membership": "active"
      }
    },
    {
      "type": "Feature",
      "id": "detailed_building_permits:12-112671 MU",
      "geometry": {
        "type": "Point",
        "coordinates": [
          -97.1369151891699,
          49.89786515622695
        ]
      },
      "properties": {
        "city": "Winnipeg",
        "dtuid": "602110401",
        "feed": "detailed_building_permits",
        "source_record_id": "12-112671 MU",
        "status": "Issued",
        "permit_type": "Multi-Residential",
        "permit_class": "Apartments",
        "work_type": "Interior Alteration",
        "description": null,
        "address": "167 Bannatyne AVE",
        "applied_date": "2012-03-13T00:00:00.000",
        "issued_date": "2012-07-23T00:00:00.000",
        "completed_date": null,
        "period_date": "2012-07-23T00:00:00.000",
        "longitude": -97.1369151891699,
        "latitude": 49.89786515622695,
        "units_created": 0.0,
        "units_lost": 0.0,
        "net_units": 0.0,
        "is_residential": true,
        "is_active": true,
        "in_period": false,
        "requested_geography": "downtown",
        "in_requested_geography": true,
        "spatial_qa": "point_in_polygon_tested",
        "metric_roles": "active_inventory|period_flow",
        "source_page": "https://data.winnipeg.ca/d/it4w-cpf4",
        "retrieved_at_utc": "2026-07-17T18:30:45.175912+00:00",
        "metric_membership": "active"
      }
    },
    {
      "type": "Feature",
      "id": "detailed_building_permits:12-115220 HO",
      "geometry": {
        "type": "Point",
        "coordinates": [
          -97.16336815689081,
          49.88463086494125
        ]
      },
      "properties": {
        "city": "Winnipeg",
        "dtuid": "602110401",
        "feed": "detailed_building_permits",
        "source_record_id": "12-115220 HO",
        "status": "Issued",
        "permit_type": "Housing",
        "permit_class": "SFD",
        "work_type": "Construct Addition",
        "description": null,
        "address": "209 Walnut ST",
        "applied_date": "2012-03-23T00:00:00.000",
        "issued_date": "2012-04-02T00:00:00.000",
        "completed_date": null,
        "period_date": "2012-04-02T00:00:00.000",
        "longitude": -97.16336815689081,
        "latitude": 49.88463086494125,
        "units_created": 0.0,
        "units_lost": 0.0,
        "net_units": 0.0,
        "is_residential": true,
        "is_active": true,
        "in_period": false,
        "requested_geography": "downtown",
        "in_requested_geography": true,
        "spatial_qa": "point_in_polygon_tested",
        "metric_roles": "active_inventory|period_flow",
        "source_page": "https://data.winnipeg.ca/d/it4w-cpf4",
        "retrieved_at_utc": "2026-07-17T18:30:45.175912+00:00",
        "metric_membership": "active"
      }
    },
    {
      "type": "Feature",
      "id": "detailed_building_permits:12-128291 HO",
      "geometry": {
        "type": "Point",
        "coordinates": [
          -97.15627816198267,
          49.884718031544715
        ]
      },
      "properties": {
        "city": "Winnipeg",
        "dtuid": "602110401",
        "feed": "detailed_building_permits",
        "source_record_id": "12-128291 HO",
        "status": "Issued",
        "permit_type": "Housing",
        "permit_class": "SFD & Att. Gar.",
        "work_type": "Construct New",
        "description": null,
        "address": "199 Langside ST",
        "applied_date": "2012-05-08T00:00:00.000",
        "issued_date": "2012-07-03T00:00:00.000",
        "completed_date": null,
        "period_date": "2012-07-03T00:00:00.000",
        "longitude": -97.15627816198267,
        "latitude": 49.884718031544715,
        "units_created": 1.0,
        "units_lost": 0.0,
        "net_units": 1.0,
        "is_residential": true,
        "is_active": true,
        "in_period": false,
        "requested_geography": "downtown",
        "in_requested_geography": true,
        "spatial_qa": "point_in_polygon_tested",
        "metric_roles": "active_inventory|period_flow",
        "source_page": "https://data.winnipeg.ca/d/it4w-cpf4",
        "retrieved_at_utc": "2026-07-17T18:30:45.175912+00:00",
        "metric_membership": "active"
      }
    },
    {
      "type": "Feature",
      "id": "detailed_building_permits:12-167818 AS",
      "geometry": {
        "type": "Point",
        "coordinates": [
          -97.16410168872426,
          49.89010983980654
        ]
      },
      "properties": {
        "city": "Winnipeg",
        "dtuid": "602110401",
        "feed": "detailed_building_permits",
        "source_record_id": "12-167818 AS",
        "status": "Issued",
        "permit_type": "Accessory Structures",
        "permit_class": "Detached Garage",
        "work_type": "Demolition / Construct",
        "description": null,
        "address": "343 Toronto ST",
        "applied_date": "2012-10-01T00:00:00.000",
        "issued_date": "2012-10-02T00:00:00.000",
        "completed_date": null,
        "period_date": "2012-10-02T00:00:00.000",
        "longitude": -97.16410168872426,
        "latitude": 49.89010983980654,
        "units_created": 0.0,
        "units_lost": 0.0,
        "net_units": 0.0,
        "is_residential": true,
        "is_active": true,
        "in_period": false,
        "requested_geography": "downtown",
        "in_requested_geography": true,
        "spatial_qa": "point_in_polygon_tested",
        "metric_roles": "active_inventory|period_flow",
        "source_page": "https://data.winnipeg.ca/d/it4w-cpf4",
        "retrieved_at_utc": "2026-07-17T18:30:45.175912+00:00",
        "metric_membership": "active"
      }
    },
    {
      "type": "Feature",
      "id": "detailed_building_permits:13-112655 HO",
      "geometry": {
        "type": "Point",
        "coordinates": [
          -97.151206900994,
          49.90016612340671
        ]
      },
      "properties": {
        "city": "Winnipeg",
        "dtuid": "602110401",
        "feed": "detailed_building_permits",
        "source_record_id": "13-112655 HO",
        "status": "Issued",
        "permit_type": "Housing",
        "permit_class": "Row Housing",
        "work_type": "Construct New",
        "description": null,
        "address": "70 Isabel ST Unit 1",
        "applied_date": "2013-03-20T00:00:00.000",
        "issued_date": "2013-08-29T00:00:00.000",
        "completed_date": null,
        "period_date": "2013-08-29T00:00:00.000",
        "longitude": -97.151206900994,
        "latitude": 49.90016612340671,
        "units_created": 8.0,
        "units_lost": 0.0,
        "net_units": 8.0,
        "is_residential": true,
        "is_active": true,
        "in_period": false,
        "requested_geography": "downtown",
        "in_requested_geography": true,
        "spatial_qa": "point_in_polygon_tested",
        "metric_roles": "active_inventory|period_flow",
        "source_page": "https://data.winnipeg.ca/d/it4w-cpf4",
        "retrieved_at_utc": "2026-07-17T18:30:45.175912+00:00",
        "metric_membership": "active"
      }
    },
    {
      "type": "Feature",
      "id": "detailed_building_permits:13-112657 HO",
      "geometry": {
        "type": "Point",
        "coordinates": [
          -97.15129207828727,
          49.900188531499055
        ]
      },
      "properties": {
        "city": "Winnipeg",
        "dtuid": "602110401",
        "feed": "detailed_building_permits",
        "source_record_id": "13-112657 HO",
        "status": "Issued",
        "permit_type": "Housing",
        "permit_class": "Row Housing",
        "work_type": "Construct New",
        "description": null,
        "address": "70 Isabel ST Unit 8",
        "applied_date": "2013-03-20T00:00:00.000",
        "issued_date": "2013-08-29T00:00:00.000",
        "completed_date": null,
        "period_date": "2013-08-29T00:00:00.000",
        "longitude": -97.15129207828727,
        "latitude": 49.900188531499055,
        "units_created": 8.0,
        "units_lost": 0.0,
        "net_units": 8.0,
        "is_residential": true,
        "is_active": true,
        "in_period": false,
        "requested_geography": "downtown",
        "in_requested_geography": true,
        "spatial_qa": "point_in_polygon_tested",
        "metric_roles": "active_inventory|period_flow",
        "source_page": "https://data.winnipeg.ca/d/it4w-cpf4",
        "retrieved_at_utc": "2026-07-17T18:30:45.175912+00:00",
        "metric_membership": "active"
      }
    },
    {
      "type": "Feature",
      "id": "detailed_building_permits:13-112660 HO",
      "geometry": {
        "type": "Point",
        "coordinates": [
          -97.15115184465155,
          49.90024901990792
        ]
      },
      "properties": {
        "city": "Winnipeg",
        "dtuid": "602110401",
        "feed": "detailed_building_permits",
        "source_record_id": "13-112660 HO",
        "status": "Issued",
        "permit_type": "Housing",
        "permit_class": "Row Housing",
        "work_type": "Construct New",
        "description": null,
        "address": "70 Isabel ST Unit 4",
        "applied_date": "2013-03-20T00:00:00.000",
        "issued_date": "2013-08-29T00:00:00.000",
        "completed_date": null,
        "period_date": "2013-08-29T00:00:00.000",
        "longitude": -97.15115184465155,
        "latitude": 49.90024901990792,
        "units_created": 8.0,
        "units_lost": 0.0,
        "net_units": 8.0,
        "is_residential": true,
        "is_active": true,
        "in_period": false,
        "requested_geography": "downtown",
        "in_requested_geography": true,
        "spatial_qa": "point_in_polygon_tested",
        "metric_roles": "active_inventory|period_flow",
        "source_page": "https://data.winnipeg.ca/d/it4w-cpf4",
        "retrieved_at_utc": "2026-07-17T18:30:45.175912+00:00",
        "metric_membership": "active"
      }
    },
    {
      "type": "Feature",
      "id": "detailed_building_permits:13-112662 HO",
      "geometry": {
        "type": "Point",
        "coordinates": [
          -97.15122005413006,
          49.9002719994224
        ]
      },
      "properties": {
        "city": "Winnipeg",
        "dtuid": "602110401",
        "feed": "detailed_building_permits",
        "source_record_id": "13-112662 HO",
        "status": "Issued",
        "permit_type": "Housing",
        "permit_class": "Row Housing",
        "work_type": "Construct New",
        "description": null,
        "address": "70 Isabel ST Unit 5",
        "applied_date": "2013-03-20T00:00:00.000",
        "issued_date": "2013-08-29T00:00:00.000",
        "completed_date": null,
        "period_date": "2013-08-29T00:00:00.000",
        "longitude": -97.15122005413006,
        "latitude": 49.9002719994224,
        "units_created": 8.0,
        "units_lost": 0.0,
        "net_units": 8.0,
        "is_residential": true,
        "is_active": true,
        "in_period": false,
        "requested_geography": "downtown",
        "in_requested_geography": true,
        "spatial_qa": "point_in_polygon_tested",
        "metric_roles": "active_inventory|period_flow",
        "source_page": "https://data.winnipeg.ca/d/it4w-cpf4",
        "retrieved_at_utc": "2026-07-17T18:30:45.175912+00:00",
        "metric_membership": "active"
      }
    },
    {
      "type": "Feature",
      "id": "detailed_building_permits:13-112663 HO",
      "geometry": {
        "type": "Point",
        "coordinates": [
          -97.15118633044715,
          49.90019273893993
        ]
      },
      "properties": {
        "city": "Winnipeg",
        "dtuid": "602110401",
        "feed": "detailed_building_permits",
        "source_record_id": "13-112663 HO",
        "status": "Issued",
        "permit_type": "Housing",
        "permit_class": "Row Housing",
        "work_type": "Construct New",
        "description": null,
        "address": "70 Isabel ST Unit 2",
        "applied_date": "2013-03-20T00:00:00.000",
        "issued_date": "2013-08-29T00:00:00.000",
        "completed_date": null,
        "period_date": "2013-08-29T00:00:00.000",
        "longitude": -97.15118633044715,
        "latitude": 49.90019273893993,
        "units_created": 8.0,
        "units_lost": 0.0,
        "net_units": 8.0,
        "is_residential": true,
        "is_active": true,
        "in_period": false,
        "requested_geography": "downtown",
        "in_requested_geography": true,
        "spatial_qa": "point_in_polygon_tested",
        "metric_roles": "active_inventory|period_flow",
        "source_page": "https://data.winnipeg.ca/d/it4w-cpf4",
        "retrieved_at_utc": "2026-07-17T18:30:45.175912+00:00",
        "metric_membership": "active"
      }
    },
    {
      "type": "Feature",
      "id": "detailed_building_permits:13-112667 HO",
      "geometry": {
        "type": "Point",
        "coordinates": [
          -97.15126359478307,
          49.90021754681537
        ]
      },
      "properties": {
        "city": "Winnipeg",
        "dtuid": "602110401",
        "feed": "detailed_building_permits",
        "source_record_id": "13-112667 HO",
        "status": "Issued",
        "permit_type": "Housing",
        "permit_class": "Row Housing",
        "work_type": "Construct New",
        "description": null,
        "address": "70 Isabel ST Unit 7",
        "applied_date": "2013-03-20T00:00:00.000",
        "issued_date": "2013-08-29T00:00:00.000",
        "completed_date": null,
        "period_date": "2013-08-29T00:00:00.000",
        "longitude": -97.15126359478307,
        "latitude": 49.90021754681537,
        "units_created": 8.0,
        "units_lost": 0.0,
        "net_units": 8.0,
        "is_residential": true,
        "is_active": true,
        "in_period": false,
        "requested_geography": "downtown",
        "in_requested_geography": true,
        "spatial_qa": "point_in_polygon_tested",
        "metric_roles": "active_inventory|period_flow",
        "source_page": "https://data.winnipeg.ca/d/it4w-cpf4",
        "retrieved_at_utc": "2026-07-17T18:30:45.175912+00:00",
        "metric_membership": "active"
      }
    },
    {
      "type": "Feature",
      "id": "detailed_building_permits:13-112668 HO",
      "geometry": {
        "type": "Point",
        "coordinates": [
          -97.15117638782489,
          49.90022078376378
        ]
      },
      "properties": {
        "city": "Winnipeg",
        "dtuid": "602110401",
        "feed": "detailed_building_permits",
        "source_record_id": "13-112668 HO",
        "status": "Issued",
        "permit_type": "Housing",
        "permit_class": "Row Housing",
        "work_type": "Construct New",
        "description": null,
        "address": "70 Isabel ST Unit 3",
        "applied_date": "2013-03-20T00:00:00.000",
        "issued_date": "2013-08-29T00:00:00.000",
        "completed_date": null,
        "period_date": "2013-08-29T00:00:00.000",
        "longitude": -97.15117638782489,
        "latitude": 49.90022078376378,
        "units_created": 8.0,
        "units_lost": 0.0,
        "net_units": 8.0,
        "is_residential": true,
        "is_active": true,
        "in_period": false,
        "requested_geography": "downtown",
        "in_requested_geography": true,
        "spatial_qa": "point_in_polygon_tested",
        "metric_roles": "active_inventory|period_flow",
        "source_page": "https://data.winnipeg.ca/d/it4w-cpf4",
        "retrieved_at_utc": "2026-07-17T18:30:45.175912+00:00",
        "metric_membership": "active"
      }
    },
    {
      "type": "Feature",
      "id": "detailed_building_permits:13-112669 HO",
      "geometry": {
        "type": "Point",
        "coordinates": [
          -97.15124736360353,
          49.90023959744334
        ]
      },
      "properties": {
        "city": "Winnipeg",
        "dtuid": "602110401",
        "feed": "detailed_building_permits",
        "source_record_id": "13-112669 HO",
        "status": "Issued",
        "permit_type": "Housing",
        "permit_class": "Row Housing",
        "work_type": "Construct New",
        "description": null,
        "address": "70 Isabel ST Unit 6",
        "applied_date": "2013-03-20T00:00:00.000",
        "issued_date": "2013-08-29T00:00:00.000",
        "completed_date": null,
        "period_date": "2013-08-29T00:00:00.000",
        "longitude": -97.15124736360353,
        "latitude": 49.90023959744334,
        "units_created": 8.0,
        "units_lost": 0.0,
        "net_units": 8.0,
        "is_residential": true,
        "is_active": true,
        "in_period": false,
        "requested_geography": "downtown",
        "in_requested_geography": true,
        "spatial_qa": "point_in_polygon_tested",
        "metric_roles": "active_inventory|period_flow",
        "source_page": "https://data.winnipeg.ca/d/it4w-cpf4",
        "retrieved_at_utc": "2026-07-17T18:30:45.175912+00:00",
        "metric_membership": "active"
      }
    },
    {
      "type": "Feature",
      "id": "detailed_building_permits:13-118943 HO",
      "geometry": {
        "type": "Point",
        "coordinates": [
          -97.14231674317591,
          49.87955901681644
        ]
      },
      "properties": {
        "city": "Winnipeg",
        "dtuid": "602110401",
        "feed": "detailed_building_permits",
        "source_record_id": "13-118943 HO",
        "status": "Issued",
        "permit_type": "Housing",
        "permit_class": "SFD",
        "work_type": "Interior and Exterior Alterations",
        "description": null,
        "address": "116 Bryce ST",
        "applied_date": "2013-04-10T00:00:00.000",
        "issued_date": "2022-01-27T00:00:00.000",
        "completed_date": null,
        "period_date": "2022-01-27T00:00:00.000",
        "longitude": -97.14231674317591,
        "latitude": 49.87955901681644,
        "units_created": 0.0,
        "units_lost": 0.0,
        "net_units": 0.0,
        "is_residential": true,
        "is_active": true,
        "in_period": false,
        "requested_geography": "downtown",
        "in_requested_geography": true,
        "spatial_qa": "point_in_polygon_tested",
        "metric_roles": "active_inventory|period_flow",
        "source_page": "https://data.winnipeg.ca/d/it4w-cpf4",
        "retrieved_at_utc": "2026-07-17T18:30:45.175912+00:00",
        "metric_membership": "active"
      }
    },
    {
      "type": "Feature",
      "id": "detailed_building_permits:13-131028 AS",
      "geometry": {
        "type": "Point",
        "coordinates": [
          -97.15915456030983,
          49.8921356584331
        ]
      },
      "properties": {
        "city": "Winnipeg",
        "dtuid": "602110401",
        "feed": "detailed_building_permits",
        "source_record_id": "13-131028 AS",
        "status": "Issued",
        "permit_type": "Accessory Structures",
        "permit_class": "Detached Garage",
        "work_type": "Demolition / Construct",
        "description": null,
        "address": "448 Sherbrook ST",
        "applied_date": "2013-05-17T00:00:00.000",
        "issued_date": "2013-07-23T00:00:00.000",
        "completed_date": null,
        "period_date": "2013-07-23T00:00:00.000",
        "longitude": -97.15915456030983,
        "latitude": 49.8921356584331,
        "units_created": 0.0,
        "units_lost": 0.0,
        "net_units": 0.0,
        "is_residential": true,
        "is_active": true,
        "in_period": false,
        "requested_geography": "downtown",
        "in_requested_geography": true,
        "spatial_qa": "point_in_polygon_tested",
        "metric_roles": "active_inventory|period_flow",
        "source_page": "https://data.winnipeg.ca/d/it4w-cpf4",
        "retrieved_at_utc": "2026-07-17T18:30:45.175912+00:00",
        "metric_membership": "active"
      }
    },
    {
      "type": "Feature",
      "id": "detailed_building_permits:13-148575 MU",
      "geometry": {
        "type": "Point",
        "coordinates": [
          -97.14840767185905,
          49.897774755953186
        ]
      },
      "properties": {
        "city": "Winnipeg",
        "dtuid": "602110401",
        "feed": "detailed_building_permits",
        "source_record_id": "13-148575 MU",
        "status": "Issued",
        "permit_type": "Multi-Residential",
        "permit_class": "Apartments",
        "work_type": "Interior Alteration",
        "description": null,
        "address": "406 Notre Dame AVE",
        "applied_date": "2013-07-19T00:00:00.000",
        "issued_date": "2013-09-27T00:00:00.000",
        "completed_date": null,
        "period_date": "2013-09-27T00:00:00.000",
        "longitude": -97.14840767185905,
        "latitude": 49.897774755953186,
        "units_created": 0.0,
        "units_lost": 0.0,
        "net_units": 0.0,
        "is_residential": true,
        "is_active": true,
        "in_period": false,
        "requested_geography": "downtown",
        "in_requested_geography": true,
        "spatial_qa": "point_in_polygon_tested",
        "metric_roles": "active_inventory|period_flow",
        "source_page": "https://data.winnipeg.ca/d/it4w-cpf4",
        "retrieved_at_utc": "2026-07-17T18:30:45.175912+00:00",
        "metric_membership": "active"
      }
    },
    {
      "type": "Feature",
      "id": "detailed_building_permits:13-150504 MU",
      "geometry": {
        "type": "Point",
        "coordinates": [
          -97.13997035753933,
          49.88910819554528
        ]
      },
      "properties": {
        "city": "Winnipeg",
        "dtuid": "602110401",
        "feed": "detailed_building_permits",
        "source_record_id": "13-150504 MU",
        "status": "Issued",
        "permit_type": "Multi-Residential",
        "permit_class": "Apartments",
        "work_type": "Fire Repair",
        "description": null,
        "address": "134 Smith ST Unit 808",
        "applied_date": "2013-07-26T00:00:00.000",
        "issued_date": "2013-10-31T00:00:00.000",
        "completed_date": null,
        "period_date": "2013-10-31T00:00:00.000",
        "longitude": -97.13997035753933,
        "latitude": 49.88910819554528,
        "units_created": 0.0,
        "units_lost": 0.0,
        "net_units": 0.0,
        "is_residential": true,
        "is_active": true,
        "in_period": false,
        "requested_geography": "downtown",
        "in_requested_geography": true,
        "spatial_qa": "point_in_polygon_tested",
        "metric_roles": "active_inventory|period_flow",
        "source_page": "https://data.winnipeg.ca/d/it4w-cpf4",
        "retrieved_at_utc": "2026-07-17T18:30:45.175912+00:00",
        "metric_membership": "active"
      }
    },
    {
      "type": "Feature",
      "id": "detailed_building_permits:13-162342 MU",
      "geometry": {
        "type": "Point",
        "coordinates": [
          -97.14063560760327,
          49.87981667114422
        ]
      },
      "properties": {
        "city": "Winnipeg",
        "dtuid": "602110401",
        "feed": "detailed_building_permits",
        "source_record_id": "13-162342 MU",
        "status": "Issued",
        "permit_type": "Multi-Residential",
        "permit_class": "Apartments",
        "work_type": "Construct New",
        "description": null,
        "address": "125 Cauchon ST",
        "applied_date": "2013-09-19T00:00:00.000",
        "issued_date": "2014-08-15T00:00:00.000",
        "completed_date": null,
        "period_date": "2014-08-15T00:00:00.000",
        "longitude": -97.14063560760327,
        "latitude": 49.87981667114422,
        "units_created": 5.0,
        "units_lost": 0.0,
        "net_units": 5.0,
        "is_residential": true,
        "is_active": true,
        "in_period": false,
        "requested_geography": "downtown",
        "in_requested_geography": true,
        "spatial_qa": "point_in_polygon_tested",
        "metric_roles": "active_inventory|period_flow",
        "source_page": "https://data.winnipeg.ca/d/it4w-cpf4",
        "retrieved_at_utc": "2026-07-17T18:30:45.175912+00:00",
        "metric_membership": "active"
      }
    },
    {
      "type": "Feature",
      "id": "detailed_building_permits:13-167176 HO",
      "geometry": {
        "type": "Point",
        "coordinates": [
          -97.1495535213807,
          49.90247645927978
        ]
      },
      "properties": {
        "city": "Winnipeg",
        "dtuid": "602110401",
        "feed": "detailed_building_permits",
        "source_record_id": "13-167176 HO",
        "status": "Issued",
        "permit_type": "Housing",
        "permit_class": "Duplex / Side by Side",
        "work_type": "Non-Struct. Alter/Repair",
        "description": null,
        "address": "503 and 505 William AVE",
        "applied_date": "2013-10-10T00:00:00.000",
        "issued_date": "2013-10-10T00:00:00.000",
        "completed_date": null,
        "period_date": "2013-10-10T00:00:00.000",
        "longitude": -97.1495535213807,
        "latitude": 49.90247645927978,
        "units_created": 0.0,
        "units_lost": 0.0,
        "net_units": 0.0,
        "is_residential": true,
        "is_active": true,
        "in_period": false,
        "requested_geography": "downtown",
        "in_requested_geography": true,
        "spatial_qa": "point_in_polygon_tested",
        "metric_roles": "active_inventory|period_flow",
        "source_page": "https://data.winnipeg.ca/d/it4w-cpf4",
        "retrieved_at_utc": "2026-07-17T18:30:45.175912+00:00",
        "metric_membership": "active"
      }
    },
    {
      "type": "Feature",
      "id": "detailed_building_permits:14-154127 HO",
      "geometry": {
        "type": "Point",
        "coordinates": [
          -97.16002413136842,
          49.89111864926893
        ]
      },
      "properties": {
        "city": "Winnipeg",
        "dtuid": "602110401",
        "feed": "detailed_building_permits",
        "source_record_id": "14-154127 HO",
        "status": "Issued",
        "permit_type": "Housing",
        "permit_class": "Row Housing",
        "work_type": "Construct New",
        "description": null,
        "address": "403 Maryland ST Unit 1",
        "applied_date": "2014-09-08T00:00:00.000",
        "issued_date": "2014-12-11T00:00:00.000",
        "completed_date": null,
        "period_date": "2014-12-11T00:00:00.000",
        "longitude": -97.16002413136842,
        "latitude": 49.89111864926893,
        "units_created": 1.0,
        "units_lost": 0.0,
        "net_units": 1.0,
        "is_residential": true,
        "is_active": true,
        "in_period": false,
        "requested_geography": "downtown",
        "in_requested_geography": true,
        "spatial_qa": "point_in_polygon_tested",
        "metric_roles": "active_inventory|period_flow",
        "source_page": "https://data.winnipeg.ca/d/it4w-cpf4",
        "retrieved_at_utc": "2026-07-17T18:30:45.175912+00:00",
        "metric_membership": "active"
      }
    },
    {
      "type": "Feature",
      "id": "detailed_building_permits:14-154143 HO",
      "geometry": {
        "type": "Point",
        "coordinates": [
          -97.15990061910115,
          49.89111390917226
        ]
      },
      "properties": {
        "city": "Winnipeg",
        "dtuid": "602110401",
        "feed": "detailed_building_permits",
        "source_record_id": "14-154143 HO",
        "status": "Issued",
        "permit_type": "Housing",
        "permit_class": "Row Housing",
        "work_type": "Construct New",
        "description": null,
        "address": "403 Maryland ST Unit 2",
        "applied_date": "2014-09-08T00:00:00.000",
        "issued_date": "2014-12-11T00:00:00.000",
        "completed_date": null,
        "period_date": "2014-12-11T00:00:00.000",
        "longitude": -97.15990061910115,
        "latitude": 49.89111390917226,
        "units_created": 1.0,
        "units_lost": 0.0,
        "net_units": 1.0,
        "is_residential": true,
        "is_active": true,
        "in_period": false,
        "requested_geography": "downtown",
        "in_requested_geography": true,
        "spatial_qa": "point_in_polygon_tested",
        "metric_roles": "active_inventory|period_flow",
        "source_page": "https://data.winnipeg.ca/d/it4w-cpf4",
        "retrieved_at_utc": "2026-07-17T18:30:45.175912+00:00",
        "metric_membership": "active"
      }
    },
    {
      "type": "Feature",
      "id": "detailed_building_permits:14-154147 HO",
      "geometry": {
        "type": "Point",
        "coordinates": [
          -97.15999896671528,
          49.89110157277544
        ]
      },
      "properties": {
        "city": "Winnipeg",
        "dtuid": "602110401",
        "feed": "detailed_building_permits",
        "source_record_id": "14-154147 HO",
        "status": "Issued",
        "permit_type": "Housing",
        "permit_class": "Row Housing",
        "work_type": "Construct New",
        "description": null,
        "address": "403 Maryland ST Unit 3",
        "applied_date": "2014-09-08T00:00:00.000",
        "issued_date": "2014-12-11T00:00:00.000",
        "completed_date": null,
        "period_date": "2014-12-11T00:00:00.000",
        "longitude": -97.15999896671528,
        "latitude": 49.89110157277544,
        "units_created": 1.0,
        "units_lost": 0.0,
        "net_units": 1.0,
        "is_residential": true,
        "is_active": true,
        "in_period": false,
        "requested_geography": "downtown",
        "in_requested_geography": true,
        "spatial_qa": "point_in_polygon_tested",
        "metric_roles": "active_inventory|period_flow",
        "source_page": "https://data.winnipeg.ca/d/it4w-cpf4",
        "retrieved_at_utc": "2026-07-17T18:30:45.175912+00:00",
        "metric_membership": "active"
      }
    },
    {
      "type": "Feature",
      "id": "detailed_building_permits:14-154153 HO",
      "geometry": {
        "type": "Point",
        "coordinates": [
          -97.159884053998,
          49.89109696916389
        ]
      },
      "properties": {
        "city": "Winnipeg",
        "dtuid": "602110401",
        "feed": "detailed_building_permits",
        "source_record_id": "14-154153 HO",
        "status": "Issued",
        "permit_type": "Housing",
        "permit_class": "Row Housing",
        "work_type": "Construct New",
        "description": null,
        "address": "403 Maryland ST Unit 4",
        "applied_date": "2014-09-08T00:00:00.000",
        "issued_date": "2014-12-11T00:00:00.000",
        "completed_date": null,
        "period_date": "2014-12-11T00:00:00.000",
        "longitude": -97.159884053998,
        "latitude": 49.89109696916389,
        "units_created": 1.0,
        "units_lost": 0.0,
        "net_units": 1.0,
        "is_residential": true,
        "is_active": true,
        "in_period": false,
        "requested_geography": "downtown",
        "in_requested_geography": true,
        "spatial_qa": "point_in_polygon_tested",
        "metric_roles": "active_inventory|period_flow",
        "source_page": "https://data.winnipeg.ca/d/it4w-cpf4",
        "retrieved_at_utc": "2026-07-17T18:30:45.175912+00:00",
        "metric_membership": "active"
      }
    },
    {
      "type": "Feature",
      "id": "detailed_building_permits:14-158335 HO",
      "geometry": {
        "type": "Point",
        "coordinates": [
          -97.14931927332862,
          49.89945661947244
        ]
      },
      "properties": {
        "city": "Winnipeg",
        "dtuid": "602110401",
        "feed": "detailed_building_permits",
        "source_record_id": "14-158335 HO",
        "status": "Issued",
        "permit_type": "Housing",
        "permit_class": "SFD",
        "work_type": "Interior Alteration",
        "description": null,
        "address": "68 Gertie ST",
        "applied_date": "2014-09-24T00:00:00.000",
        "issued_date": "2014-11-03T00:00:00.000",
        "completed_date": null,
        "period_date": "2014-11-03T00:00:00.000",
        "longitude": -97.14931927332862,
        "latitude": 49.89945661947244,
        "units_created": 0.0,
        "units_lost": 0.0,
        "net_units": 0.0,
        "is_residential": true,
        "is_active": true,
        "in_period": false,
        "requested_geography": "downtown",
        "in_requested_geography": true,
        "spatial_qa": "point_in_polygon_tested",
        "metric_roles": "active_inventory|period_flow",
        "source_page": "https://data.winnipeg.ca/d/it4w-cpf4",
        "retrieved_at_utc": "2026-07-17T18:30:45.175912+00:00",
        "metric_membership": "active"
      }
    },
    {
      "type": "Feature",
      "id": "detailed_building_permits:14-162660 MU",
      "geometry": {
        "type": "Point",
        "coordinates": [
          -97.15972092325357,
          49.8887705065784
        ]
      },
      "properties": {
        "city": "Winnipeg",
        "dtuid": "602110401",
        "feed": "detailed_building_permits",
        "source_record_id": "14-162660 MU",
        "status": "Issued",
        "permit_type": "Multi-Residential",
        "permit_class": "Apartments",
        "work_type": "Interior and Exterior Alterations",
        "description": null,
        "address": "320 Sherbrook ST",
        "applied_date": "2014-10-16T00:00:00.000",
        "issued_date": "2014-12-19T00:00:00.000",
        "completed_date": null,
        "period_date": "2014-12-19T00:00:00.000",
        "longitude": -97.15972092325357,
        "latitude": 49.8887705065784,
        "units_created": 0.0,
        "units_lost": 0.0,
        "net_units": 0.0,
        "is_residential": true,
        "is_active": true,
        "in_period": false,
        "requested_geography": "downtown",
        "in_requested_geography": true,
        "spatial_qa": "point_in_polygon_tested",
        "metric_roles": "active_inventory|period_flow",
        "source_page": "https://data.winnipeg.ca/d/it4w-cpf4",
        "retrieved_at_utc": "2026-07-17T18:30:45.175912+00:00",
        "metric_membership": "active"
      }
    },
    {
      "type": "Feature",
      "id": "detailed_building_permits:14-171987 HO",
      "geometry": {
        "type": "Point",
        "coordinates": [
          -97.1598671977178,
          49.88315114159302
        ]
      },
      "properties": {
        "city": "Winnipeg",
        "dtuid": "602110401",
        "feed": "detailed_building_permits",
        "source_record_id": "14-171987 HO",
        "status": "Issued",
        "permit_type": "Housing",
        "permit_class": "Duplex / Side by Side",
        "work_type": "Change of Use",
        "description": null,
        "address": "146 Sherbrook ST",
        "applied_date": "2014-12-05T00:00:00.000",
        "issued_date": "2015-04-21T00:00:00.000",
        "completed_date": null,
        "period_date": "2015-04-21T00:00:00.000",
        "longitude": -97.1598671977178,
        "latitude": 49.88315114159302,
        "units_created": 0.0,
        "units_lost": 0.0,
        "net_units": 0.0,
        "is_residential": true,
        "is_active": true,
        "in_period": false,
        "requested_geography": "downtown",
        "in_requested_geography": true,
        "spatial_qa": "point_in_polygon_tested",
        "metric_roles": "active_inventory|period_flow",
        "source_page": "https://data.winnipeg.ca/d/it4w-cpf4",
        "retrieved_at_utc": "2026-07-17T18:30:45.175912+00:00",
        "metric_membership": "active"
      }
    },
    {
      "type": "Feature",
      "id": "detailed_building_permits:15-104029 HO",
      "geometry": {
        "type": "Point",
        "coordinates": [
          -97.16380255808807,
          49.89417020252416
        ]
      },
      "properties": {
        "city": "Winnipeg",
        "dtuid": "602110401",
        "feed": "detailed_building_permits",
        "source_record_id": "15-104029 HO",
        "status": "Issued",
        "permit_type": "Housing",
        "permit_class": "SFD",
        "work_type": "Foundation Repair",
        "description": null,
        "address": "491 Toronto ST",
        "applied_date": "2015-01-19T00:00:00.000",
        "issued_date": "2015-01-19T00:00:00.000",
        "completed_date": null,
        "period_date": "2015-01-19T00:00:00.000",
        "longitude": -97.16380255808807,
        "latitude": 49.89417020252416,
        "units_created": 0.0,
        "units_lost": 0.0,
        "net_units": 0.0,
        "is_residential": true,
        "is_active": true,
        "in_period": false,
        "requested_geography": "downtown",
        "in_requested_geography": true,
        "spatial_qa": "point_in_polygon_tested",
        "metric_roles": "active_inventory|period_flow",
        "source_page": "https://data.winnipeg.ca/d/it4w-cpf4",
        "retrieved_at_utc": "2026-07-17T18:30:45.175912+00:00",
        "metric_membership": "active"
      }
    },
    {
      "type": "Feature",
      "id": "detailed_building_permits:15-130550 MU",
      "geometry": {
        "type": "Point",
        "coordinates": [
          -97.14351497573067,
          49.88366014438232
        ]
      },
      "properties": {
        "city": "Winnipeg",
        "dtuid": "602110401",
        "feed": "detailed_building_permits",
        "source_record_id": "15-130550 MU",
        "status": "Issued",
        "permit_type": "Multi-Residential",
        "permit_class": "Apartments",
        "work_type": "Interior and Exterior Alterations",
        "description": null,
        "address": "15 Kennedy ST",
        "applied_date": "2015-05-28T00:00:00.000",
        "issued_date": "2015-07-16T00:00:00.000",
        "completed_date": null,
        "period_date": "2015-07-16T00:00:00.000",
        "longitude": -97.14351497573067,
        "latitude": 49.88366014438232,
        "units_created": 0.0,
        "units_lost": 0.0,
        "net_units": 0.0,
        "is_residential": true,
        "is_active": true,
        "in_period": false,
        "requested_geography": "downtown",
        "in_requested_geography": true,
        "spatial_qa": "point_in_polygon_tested",
        "metric_roles": "active_inventory|period_flow",
        "source_page": "https://data.winnipeg.ca/d/it4w-cpf4",
        "retrieved_at_utc": "2026-07-17T18:30:45.175912+00:00",
        "metric_membership": "active"
      }
    },
    {
      "type": "Feature",
      "id": "detailed_building_permits:15-135629 MU",
      "geometry": {
        "type": "Point",
        "coordinates": [
          -97.14220623460847,
          49.87839467440622
        ]
      },
      "properties": {
        "city": "Winnipeg",
        "dtuid": "602110401",
        "feed": "detailed_building_permits",
        "source_record_id": "15-135629 MU",
        "status": "Issued",
        "permit_type": "Multi-Residential",
        "permit_class": "Apartments",
        "work_type": "Interior Alteration",
        "description": null,
        "address": "390 Stradbrook AVE Unit 1-6",
        "applied_date": "2015-06-16T00:00:00.000",
        "issued_date": "2015-07-15T00:00:00.000",
        "completed_date": null,
        "period_date": "2015-07-15T00:00:00.000",
        "longitude": -97.14220623460847,
        "latitude": 49.87839467440622,
        "units_created": 0.0,
        "units_lost": 0.0,
        "net_units": 0.0,
        "is_residential": true,
        "is_active": true,
        "in_period": false,
        "requested_geography": "downtown",
        "in_requested_geography": true,
        "spatial_qa": "point_in_polygon_tested",
        "metric_roles": "active_inventory|period_flow",
        "source_page": "https://data.winnipeg.ca/d/it4w-cpf4",
        "retrieved_at_utc": "2026-07-17T18:30:45.175912+00:00",
        "metric_membership": "active"
      }
    },
    {
      "type": "Feature",
      "id": "detailed_building_permits:15-142127 HO",
      "geometry": {
        "type": "Point",
        "coordinates": [
          -97.14244581804921,
          49.87971955193071
        ]
      },
      "properties": {
        "city": "Winnipeg",
        "dtuid": "602110401",
        "feed": "detailed_building_permits",
        "source_record_id": "15-142127 HO",
        "status": "Issued",
        "permit_type": "Housing",
        "permit_class": "SFD",
        "work_type": "Foundation Repair",
        "description": null,
        "address": "112 Bryce ST",
        "applied_date": "2015-07-14T00:00:00.000",
        "issued_date": "2016-03-23T00:00:00.000",
        "completed_date": null,
        "period_date": "2016-03-23T00:00:00.000",
        "longitude": -97.14244581804921,
        "latitude": 49.87971955193071,
        "units_created": 0.0,
        "units_lost": 0.0,
        "net_units": 0.0,
        "is_residential": true,
        "is_active": true,
        "in_period": false,
        "requested_geography": "downtown",
        "in_requested_geography": true,
        "spatial_qa": "point_in_polygon_tested",
        "metric_roles": "active_inventory|period_flow",
        "source_page": "https://data.winnipeg.ca/d/it4w-cpf4",
        "retrieved_at_utc": "2026-07-17T18:30:45.175912+00:00",
        "metric_membership": "active"
      }
    },
    {
      "type": "Feature",
      "id": "detailed_building_permits:15-142692 HO",
      "geometry": {
        "type": "Point",
        "coordinates": [
          -97.15694114530842,
          49.883505418831426
        ]
      },
      "properties": {
        "city": "Winnipeg",
        "dtuid": "602110401",
        "feed": "detailed_building_permits",
        "source_record_id": "15-142692 HO",
        "status": "Issued",
        "permit_type": "Housing",
        "permit_class": "Row Housing",
        "work_type": "Fire Repair",
        "description": null,
        "address": "162 Langside ST",
        "applied_date": "2015-07-15T00:00:00.000",
        "issued_date": "2015-08-25T00:00:00.000",
        "completed_date": null,
        "period_date": "2015-08-25T00:00:00.000",
        "longitude": -97.15694114530842,
        "latitude": 49.883505418831426,
        "units_created": 0.0,
        "units_lost": 0.0,
        "net_units": 0.0,
        "is_residential": true,
        "is_active": true,
        "in_period": false,
        "requested_geography": "downtown",
        "in_requested_geography": true,
        "spatial_qa": "point_in_polygon_tested",
        "metric_roles": "active_inventory|period_flow",
        "source_page": "https://data.winnipeg.ca/d/it4w-cpf4",
        "retrieved_at_utc": "2026-07-17T18:30:45.175912+00:00",
        "metric_membership": "active"
      }
    },
    {
      "type": "Feature",
      "id": "detailed_building_permits:15-144602 MU",
      "geometry": {
        "type": "Point",
        "coordinates": [
          -97.150428034744,
          49.89335874390095
        ]
      },
      "properties": {
        "city": "Winnipeg",
        "dtuid": "602110401",
        "feed": "detailed_building_permits",
        "source_record_id": "15-144602 MU",
        "status": "Issued",
        "permit_type": "Multi-Residential",
        "permit_class": "Residential Multi-Use",
        "work_type": "Structural Alteration",
        "description": null,
        "address": "333 Vaughan ST",
        "applied_date": "2015-07-22T00:00:00.000",
        "issued_date": "2015-08-13T00:00:00.000",
        "completed_date": null,
        "period_date": "2015-08-13T00:00:00.000",
        "longitude": -97.150428034744,
        "latitude": 49.89335874390095,
        "units_created": 0.0,
        "units_lost": 0.0,
        "net_units": 0.0,
        "is_residential": true,
        "is_active": true,
        "in_period": false,
        "requested_geography": "downtown",
        "in_requested_geography": true,
        "spatial_qa": "point_in_polygon_tested",
        "metric_roles": "active_inventory|period_flow",
        "source_page": "https://data.winnipeg.ca/d/it4w-cpf4",
        "retrieved_at_utc": "2026-07-17T18:30:45.175912+00:00",
        "metric_membership": "active"
      }
    },
    {
      "type": "Feature",
      "id": "detailed_building_permits:15-156945 MU",
      "geometry": {
        "type": "Point",
        "coordinates": [
          -97.14151796615586,
          49.88023424070241
        ]
      },
      "properties": {
        "city": "Winnipeg",
        "dtuid": "602110401",
        "feed": "detailed_building_permits",
        "source_record_id": "15-156945 MU",
        "status": "Issued",
        "permit_type": "Multi-Residential",
        "permit_class": "Rooming Houses",
        "work_type": "Interior and Exterior Alterations",
        "description": null,
        "address": "104 Scott ST",
        "applied_date": "2015-09-14T00:00:00.000",
        "issued_date": "2016-06-02T00:00:00.000",
        "completed_date": null,
        "period_date": "2016-06-02T00:00:00.000",
        "longitude": -97.14151796615586,
        "latitude": 49.88023424070241,
        "units_created": 0.0,
        "units_lost": 0.0,
        "net_units": 0.0,
        "is_residential": true,
        "is_active": true,
        "in_period": false,
        "requested_geography": "downtown",
        "in_requested_geography": true,
        "spatial_qa": "point_in_polygon_tested",
        "metric_roles": "active_inventory|period_flow",
        "source_page": "https://data.winnipeg.ca/d/it4w-cpf4",
        "retrieved_at_utc": "2026-07-17T18:30:45.175912+00:00",
        "metric_membership": "active"
      }
    },
    {
      "type": "Feature",
      "id": "detailed_building_permits:15-165632 HO",
      "geometry": {
        "type": "Point",
        "coordinates": [
          -97.13501912164037,
          49.88467025806088
        ]
      },
      "properties": {
        "city": "Winnipeg",
        "dtuid": "602110401",
        "feed": "detailed_building_permits",
        "source_record_id": "15-165632 HO",
        "status": "Issued",
        "permit_type": "Housing",
        "permit_class": "Row Housing",
        "work_type": "Change of Use",
        "description": null,
        "address": "137 Mayfair AVE",
        "applied_date": "2015-10-21T00:00:00.000",
        "issued_date": "2016-07-13T00:00:00.000",
        "completed_date": null,
        "period_date": "2016-07-13T00:00:00.000",
        "longitude": -97.13501912164037,
        "latitude": 49.88467025806088,
        "units_created": 0.0,
        "units_lost": 0.0,
        "net_units": 0.0,
        "is_residential": true,
        "is_active": true,
        "in_period": false,
        "requested_geography": "downtown",
        "in_requested_geography": true,
        "spatial_qa": "point_in_polygon_tested",
        "metric_roles": "active_inventory|period_flow",
        "source_page": "https://data.winnipeg.ca/d/it4w-cpf4",
        "retrieved_at_utc": "2026-07-17T18:30:45.175912+00:00",
        "metric_membership": "active"
      }
    },
    {
      "type": "Feature",
      "id": "detailed_building_permits:15-171078 MU",
      "geometry": {
        "type": "Point",
        "coordinates": [
          -97.15466158643368,
          49.88478256924638
        ]
      },
      "properties": {
        "city": "Winnipeg",
        "dtuid": "602110401",
        "feed": "detailed_building_permits",
        "source_record_id": "15-171078 MU",
        "status": "Issued",
        "permit_type": "Multi-Residential",
        "permit_class": "Apartments",
        "work_type": "Alter Exterior",
        "description": null,
        "address": "142 Spence ST",
        "applied_date": "2015-11-18T00:00:00.000",
        "issued_date": "2015-12-11T00:00:00.000",
        "completed_date": null,
        "period_date": "2015-12-11T00:00:00.000",
        "longitude": -97.15466158643368,
        "latitude": 49.88478256924638,
        "units_created": 0.0,
        "units_lost": 0.0,
        "net_units": 0.0,
        "is_residential": true,
        "is_active": true,
        "in_period": false,
        "requested_geography": "downtown",
        "in_requested_geography": true,
        "spatial_qa": "point_in_polygon_tested",
        "metric_roles": "active_inventory|period_flow",
        "source_page": "https://data.winnipeg.ca/d/it4w-cpf4",
        "retrieved_at_utc": "2026-07-17T18:30:45.175912+00:00",
        "metric_membership": "active"
      }
    },
    {
      "type": "Feature",
      "id": "detailed_building_permits:16-103771 HO",
      "geometry": {
        "type": "Point",
        "coordinates": [
          -97.15570745685392,
          49.893500163504186
        ]
      },
      "properties": {
        "city": "Winnipeg",
        "dtuid": "602110401",
        "feed": "detailed_building_permits",
        "source_record_id": "16-103771 HO",
        "status": "Issued",
        "permit_type": "Housing",
        "permit_class": "SFD",
        "work_type": "Construct Addition",
        "description": null,
        "address": "489 Langside ST",
        "applied_date": "2016-01-15T00:00:00.000",
        "issued_date": "2016-12-09T00:00:00.000",
        "completed_date": null,
        "period_date": "2016-12-09T00:00:00.000",
        "longitude": -97.15570745685392,
        "latitude": 49.893500163504186,
        "units_created": 0.0,
        "units_lost": 0.0,
        "net_units": 0.0,
        "is_residential": true,
        "is_active": true,
        "in_period": false,
        "requested_geography": "downtown",
        "in_requested_geography": true,
        "spatial_qa": "point_in_polygon_tested",
        "metric_roles": "active_inventory|period_flow",
        "source_page": "https://data.winnipeg.ca/d/it4w-cpf4",
        "retrieved_at_utc": "2026-07-17T18:30:45.175912+00:00",
        "metric_membership": "active"
      }
    },
    {
      "type": "Feature",
      "id": "detailed_building_permits:16-112999 MU",
      "geometry": {
        "type": "Point",
        "coordinates": [
          -97.13628220062874,
          49.886528767511656
        ]
      },
      "properties": {
        "city": "Winnipeg",
        "dtuid": "602110401",
        "feed": "detailed_building_permits",
        "source_record_id": "16-112999 MU",
        "status": "Issued",
        "permit_type": "Multi-Residential",
        "permit_class": "Apartments",
        "work_type": "Structural Alteration",
        "description": null,
        "address": "55 Garry ST",
        "applied_date": "2016-03-11T00:00:00.000",
        "issued_date": "2016-04-07T00:00:00.000",
        "completed_date": null,
        "period_date": "2016-04-07T00:00:00.000",
        "longitude": -97.13628220062874,
        "latitude": 49.886528767511656,
        "units_created": 0.0,
        "units_lost": 0.0,
        "net_units": 0.0,
        "is_residential": true,
        "is_active": true,
        "in_period": false,
        "requested_geography": "downtown",
        "in_requested_geography": true,
        "spatial_qa": "point_in_polygon_tested",
        "metric_roles": "active_inventory|period_flow",
        "source_page": "https://data.winnipeg.ca/d/it4w-cpf4",
        "retrieved_at_utc": "2026-07-17T18:30:45.175912+00:00",
        "metric_membership": "active"
      }
    },
    {
      "type": "Feature",
      "id": "detailed_building_permits:16-113486 MU",
      "geometry": {
        "type": "Point",
        "coordinates": [
          -97.14203327821875,
          49.884769049066776
        ]
      },
      "properties": {
        "city": "Winnipeg",
        "dtuid": "602110401",
        "feed": "detailed_building_permits",
        "source_record_id": "16-113486 MU",
        "status": "Issued",
        "permit_type": "Multi-Residential",
        "permit_class": "Apartments",
        "work_type": "Interior and Exterior Alterations",
        "description": null,
        "address": "24 Carlton ST",
        "applied_date": "2016-03-15T00:00:00.000",
        "issued_date": "2016-04-22T00:00:00.000",
        "completed_date": null,
        "period_date": "2016-04-22T00:00:00.000",
        "longitude": -97.14203327821875,
        "latitude": 49.884769049066776,
        "units_created": 0.0,
        "units_lost": 0.0,
        "net_units": 0.0,
        "is_residential": true,
        "is_active": true,
        "in_period": false,
        "requested_geography": "downtown",
        "in_requested_geography": true,
        "spatial_qa": "point_in_polygon_tested",
        "metric_roles": "active_inventory|period_flow",
        "source_page": "https://data.winnipeg.ca/d/it4w-cpf4",
        "retrieved_at_utc": "2026-07-17T18:30:45.175912+00:00",
        "metric_membership": "active"
      }
    },
    {
      "type": "Feature",
      "id": "detailed_building_permits:16-122515 HO",
      "geometry": {
        "type": "Point",
        "coordinates": [
          -97.15435297200749,
          49.89733054658328
        ]
      },
      "properties": {
        "city": "Winnipeg",
        "dtuid": "602110401",
        "feed": "detailed_building_permits",
        "source_record_id": "16-122515 HO",
        "status": "Issued",
        "permit_type": "Housing",
        "permit_class": "SFD",
        "work_type": "Develop Lower Level",
        "description": null,
        "address": "575 Young ST",
        "applied_date": "2016-04-29T00:00:00.000",
        "issued_date": "2016-04-29T00:00:00.000",
        "completed_date": null,
        "period_date": "2016-04-29T00:00:00.000",
        "longitude": -97.15435297200749,
        "latitude": 49.89733054658328,
        "units_created": 0.0,
        "units_lost": 0.0,
        "net_units": 0.0,
        "is_residential": true,
        "is_active": true,
        "in_period": false,
        "requested_geography": "downtown",
        "in_requested_geography": true,
        "spatial_qa": "point_in_polygon_tested",
        "metric_roles": "active_inventory|period_flow",
        "source_page": "https://data.winnipeg.ca/d/it4w-cpf4",
        "retrieved_at_utc": "2026-07-17T18:30:45.175912+00:00",
        "metric_membership": "active"
      }
    },
    {
      "type": "Feature",
      "id": "detailed_building_permits:16-124995 HO",
      "geometry": {
        "type": "Point",
        "coordinates": [
          -97.16053388571497,
          49.90043421861201
        ]
      },
      "properties": {
        "city": "Winnipeg",
        "dtuid": "602110401",
        "feed": "detailed_building_permits",
        "source_record_id": "16-124995 HO",
        "status": "Issued",
        "permit_type": "Housing",
        "permit_class": "Duplex / Side by Side",
        "work_type": "Foundation Repair",
        "description": null,
        "address": "737 McGee ST",
        "applied_date": "2016-05-11T00:00:00.000",
        "issued_date": "2017-05-11T00:00:00.000",
        "completed_date": null,
        "period_date": "2017-05-11T00:00:00.000",
        "longitude": -97.16053388571497,
        "latitude": 49.90043421861201,
        "units_created": 0.0,
        "units_lost": 0.0,
        "net_units": 0.0,
        "is_residential": true,
        "is_active": true,
        "in_period": false,
        "requested_geography": "downtown",
        "in_requested_geography": true,
        "spatial_qa": "point_in_polygon_tested",
        "metric_roles": "active_inventory|period_flow",
        "source_page": "https://data.winnipeg.ca/d/it4w-cpf4",
        "retrieved_at_utc": "2026-07-17T18:30:45.175912+00:00",
        "metric_membership": "active"
      }
    },
    {
      "type": "Feature",
      "id": "detailed_building_permits:16-141361 MU",
      "geometry": {
        "type": "Point",
        "coordinates": [
          -97.15354231130874,
          49.87966588341927
        ]
      },
      "properties": {
        "city": "Winnipeg",
        "dtuid": "602110401",
        "feed": "detailed_building_permits",
        "source_record_id": "16-141361 MU",
        "status": "Issued",
        "permit_type": "Multi-Residential",
        "permit_class": "Apartments",
        "work_type": "Interior Alteration",
        "description": null,
        "address": "300 Roslyn RD Unit 12M",
        "applied_date": "2016-07-06T00:00:00.000",
        "issued_date": "2016-07-18T00:00:00.000",
        "completed_date": null,
        "period_date": "2016-07-18T00:00:00.000",
        "longitude": -97.15354231130874,
        "latitude": 49.87966588341927,
        "units_created": 0.0,
        "units_lost": 0.0,
        "net_units": 0.0,
        "is_residential": true,
        "is_active": true,
        "in_period": false,
        "requested_geography": "downtown",
        "in_requested_geography": true,
        "spatial_qa": "point_in_polygon_tested",
        "metric_roles": "active_inventory|period_flow",
        "source_page": "https://data.winnipeg.ca/d/it4w-cpf4",
        "retrieved_at_utc": "2026-07-17T18:30:45.175912+00:00",
        "metric_membership": "active"
      }
    },
    {
      "type": "Feature",
      "id": "detailed_building_permits:16-145180 MU",
      "geometry": {
        "type": "Point",
        "coordinates": [
          -97.13367918265804,
          49.896499870423135
        ]
      },
      "properties": {
        "city": "Winnipeg",
        "dtuid": "602110401",
        "feed": "detailed_building_permits",
        "source_record_id": "16-145180 MU",
        "status": "Issued",
        "permit_type": "Multi-Residential",
        "permit_class": "Apartments",
        "work_type": "Interior and Exterior Alterations",
        "description": null,
        "address": "228 Waterfront DR Unit E",
        "applied_date": "2016-07-20T00:00:00.000",
        "issued_date": "2016-09-08T00:00:00.000",
        "completed_date": null,
        "period_date": "2016-09-08T00:00:00.000",
        "longitude": -97.13367918265804,
        "latitude": 49.896499870423135,
        "units_created": 0.0,
        "units_lost": 0.0,
        "net_units": 0.0,
        "is_residential": true,
        "is_active": true,
        "in_period": false,
        "requested_geography": "downtown",
        "in_requested_geography": true,
        "spatial_qa": "point_in_polygon_tested",
        "metric_roles": "active_inventory|period_flow",
        "source_page": "https://data.winnipeg.ca/d/it4w-cpf4",
        "retrieved_at_utc": "2026-07-17T18:30:45.175912+00:00",
        "metric_membership": "active"
      }
    },
    {
      "type": "Feature",
      "id": "detailed_building_permits:16-162928 MU",
      "geometry": {
        "type": "Point",
        "coordinates": [
          -97.1571786397894,
          49.87958132553667
        ]
      },
      "properties": {
        "city": "Winnipeg",
        "dtuid": "602110401",
        "feed": "detailed_building_permits",
        "source_record_id": "16-162928 MU",
        "status": "Issued",
        "permit_type": "Multi-Residential",
        "permit_class": "Rooming Houses",
        "work_type": "Alter Exterior",
        "description": null,
        "address": "26 Langside ST",
        "applied_date": "2016-09-28T00:00:00.000",
        "issued_date": "2016-11-09T00:00:00.000",
        "completed_date": null,
        "period_date": "2016-11-09T00:00:00.000",
        "longitude": -97.1571786397894,
        "latitude": 49.87958132553667,
        "units_created": 0.0,
        "units_lost": 0.0,
        "net_units": 0.0,
        "is_residential": true,
        "is_active": true,
        "in_period": false,
        "requested_geography": "downtown",
        "in_requested_geography": true,
        "spatial_qa": "point_in_polygon_tested",
        "metric_roles": "active_inventory|period_flow",
        "source_page": "https://data.winnipeg.ca/d/it4w-cpf4",
        "retrieved_at_utc": "2026-07-17T18:30:45.175912+00:00",
        "metric_membership": "active"
      }
    },
    {
      "type": "Feature",
      "id": "detailed_building_permits:17-108205 HO",
      "geometry": {
        "type": "Point",
        "coordinates": [
          -97.15871819726229,
          49.89940335744803
        ]
      },
      "properties": {
        "city": "Winnipeg",
        "dtuid": "602110401",
        "feed": "detailed_building_permits",
        "source_record_id": "17-108205 HO",
        "status": "Issued",
        "permit_type": "Housing",
        "permit_class": "SFD",
        "work_type": "Fire Repair",
        "description": null,
        "address": "700 Sherbrook ST",
        "applied_date": "2017-02-07T00:00:00.000",
        "issued_date": "2017-02-10T00:00:00.000",
        "completed_date": null,
        "period_date": "2017-02-10T00:00:00.000",
        "longitude": -97.15871819726229,
        "latitude": 49.89940335744803,
        "units_created": 0.0,
        "units_lost": 0.0,
        "net_units": 0.0,
        "is_residential": true,
        "is_active": true,
        "in_period": false,
        "requested_geography": "downtown",
        "in_requested_geography": true,
        "spatial_qa": "point_in_polygon_tested",
        "metric_roles": "active_inventory|period_flow",
        "source_page": "https://data.winnipeg.ca/d/it4w-cpf4",
        "retrieved_at_utc": "2026-07-17T18:30:45.175912+00:00",
        "metric_membership": "active"
      }
    },
    {
      "type": "Feature",
      "id": "detailed_building_permits:17-108339 MU",
      "geometry": {
        "type": "Point",
        "coordinates": [
          -97.15180828764248,
          49.878977232909016
        ]
      },
      "properties": {
        "city": "Winnipeg",
        "dtuid": "602110401",
        "feed": "detailed_building_permits",
        "source_record_id": "17-108339 MU",
        "status": "Issued",
        "permit_type": "Multi-Residential",
        "permit_class": "Apartments",
        "work_type": "Interior Alteration",
        "description": null,
        "address": "230 Roslyn RD Unit 1401",
        "applied_date": "2017-02-08T00:00:00.000",
        "issued_date": "2017-02-14T00:00:00.000",
        "completed_date": null,
        "period_date": "2017-02-14T00:00:00.000",
        "longitude": -97.15180828764248,
        "latitude": 49.878977232909016,
        "units_created": 0.0,
        "units_lost": 0.0,
        "net_units": 0.0,
        "is_residential": true,
        "is_active": true,
        "in_period": false,
        "requested_geography": "downtown",
        "in_requested_geography": true,
        "spatial_qa": "point_in_polygon_tested",
        "metric_roles": "active_inventory|period_flow",
        "source_page": "https://data.winnipeg.ca/d/it4w-cpf4",
        "retrieved_at_utc": "2026-07-17T18:30:45.175912+00:00",
        "metric_membership": "active"
      }
    },
    {
      "type": "Feature",
      "id": "detailed_building_permits:17-122867 MU",
      "geometry": {
        "type": "Point",
        "coordinates": [
          -97.15024304512771,
          49.88111003365233
        ]
      },
      "properties": {
        "city": "Winnipeg",
        "dtuid": "602110401",
        "feed": "detailed_building_permits",
        "source_record_id": "17-122867 MU",
        "status": "Issued",
        "permit_type": "Multi-Residential",
        "permit_class": "Apartments",
        "work_type": "Interior and Exterior Alterations",
        "description": null,
        "address": "1 Evergreen PL",
        "applied_date": "2017-04-13T00:00:00.000",
        "issued_date": "2017-09-28T00:00:00.000",
        "completed_date": null,
        "period_date": "2017-09-28T00:00:00.000",
        "longitude": -97.15024304512771,
        "latitude": 49.88111003365233,
        "units_created": 0.0,
        "units_lost": 0.0,
        "net_units": 0.0,
        "is_residential": true,
        "is_active": true,
        "in_period": false,
        "requested_geography": "downtown",
        "in_requested_geography": true,
        "spatial_qa": "point_in_polygon_tested",
        "metric_roles": "active_inventory|period_flow",
        "source_page": "https://data.winnipeg.ca/d/it4w-cpf4",
        "retrieved_at_utc": "2026-07-17T18:30:45.175912+00:00",
        "metric_membership": "active"
      }
    },
    {
      "type": "Feature",
      "id": "detailed_building_permits:17-126457 HO",
      "geometry": {
        "type": "Point",
        "coordinates": [
          -97.1427718897286,
          49.90342612150819
        ]
      },
      "properties": {
        "city": "Winnipeg",
        "dtuid": "602110401",
        "feed": "detailed_building_permits",
        "source_record_id": "17-126457 HO",
        "status": "Issued",
        "permit_type": "Housing",
        "permit_class": "Row Housing",
        "work_type": "Change of Use",
        "description": null,
        "address": "378 Alexander AVE",
        "applied_date": "2017-04-28T00:00:00.000",
        "issued_date": "2017-11-24T00:00:00.000",
        "completed_date": null,
        "period_date": "2017-11-24T00:00:00.000",
        "longitude": -97.1427718897286,
        "latitude": 49.90342612150819,
        "units_created": 1.0,
        "units_lost": 0.0,
        "net_units": 1.0,
        "is_residential": true,
        "is_active": true,
        "in_period": false,
        "requested_geography": "downtown",
        "in_requested_geography": true,
        "spatial_qa": "point_in_polygon_tested",
        "metric_roles": "active_inventory|period_flow",
        "source_page": "https://data.winnipeg.ca/d/it4w-cpf4",
        "retrieved_at_utc": "2026-07-17T18:30:45.175912+00:00",
        "metric_membership": "active"
      }
    },
    {
      "type": "Feature",
      "id": "detailed_building_permits:17-134733 MU",
      "geometry": {
        "type": "Point",
        "coordinates": [
          -97.15412060452559,
          49.89420550807778
        ]
      },
      "properties": {
        "city": "Winnipeg",
        "dtuid": "602110401",
        "feed": "detailed_building_permits",
        "source_record_id": "17-134733 MU",
        "status": "Issued",
        "permit_type": "Multi-Residential",
        "permit_class": "Rooming Houses",
        "work_type": "Interior Alteration",
        "description": null,
        "address": "470 Spence ST",
        "applied_date": "2017-05-31T00:00:00.000",
        "issued_date": "2017-08-11T00:00:00.000",
        "completed_date": null,
        "period_date": "2017-08-11T00:00:00.000",
        "longitude": -97.15412060452559,
        "latitude": 49.89420550807778,
        "units_created": 0.0,
        "units_lost": 0.0,
        "net_units": 0.0,
        "is_residential": true,
        "is_active": true,
        "in_period": false,
        "requested_geography": "downtown",
        "in_requested_geography": true,
        "spatial_qa": "point_in_polygon_tested",
        "metric_roles": "active_inventory|period_flow",
        "source_page": "https://data.winnipeg.ca/d/it4w-cpf4",
        "retrieved_at_utc": "2026-07-17T18:30:45.175912+00:00",
        "metric_membership": "active"
      }
    },
    {
      "type": "Feature",
      "id": "detailed_building_permits:17-141324 MU",
      "geometry": {
        "type": "Point",
        "coordinates": [
          -97.15255547632464,
          49.88269266206794
        ]
      },
      "properties": {
        "city": "Winnipeg",
        "dtuid": "602110401",
        "feed": "detailed_building_permits",
        "source_record_id": "17-141324 MU",
        "status": "Issued",
        "permit_type": "Multi-Residential",
        "permit_class": "Apartments",
        "work_type": "Interior and Exterior Alterations",
        "description": null,
        "address": "41 Balmoral ST",
        "applied_date": "2017-06-23T00:00:00.000",
        "issued_date": "2017-08-23T00:00:00.000",
        "completed_date": null,
        "period_date": "2017-08-23T00:00:00.000",
        "longitude": -97.15255547632464,
        "latitude": 49.88269266206794,
        "units_created": 0.0,
        "units_lost": 0.0,
        "net_units": 0.0,
        "is_residential": true,
        "is_active": true,
        "in_period": false,
        "requested_geography": "downtown",
        "in_requested_geography": true,
        "spatial_qa": "point_in_polygon_tested",
        "metric_roles": "active_inventory|period_flow",
        "source_page": "https://data.winnipeg.ca/d/it4w-cpf4",
        "retrieved_at_utc": "2026-07-17T18:30:45.175912+00:00",
        "metric_membership": "active"
      }
    },
    {
      "type": "Feature",
      "id": "detailed_building_permits:17-153550 MU",
      "geometry": {
        "type": "Point",
        "coordinates": [
          -97.14326188150277,
          49.885870426877524
        ]
      },
      "properties": {
        "city": "Winnipeg",
        "dtuid": "602110401",
        "feed": "detailed_building_permits",
        "source_record_id": "17-153550 MU",
        "status": "Issued",
        "permit_type": "Multi-Residential",
        "permit_class": "Apartments",
        "work_type": "Structural Alteration",
        "description": null,
        "address": "77 Edmonton ST",
        "applied_date": "2017-08-10T00:00:00.000",
        "issued_date": "2017-10-04T00:00:00.000",
        "completed_date": null,
        "period_date": "2017-10-04T00:00:00.000",
        "longitude": -97.14326188150277,
        "latitude": 49.885870426877524,
        "units_created": 0.0,
        "units_lost": 0.0,
        "net_units": 0.0,
        "is_residential": true,
        "is_active": true,
        "in_period": false,
        "requested_geography": "downtown",
        "in_requested_geography": true,
        "spatial_qa": "point_in_polygon_tested",
        "metric_roles": "active_inventory|period_flow",
        "source_page": "https://data.winnipeg.ca/d/it4w-cpf4",
        "retrieved_at_utc": "2026-07-17T18:30:45.175912+00:00",
        "metric_membership": "active"
      }
    },
    {
      "type": "Feature",
      "id": "detailed_building_permits:17-171517 MU",
      "geometry": {
        "type": "Point",
        "coordinates": [
          -97.1435872876999,
          49.88492524477014
        ]
      },
      "properties": {
        "city": "Winnipeg",
        "dtuid": "602110401",
        "feed": "detailed_building_permits",
        "source_record_id": "17-171517 MU",
        "status": "Issued",
        "permit_type": "Multi-Residential",
        "permit_class": "Apartments",
        "work_type": "Alter Exterior",
        "description": null,
        "address": "52 Edmonton ST",
        "applied_date": "2017-10-26T00:00:00.000",
        "issued_date": "2017-12-20T00:00:00.000",
        "completed_date": null,
        "period_date": "2017-12-20T00:00:00.000",
        "longitude": -97.1435872876999,
        "latitude": 49.88492524477014,
        "units_created": 0.0,
        "units_lost": 0.0,
        "net_units": 0.0,
        "is_residential": true,
        "is_active": true,
        "in_period": false,
        "requested_geography": "downtown",
        "in_requested_geography": true,
        "spatial_qa": "point_in_polygon_tested",
        "metric_roles": "active_inventory|period_flow",
        "source_page": "https://data.winnipeg.ca/d/it4w-cpf4",
        "retrieved_at_utc": "2026-07-17T18:30:45.175912+00:00",
        "metric_membership": "active"
      }
    },
    {
      "type": "Feature",
      "id": "detailed_building_permits:18-113594 HO",
      "geometry": {
        "type": "Point",
        "coordinates": [
          -97.1643375546446,
          49.8882636309777
        ]
      },
      "properties": {
        "city": "Winnipeg",
        "dtuid": "602110401",
        "feed": "detailed_building_permits",
        "source_record_id": "18-113594 HO",
        "status": "Issued",
        "permit_type": "Housing",
        "permit_class": "Row Housing",
        "work_type": "Construct New",
        "description": null,
        "address": "279 Toronto ST ( Units 1- 3)",
        "applied_date": "2018-03-07T00:00:00.000",
        "issued_date": "2018-04-30T00:00:00.000",
        "completed_date": null,
        "period_date": "2018-04-30T00:00:00.000",
        "longitude": -97.1643375546446,
        "latitude": 49.8882636309777,
        "units_created": 3.0,
        "units_lost": 0.0,
        "net_units": 3.0,
        "is_residential": true,
        "is_active": true,
        "in_period": false,
        "requested_geography": "downtown",
        "in_requested_geography": true,
        "spatial_qa": "point_in_polygon_tested",
        "metric_roles": "active_inventory|period_flow",
        "source_page": "https://data.winnipeg.ca/d/it4w-cpf4",
        "retrieved_at_utc": "2026-07-17T18:30:45.175912+00:00",
        "metric_membership": "active"
      }
    },
    {
      "type": "Feature",
      "id": "detailed_building_permits:18-114801 MU",
      "geometry": {
        "type": "Point",
        "coordinates": [
          -97.14526326614444,
          49.90232151316158
        ]
      },
      "properties": {
        "city": "Winnipeg",
        "dtuid": "602110401",
        "feed": "detailed_building_permits",
        "source_record_id": "18-114801 MU",
        "status": "Issued",
        "permit_type": "Multi-Residential",
        "permit_class": "Apartments",
        "work_type": "Interior and Exterior Alterations",
        "description": null,
        "address": "425 Elgin AVE",
        "applied_date": "2018-03-14T00:00:00.000",
        "issued_date": "2018-04-09T00:00:00.000",
        "completed_date": null,
        "period_date": "2018-04-09T00:00:00.000",
        "longitude": -97.14526326614444,
        "latitude": 49.90232151316158,
        "units_created": 0.0,
        "units_lost": 0.0,
        "net_units": 0.0,
        "is_residential": true,
        "is_active": true,
        "in_period": false,
        "requested_geography": "downtown",
        "in_requested_geography": true,
        "spatial_qa": "point_in_polygon_tested",
        "metric_roles": "active_inventory|period_flow",
        "source_page": "https://data.winnipeg.ca/d/it4w-cpf4",
        "retrieved_at_utc": "2026-07-17T18:30:45.175912+00:00",
        "metric_membership": "active"
      }
    },
    {
      "type": "Feature",
      "id": "detailed_building_permits:18-120596 MU",
      "geometry": {
        "type": "Point",
        "coordinates": [
          -97.13442586939887,
          49.903254849742055
        ]
      },
      "properties": {
        "city": "Winnipeg",
        "dtuid": "602110401",
        "feed": "detailed_building_permits",
        "source_record_id": "18-120596 MU",
        "status": "Issued",
        "permit_type": "Multi-Residential",
        "permit_class": "Lodging House",
        "work_type": "Construct Addition",
        "description": null,
        "address": "180 Henry AVE",
        "applied_date": "2018-04-10T00:00:00.000",
        "issued_date": "2018-07-18T00:00:00.000",
        "completed_date": null,
        "period_date": "2018-07-18T00:00:00.000",
        "longitude": -97.13442586939887,
        "latitude": 49.903254849742055,
        "units_created": 0.0,
        "units_lost": 0.0,
        "net_units": 0.0,
        "is_residential": true,
        "is_active": true,
        "in_period": false,
        "requested_geography": "downtown",
        "in_requested_geography": true,
        "spatial_qa": "point_in_polygon_tested",
        "metric_roles": "active_inventory|period_flow",
        "source_page": "https://data.winnipeg.ca/d/it4w-cpf4",
        "retrieved_at_utc": "2026-07-17T18:30:45.175912+00:00",
        "metric_membership": "active"
      }
    },
    {
      "type": "Feature",
      "id": "detailed_building_permits:18-121672 HO",
      "geometry": {
        "type": "Point",
        "coordinates": [
          -97.1610632097718,
          49.88533827293909
        ]
      },
      "properties": {
        "city": "Winnipeg",
        "dtuid": "602110401",
        "feed": "detailed_building_permits",
        "source_record_id": "18-121672 HO",
        "status": "Issued",
        "permit_type": "Housing",
        "permit_class": "SFD",
        "work_type": "Alter Exterior",
        "description": null,
        "address": "214 Maryland ST",
        "applied_date": "2018-04-13T00:00:00.000",
        "issued_date": "2018-05-03T00:00:00.000",
        "completed_date": null,
        "period_date": "2018-05-03T00:00:00.000",
        "longitude": -97.1610632097718,
        "latitude": 49.88533827293909,
        "units_created": 0.0,
        "units_lost": 0.0,
        "net_units": 0.0,
        "is_residential": true,
        "is_active": true,
        "in_period": false,
        "requested_geography": "downtown",
        "in_requested_geography": true,
        "spatial_qa": "point_in_polygon_tested",
        "metric_roles": "active_inventory|period_flow",
        "source_page": "https://data.winnipeg.ca/d/it4w-cpf4",
        "retrieved_at_utc": "2026-07-17T18:30:45.175912+00:00",
        "metric_membership": "active"
      }
    },
    {
      "type": "Feature",
      "id": "detailed_building_permits:18-122824 MU",
      "geometry": {
        "type": "Point",
        "coordinates": [
          -97.1472605215827,
          49.89595388931693
        ]
      },
      "properties": {
        "city": "Winnipeg",
        "dtuid": "602110401",
        "feed": "detailed_building_permits",
        "source_record_id": "18-122824 MU",
        "status": "Issued",
        "permit_type": "Multi-Residential",
        "permit_class": "Apartments",
        "work_type": "Interior and Exterior Alterations",
        "description": null,
        "address": "385 Carlton ST",
        "applied_date": "2018-04-18T00:00:00.000",
        "issued_date": "2018-05-25T00:00:00.000",
        "completed_date": null,
        "period_date": "2018-05-25T00:00:00.000",
        "longitude": -97.1472605215827,
        "latitude": 49.89595388931693,
        "units_created": 0.0,
        "units_lost": 0.0,
        "net_units": 0.0,
        "is_residential": true,
        "is_active": true,
        "in_period": false,
        "requested_geography": "downtown",
        "in_requested_geography": true,
        "spatial_qa": "point_in_polygon_tested",
        "metric_roles": "active_inventory|period_flow",
        "source_page": "https://data.winnipeg.ca/d/it4w-cpf4",
        "retrieved_at_utc": "2026-07-17T18:30:45.175912+00:00",
        "metric_membership": "active"
      }
    },
    {
      "type": "Feature",
      "id": "detailed_building_permits:18-132140 MU",
      "geometry": {
        "type": "Point",
        "coordinates": [
          -97.14017526131748,
          49.89450985509431
        ]
      },
      "properties": {
        "city": "Winnipeg",
        "dtuid": "602110401",
        "feed": "detailed_building_permits",
        "source_record_id": "18-132140 MU",
        "status": "Issued",
        "permit_type": "Multi-Residential",
        "permit_class": "Apartments",
        "work_type": "Alter Exterior",
        "description": null,
        "address": "238 Portage AVE Units 6&7",
        "applied_date": "2018-05-22T00:00:00.000",
        "issued_date": "2018-08-31T00:00:00.000",
        "completed_date": null,
        "period_date": "2018-08-31T00:00:00.000",
        "longitude": -97.14017526131748,
        "latitude": 49.89450985509431,
        "units_created": 0.0,
        "units_lost": 0.0,
        "net_units": 0.0,
        "is_residential": true,
        "is_active": true,
        "in_period": false,
        "requested_geography": "downtown",
        "in_requested_geography": true,
        "spatial_qa": "point_in_polygon_tested",
        "metric_roles": "active_inventory|period_flow",
        "source_page": "https://data.winnipeg.ca/d/it4w-cpf4",
        "retrieved_at_utc": "2026-07-17T18:30:45.175912+00:00",
        "metric_membership": "active"
      }
    },
    {
      "type": "Feature",
      "id": "detailed_building_permits:18-169945 MU",
      "geometry": {
        "type": "Point",
        "coordinates": [
          -97.1545065645576,
          49.90411384219123
        ]
      },
      "properties": {
        "city": "Winnipeg",
        "dtuid": "602110401",
        "feed": "detailed_building_permits",
        "source_record_id": "18-169945 MU",
        "status": "Issued",
        "permit_type": "Multi-Residential",
        "permit_class": "Apartments",
        "work_type": "Interior Alteration",
        "description": null,
        "address": "631 William AVE",
        "applied_date": "2018-09-25T00:00:00.000",
        "issued_date": "2018-10-19T00:00:00.000",
        "completed_date": null,
        "period_date": "2018-10-19T00:00:00.000",
        "longitude": -97.1545065645576,
        "latitude": 49.90411384219123,
        "units_created": 0.0,
        "units_lost": 0.0,
        "net_units": 0.0,
        "is_residential": true,
        "is_active": true,
        "in_period": false,
        "requested_geography": "downtown",
        "in_requested_geography": true,
        "spatial_qa": "point_in_polygon_tested",
        "metric_roles": "active_inventory|period_flow",
        "source_page": "https://data.winnipeg.ca/d/it4w-cpf4",
        "retrieved_at_utc": "2026-07-17T18:30:45.175912+00:00",
        "metric_membership": "active"
      }
    },
    {
      "type": "Feature",
      "id": "detailed_building_permits:18-178537 MU",
      "geometry": {
        "type": "Point",
        "coordinates": [
          -97.1486541843264,
          49.87811184538856
        ]
      },
      "properties": {
        "city": "Winnipeg",
        "dtuid": "602110401",
        "feed": "detailed_building_permits",
        "source_record_id": "18-178537 MU",
        "status": "Issued",
        "permit_type": "Multi-Residential",
        "permit_class": "Apartments",
        "work_type": "Interior Alteration",
        "description": null,
        "address": "522 River AVE",
        "applied_date": "2018-10-30T00:00:00.000",
        "issued_date": "2019-04-08T00:00:00.000",
        "completed_date": null,
        "period_date": "2019-04-08T00:00:00.000",
        "longitude": -97.1486541843264,
        "latitude": 49.87811184538856,
        "units_created": 0.0,
        "units_lost": 0.0,
        "net_units": 0.0,
        "is_residential": true,
        "is_active": true,
        "in_period": false,
        "requested_geography": "downtown",
        "in_requested_geography": true,
        "spatial_qa": "point_in_polygon_tested",
        "metric_roles": "active_inventory|period_flow",
        "source_page": "https://data.winnipeg.ca/d/it4w-cpf4",
        "retrieved_at_utc": "2026-07-17T18:30:45.175912+00:00",
        "metric_membership": "active"
      }
    },
    {
      "type": "Feature",
      "id": "detailed_building_permits:18-179835 MU",
      "geometry": {
        "type": "Point",
        "coordinates": [
          -97.1412290511829,
          49.898531305678155
        ]
      },
      "properties": {
        "city": "Winnipeg",
        "dtuid": "602110401",
        "feed": "detailed_building_permits",
        "source_record_id": "18-179835 MU",
        "status": "Issued",
        "permit_type": "Multi-Residential",
        "permit_class": "Apartments",
        "work_type": "Interior Alteration",
        "description": null,
        "address": "283 Bannatyne AVE Unit 500",
        "applied_date": "2018-11-06T00:00:00.000",
        "issued_date": "2019-04-24T00:00:00.000",
        "completed_date": null,
        "period_date": "2019-04-24T00:00:00.000",
        "longitude": -97.1412290511829,
        "latitude": 49.898531305678155,
        "units_created": 0.0,
        "units_lost": 0.0,
        "net_units": 0.0,
        "is_residential": true,
        "is_active": true,
        "in_period": false,
        "requested_geography": "downtown",
        "in_requested_geography": true,
        "spatial_qa": "point_in_polygon_tested",
        "metric_roles": "active_inventory|period_flow",
        "source_page": "https://data.winnipeg.ca/d/it4w-cpf4",
        "retrieved_at_utc": "2026-07-17T18:30:45.175912+00:00",
        "metric_membership": "active"
      }
    },
    {
      "type": "Feature",
      "id": "detailed_building_permits:19-143782 HO",
      "geometry": {
        "type": "Point",
        "coordinates": [
          -97.15518133375116,
          49.89452284883662
        ]
      },
      "properties": {
        "city": "Winnipeg",
        "dtuid": "602110401",
        "feed": "detailed_building_permits",
        "source_record_id": "19-143782 HO",
        "status": "Issued",
        "permit_type": "Housing",
        "permit_class": "SFD",
        "work_type": "Structural Alteration",
        "description": null,
        "address": "478 Young ST",
        "applied_date": "2019-06-06T00:00:00.000",
        "issued_date": "2019-09-09T00:00:00.000",
        "completed_date": null,
        "period_date": "2019-09-09T00:00:00.000",
        "longitude": -97.15518133375116,
        "latitude": 49.89452284883662,
        "units_created": 0.0,
        "units_lost": 0.0,
        "net_units": 0.0,
        "is_residential": true,
        "is_active": true,
        "in_period": false,
        "requested_geography": "downtown",
        "in_requested_geography": true,
        "spatial_qa": "point_in_polygon_tested",
        "metric_roles": "active_inventory|period_flow",
        "source_page": "https://data.winnipeg.ca/d/it4w-cpf4",
        "retrieved_at_utc": "2026-07-17T18:30:45.175912+00:00",
        "metric_membership": "active"
      }
    },
    {
      "type": "Feature",
      "id": "detailed_building_permits:19-163244 MU",
      "geometry": {
        "type": "Point",
        "coordinates": [
          -97.15160009497389,
          49.8874803215614
        ]
      },
      "properties": {
        "city": "Winnipeg",
        "dtuid": "602110401",
        "feed": "detailed_building_permits",
        "source_record_id": "19-163244 MU",
        "status": "Issued",
        "permit_type": "Multi-Residential",
        "permit_class": "Apartments",
        "work_type": "Interior Alteration",
        "description": null,
        "address": "224 Colony ST",
        "applied_date": "2019-07-19T00:00:00.000",
        "issued_date": "2019-08-08T00:00:00.000",
        "completed_date": null,
        "period_date": "2019-08-08T00:00:00.000",
        "longitude": -97.15160009497389,
        "latitude": 49.8874803215614,
        "units_created": 0.0,
        "units_lost": 0.0,
        "net_units": 0.0,
        "is_residential": true,
        "is_active": true,
        "in_period": false,
        "requested_geography": "downtown",
        "in_requested_geography": true,
        "spatial_qa": "point_in_polygon_tested",
        "metric_roles": "active_inventory|period_flow",
        "source_page": "https://data.winnipeg.ca/d/it4w-cpf4",
        "retrieved_at_utc": "2026-07-17T18:30:45.175912+00:00",
        "metric_membership": "active"
      }
    },
    {
      "type": "Feature",
      "id": "detailed_building_permits:19-173815 MU",
      "geometry": {
        "type": "Point",
        "coordinates": [
          -97.14840356860637,
          49.881037839282605
        ]
      },
      "properties": {
        "city": "Winnipeg",
        "dtuid": "602110401",
        "feed": "detailed_building_permits",
        "source_record_id": "19-173815 MU",
        "status": "Issued",
        "permit_type": "Multi-Residential",
        "permit_class": "Apartments",
        "work_type": "Alter Exterior",
        "description": null,
        "address": "11 Evergreen PL Unit 2503",
        "applied_date": "2019-08-13T00:00:00.000",
        "issued_date": "2019-08-26T00:00:00.000",
        "completed_date": null,
        "period_date": "2019-08-26T00:00:00.000",
        "longitude": -97.14840356860637,
        "latitude": 49.881037839282605,
        "units_created": 0.0,
        "units_lost": 0.0,
        "net_units": 0.0,
        "is_residential": true,
        "is_active": true,
        "in_period": false,
        "requested_geography": "downtown",
        "in_requested_geography": true,
        "spatial_qa": "point_in_polygon_tested",
        "metric_roles": "active_inventory|period_flow",
        "source_page": "https://data.winnipeg.ca/d/it4w-cpf4",
        "retrieved_at_utc": "2026-07-17T18:30:45.175912+00:00",
        "metric_membership": "active"
      }
    },
    {
      "type": "Feature",
      "id": "detailed_building_permits:19-180594 MU",
      "geometry": {
        "type": "Point",
        "coordinates": [
          -97.13680511335828,
          49.887374354965466
        ]
      },
      "properties": {
        "city": "Winnipeg",
        "dtuid": "602110401",
        "feed": "detailed_building_permits",
        "source_record_id": "19-180594 MU",
        "status": "Issued",
        "permit_type": "Multi-Residential",
        "permit_class": "Apartments",
        "work_type": "Alter Exterior",
        "description": null,
        "address": "85 Garry ST",
        "applied_date": "2019-08-28T00:00:00.000",
        "issued_date": "2019-09-25T00:00:00.000",
        "completed_date": null,
        "period_date": "2019-09-25T00:00:00.000",
        "longitude": -97.13680511335828,
        "latitude": 49.887374354965466,
        "units_created": 0.0,
        "units_lost": 0.0,
        "net_units": 0.0,
        "is_residential": true,
        "is_active": true,
        "in_period": false,
        "requested_geography": "downtown",
        "in_requested_geography": true,
        "spatial_qa": "point_in_polygon_tested",
        "metric_roles": "active_inventory|period_flow",
        "source_page": "https://data.winnipeg.ca/d/it4w-cpf4",
        "retrieved_at_utc": "2026-07-17T18:30:45.175912+00:00",
        "metric_membership": "active"
      }
    },
    {
      "type": "Feature",
      "id": "detailed_building_permits:19-197553 MU",
      "geometry": {
        "type": "Point",
        "coordinates": [
          -97.14750021770912,
          49.896484728500596
        ]
      },
      "properties": {
        "city": "Winnipeg",
        "dtuid": "602110401",
        "feed": "detailed_building_permits",
        "source_record_id": "19-197553 MU",
        "status": "Issued",
        "permit_type": "Multi-Residential",
        "permit_class": "Apartments",
        "work_type": "Structural Alteration",
        "description": null,
        "address": "360 Cumberland AVE",
        "applied_date": "2019-10-10T00:00:00.000",
        "issued_date": "2019-10-24T00:00:00.000",
        "completed_date": null,
        "period_date": "2019-10-24T00:00:00.000",
        "longitude": -97.14750021770912,
        "latitude": 49.896484728500596,
        "units_created": 0.0,
        "units_lost": 0.0,
        "net_units": 0.0,
        "is_residential": true,
        "is_active": true,
        "in_period": false,
        "requested_geography": "downtown",
        "in_requested_geography": true,
        "spatial_qa": "point_in_polygon_tested",
        "metric_roles": "active_inventory|period_flow",
        "source_page": "https://data.winnipeg.ca/d/it4w-cpf4",
        "retrieved_at_utc": "2026-07-17T18:30:45.175912+00:00",
        "metric_membership": "active"
      }
    },
    {
      "type": "Feature",
      "id": "detailed_building_permits:19-213233 MU",
      "geometry": {
        "type": "Point",
        "coordinates": [
          -97.14063560760327,
          49.87981667114422
        ]
      },
      "properties": {
        "city": "Winnipeg",
        "dtuid": "602110401",
        "feed": "detailed_building_permits",
        "source_record_id": "19-213233 MU",
        "status": "Issued",
        "permit_type": "Multi-Residential",
        "permit_class": "Apartments",
        "work_type": "Construct Addition",
        "description": null,
        "address": "125 Cauchon ST Unit 2",
        "applied_date": "2019-11-27T00:00:00.000",
        "issued_date": "2019-12-19T00:00:00.000",
        "completed_date": null,
        "period_date": "2019-12-19T00:00:00.000",
        "longitude": -97.14063560760327,
        "latitude": 49.87981667114422,
        "units_created": 0.0,
        "units_lost": 0.0,
        "net_units": 0.0,
        "is_residential": true,
        "is_active": true,
        "in_period": false,
        "requested_geography": "downtown",
        "in_requested_geography": true,
        "spatial_qa": "point_in_polygon_tested",
        "metric_roles": "active_inventory|period_flow",
        "source_page": "https://data.winnipeg.ca/d/it4w-cpf4",
        "retrieved_at_utc": "2026-07-17T18:30:45.175912+00:00",
        "metric_membership": "active"
      }
    },
    {
      "type": "Feature",
      "id": "detailed_building_permits:19-218833 MU",
      "geometry": {
        "type": "Point",
        "coordinates": [
          -97.15671323569714,
          49.89603086956495
        ]
      },
      "properties": {
        "city": "Winnipeg",
        "dtuid": "602110401",
        "feed": "detailed_building_permits",
        "source_record_id": "19-218833 MU",
        "status": "Issued",
        "permit_type": "Multi-Residential",
        "permit_class": "Apartments",
        "work_type": "Occupy Only",
        "description": null,
        "address": "583 Furby ST",
        "applied_date": "2019-12-18T00:00:00.000",
        "issued_date": "2019-12-30T00:00:00.000",
        "completed_date": null,
        "period_date": "2019-12-30T00:00:00.000",
        "longitude": -97.15671323569714,
        "latitude": 49.89603086956495,
        "units_created": 0.0,
        "units_lost": 0.0,
        "net_units": 0.0,
        "is_residential": true,
        "is_active": true,
        "in_period": false,
        "requested_geography": "downtown",
        "in_requested_geography": true,
        "spatial_qa": "point_in_polygon_tested",
        "metric_roles": "active_inventory|period_flow",
        "source_page": "https://data.winnipeg.ca/d/it4w-cpf4",
        "retrieved_at_utc": "2026-07-17T18:30:45.175912+00:00",
        "metric_membership": "active"
      }
    },
    {
      "type": "Feature",
      "id": "detailed_building_permits:19-219215 HO",
      "geometry": {
        "type": "Point",
        "coordinates": [
          -97.14942936741788,
          49.90294800794271
        ]
      },
      "properties": {
        "city": "Winnipeg",
        "dtuid": "602110401",
        "feed": "detailed_building_permits",
        "source_record_id": "19-219215 HO",
        "status": "Issued",
        "permit_type": "Housing",
        "permit_class": "SFD",
        "work_type": "Interior and Exterior Alterations",
        "description": null,
        "address": "508 Elgin AVE",
        "applied_date": "2019-12-19T00:00:00.000",
        "issued_date": "2020-02-26T00:00:00.000",
        "completed_date": null,
        "period_date": "2020-02-26T00:00:00.000",
        "longitude": -97.14942936741788,
        "latitude": 49.90294800794271,
        "units_created": 0.0,
        "units_lost": 0.0,
        "net_units": 0.0,
        "is_residential": true,
        "is_active": true,
        "in_period": false,
        "requested_geography": "downtown",
        "in_requested_geography": true,
        "spatial_qa": "point_in_polygon_tested",
        "metric_roles": "active_inventory|period_flow",
        "source_page": "https://data.winnipeg.ca/d/it4w-cpf4",
        "retrieved_at_utc": "2026-07-17T18:30:45.175912+00:00",
        "metric_membership": "active"
      }
    },
    {
      "type": "Feature",
      "id": "detailed_building_permits:20-106270 HO",
      "geometry": {
        "type": "Point",
        "coordinates": [
          -97.15321382084883,
          49.90415761438253
        ]
      },
      "properties": {
        "city": "Winnipeg",
        "dtuid": "602110401",
        "feed": "detailed_building_permits",
        "source_record_id": "20-106270 HO",
        "status": "Issued",
        "permit_type": "Housing",
        "permit_class": "SFD",
        "work_type": "Fire Repair",
        "description": null,
        "address": "604 Elgin AVE",
        "applied_date": "2020-01-21T00:00:00.000",
        "issued_date": "2020-02-06T00:00:00.000",
        "completed_date": null,
        "period_date": "2020-02-06T00:00:00.000",
        "longitude": -97.15321382084883,
        "latitude": 49.90415761438253,
        "units_created": 0.0,
        "units_lost": 0.0,
        "net_units": 0.0,
        "is_residential": true,
        "is_active": true,
        "in_period": false,
        "requested_geography": "downtown",
        "in_requested_geography": true,
        "spatial_qa": "point_in_polygon_tested",
        "metric_roles": "active_inventory|period_flow",
        "source_page": "https://data.winnipeg.ca/d/it4w-cpf4",
        "retrieved_at_utc": "2026-07-17T18:30:45.175912+00:00",
        "metric_membership": "active"
      }
    },
    {
      "type": "Feature",
      "id": "detailed_building_permits:20-112400 MU",
      "geometry": {
        "type": "Point",
        "coordinates": [
          -97.13778326097999,
          49.89817094908104
        ]
      },
      "properties": {
        "city": "Winnipeg",
        "dtuid": "602110401",
        "feed": "detailed_building_permits",
        "source_record_id": "20-112400 MU",
        "status": "Issued",
        "permit_type": "Multi-Residential",
        "permit_class": "Apartments",
        "work_type": "Structural Alteration",
        "description": null,
        "address": "181 Bannatyne AVE suite 602",
        "applied_date": "2020-02-11T00:00:00.000",
        "issued_date": "2020-07-03T00:00:00.000",
        "completed_date": null,
        "period_date": "2020-07-03T00:00:00.000",
        "longitude": -97.13778326097999,
        "latitude": 49.89817094908104,
        "units_created": 0.0,
        "units_lost": 0.0,
        "net_units": 0.0,
        "is_residential": true,
        "is_active": true,
        "in_period": false,
        "requested_geography": "downtown",
        "in_requested_geography": true,
        "spatial_qa": "point_in_polygon_tested",
        "metric_roles": "active_inventory|period_flow",
        "source_page": "https://data.winnipeg.ca/d/it4w-cpf4",
        "retrieved_at_utc": "2026-07-17T18:30:45.175912+00:00",
        "metric_membership": "active"
      }
    },
    {
      "type": "Feature",
      "id": "detailed_building_permits:20-120226 MU",
      "geometry": {
        "type": "Point",
        "coordinates": [
          -97.15476336902738,
          49.882702119019456
        ]
      },
      "properties": {
        "city": "Winnipeg",
        "dtuid": "602110401",
        "feed": "detailed_building_permits",
        "source_record_id": "20-120226 MU",
        "status": "Issued",
        "permit_type": "Multi-Residential",
        "permit_class": "Apartments",
        "work_type": "Interior Alteration",
        "description": null,
        "address": "80 Spence ST Unit 2",
        "applied_date": "2020-03-10T00:00:00.000",
        "issued_date": "2020-03-19T00:00:00.000",
        "completed_date": null,
        "period_date": "2020-03-19T00:00:00.000",
        "longitude": -97.15476336902738,
        "latitude": 49.882702119019456,
        "units_created": 0.0,
        "units_lost": 0.0,
        "net_units": 0.0,
        "is_residential": true,
        "is_active": true,
        "in_period": false,
        "requested_geography": "downtown",
        "in_requested_geography": true,
        "spatial_qa": "point_in_polygon_tested",
        "metric_roles": "active_inventory|period_flow",
        "source_page": "https://data.winnipeg.ca/d/it4w-cpf4",
        "retrieved_at_utc": "2026-07-17T18:30:45.175912+00:00",
        "metric_membership": "active"
      }
    },
    {
      "type": "Feature",
      "id": "detailed_building_permits:20-133661 MU",
      "geometry": {
        "type": "Point",
        "coordinates": [
          -97.13994151151104,
          49.87905526999973
        ]
      },
      "properties": {
        "city": "Winnipeg",
        "dtuid": "602110401",
        "feed": "detailed_building_permits",
        "source_record_id": "20-133661 MU",
        "status": "Issued",
        "permit_type": "Multi-Residential",
        "permit_class": "Apartments",
        "work_type": "Fire Repair",
        "description": null,
        "address": "324 Stradbrook AVE",
        "applied_date": "2020-05-04T00:00:00.000",
        "issued_date": "2020-07-02T00:00:00.000",
        "completed_date": null,
        "period_date": "2020-07-02T00:00:00.000",
        "longitude": -97.13994151151104,
        "latitude": 49.87905526999973,
        "units_created": 0.0,
        "units_lost": 0.0,
        "net_units": 0.0,
        "is_residential": true,
        "is_active": true,
        "in_period": false,
        "requested_geography": "downtown",
        "in_requested_geography": true,
        "spatial_qa": "point_in_polygon_tested",
        "metric_roles": "active_inventory|period_flow",
        "source_page": "https://data.winnipeg.ca/d/it4w-cpf4",
        "retrieved_at_utc": "2026-07-17T18:30:45.175912+00:00",
        "metric_membership": "active"
      }
    },
    {
      "type": "Feature",
      "id": "detailed_building_permits:20-159050 MU",
      "geometry": {
        "type": "Point",
        "coordinates": [
          -97.14351497573067,
          49.88366014438232
        ]
      },
      "properties": {
        "city": "Winnipeg",
        "dtuid": "602110401",
        "feed": "detailed_building_permits",
        "source_record_id": "20-159050 MU",
        "status": "Issued",
        "permit_type": "Multi-Residential",
        "permit_class": "Apartments",
        "work_type": "Interior Alteration",
        "description": null,
        "address": "15 Kennedy ST Unit 606",
        "applied_date": "2020-06-25T00:00:00.000",
        "issued_date": "2020-07-08T00:00:00.000",
        "completed_date": null,
        "period_date": "2020-07-08T00:00:00.000",
        "longitude": -97.14351497573067,
        "latitude": 49.88366014438232,
        "units_created": 0.0,
        "units_lost": 0.0,
        "net_units": 0.0,
        "is_residential": true,
        "is_active": true,
        "in_period": false,
        "requested_geography": "downtown",
        "in_requested_geography": true,
        "spatial_qa": "point_in_polygon_tested",
        "metric_roles": "active_inventory|period_flow",
        "source_page": "https://data.winnipeg.ca/d/it4w-cpf4",
        "retrieved_at_utc": "2026-07-17T18:30:45.175912+00:00",
        "metric_membership": "active"
      }
    },
    {
      "type": "Feature",
      "id": "detailed_building_permits:20-168091 MU",
      "geometry": {
        "type": "Point",
        "coordinates": [
          -97.15048313014066,
          49.87883946042237
        ]
      },
      "properties": {
        "city": "Winnipeg",
        "dtuid": "602110401",
        "feed": "detailed_building_permits",
        "source_record_id": "20-168091 MU",
        "status": "Issued",
        "permit_type": "Multi-Residential",
        "permit_class": "Apartments",
        "work_type": "Structural Alteration",
        "description": null,
        "address": "55 Nassau ST N",
        "applied_date": "2020-07-23T00:00:00.000",
        "issued_date": "2020-08-13T00:00:00.000",
        "completed_date": null,
        "period_date": "2020-08-13T00:00:00.000",
        "longitude": -97.15048313014066,
        "latitude": 49.87883946042237,
        "units_created": 0.0,
        "units_lost": 0.0,
        "net_units": 0.0,
        "is_residential": true,
        "is_active": true,
        "in_period": false,
        "requested_geography": "downtown",
        "in_requested_geography": true,
        "spatial_qa": "point_in_polygon_tested",
        "metric_roles": "active_inventory|period_flow",
        "source_page": "https://data.winnipeg.ca/d/it4w-cpf4",
        "retrieved_at_utc": "2026-07-17T18:30:45.175912+00:00",
        "metric_membership": "active"
      }
    },
    {
      "type": "Feature",
      "id": "detailed_building_permits:20-203564 HO",
      "geometry": {
        "type": "Point",
        "coordinates": [
          -97.157177602012,
          49.89198222917048
        ]
      },
      "properties": {
        "city": "Winnipeg",
        "dtuid": "602110401",
        "feed": "detailed_building_permits",
        "source_record_id": "20-203564 HO",
        "status": "Issued",
        "permit_type": "Housing",
        "permit_class": "SFD",
        "work_type": "Construct Addition",
        "description": null,
        "address": "441 Furby ST",
        "applied_date": "2020-10-01T00:00:00.000",
        "issued_date": "2020-11-30T00:00:00.000",
        "completed_date": null,
        "period_date": "2020-11-30T00:00:00.000",
        "longitude": -97.157177602012,
        "latitude": 49.89198222917048,
        "units_created": 0.0,
        "units_lost": 0.0,
        "net_units": 0.0,
        "is_residential": true,
        "is_active": true,
        "in_period": false,
        "requested_geography": "downtown",
        "in_requested_geography": true,
        "spatial_qa": "point_in_polygon_tested",
        "metric_roles": "active_inventory|period_flow",
        "source_page": "https://data.winnipeg.ca/d/it4w-cpf4",
        "retrieved_at_utc": "2026-07-17T18:30:45.175912+00:00",
        "metric_membership": "active"
      }
    },
    {
      "type": "Feature",
      "id": "detailed_building_permits:20-208189 HO",
      "geometry": {
        "type": "Point",
        "coordinates": [
          -97.15449455034597,
          49.89537783487655
        ]
      },
      "properties": {
        "city": "Winnipeg",
        "dtuid": "602110401",
        "feed": "detailed_building_permits",
        "source_record_id": "20-208189 HO",
        "status": "Issued",
        "permit_type": "Housing",
        "permit_class": "Duplex / Side by Side",
        "work_type": "Construct New",
        "description": null,
        "address": "507 Young ST Unit 1 & 2",
        "applied_date": "2020-10-07T00:00:00.000",
        "issued_date": "2021-03-15T00:00:00.000",
        "completed_date": null,
        "period_date": "2021-03-15T00:00:00.000",
        "longitude": -97.15449455034597,
        "latitude": 49.89537783487655,
        "units_created": 2.0,
        "units_lost": 0.0,
        "net_units": 2.0,
        "is_residential": true,
        "is_active": true,
        "in_period": false,
        "requested_geography": "downtown",
        "in_requested_geography": true,
        "spatial_qa": "point_in_polygon_tested",
        "metric_roles": "active_inventory|period_flow",
        "source_page": "https://data.winnipeg.ca/d/it4w-cpf4",
        "retrieved_at_utc": "2026-07-17T18:30:45.175912+00:00",
        "metric_membership": "active"
      }
    },
    {
      "type": "Feature",
      "id": "detailed_building_permits:20-211176 MU",
      "geometry": {
        "type": "Point",
        "coordinates": [
          -97.15346685499127,
          49.886517537766494
        ]
      },
      "properties": {
        "city": "Winnipeg",
        "dtuid": "602110401",
        "feed": "detailed_building_permits",
        "source_record_id": "20-211176 MU",
        "status": "Issued",
        "permit_type": "Multi-Residential",
        "permit_class": "Apartments",
        "work_type": "Structural Alteration",
        "description": null,
        "address": "196 Balmoral ST",
        "applied_date": "2020-10-27T00:00:00.000",
        "issued_date": "2020-10-28T00:00:00.000",
        "completed_date": null,
        "period_date": "2020-10-28T00:00:00.000",
        "longitude": -97.15346685499127,
        "latitude": 49.886517537766494,
        "units_created": 0.0,
        "units_lost": 0.0,
        "net_units": 0.0,
        "is_residential": true,
        "is_active": true,
        "in_period": false,
        "requested_geography": "downtown",
        "in_requested_geography": true,
        "spatial_qa": "point_in_polygon_tested",
        "metric_roles": "active_inventory|period_flow",
        "source_page": "https://data.winnipeg.ca/d/it4w-cpf4",
        "retrieved_at_utc": "2026-07-17T18:30:45.175912+00:00",
        "metric_membership": "active"
      }
    },
    {
      "type": "Feature",
      "id": "detailed_building_permits:21-107480 HO",
      "geometry": {
        "type": "Point",
        "coordinates": [
          -97.15801598697973,
          49.89723960852954
        ]
      },
      "properties": {
        "city": "Winnipeg",
        "dtuid": "602110401",
        "feed": "detailed_building_permits",
        "source_record_id": "21-107480 HO",
        "status": "Issued",
        "permit_type": "Housing",
        "permit_class": "Duplex / Side by Side",
        "work_type": "Structural Alteration",
        "description": null,
        "address": "621 Sherbrook ST",
        "applied_date": "2021-01-11T00:00:00.000",
        "issued_date": "2021-01-29T00:00:00.000",
        "completed_date": null,
        "period_date": "2021-01-29T00:00:00.000",
        "longitude": -97.15801598697973,
        "latitude": 49.89723960852954,
        "units_created": 0.0,
        "units_lost": 0.0,
        "net_units": 0.0,
        "is_residential": true,
        "is_active": true,
        "in_period": false,
        "requested_geography": "downtown",
        "in_requested_geography": true,
        "spatial_qa": "point_in_polygon_tested",
        "metric_roles": "active_inventory|period_flow",
        "source_page": "https://data.winnipeg.ca/d/it4w-cpf4",
        "retrieved_at_utc": "2026-07-17T18:30:45.175912+00:00",
        "metric_membership": "active"
      }
    },
    {
      "type": "Feature",
      "id": "detailed_building_permits:21-117717 HO",
      "geometry": {
        "type": "Point",
        "coordinates": [
          -97.13070192929189,
          49.901541074466614
        ]
      },
      "properties": {
        "city": "Winnipeg",
        "dtuid": "602110401",
        "feed": "detailed_building_permits",
        "source_record_id": "21-117717 HO",
        "status": "Issued",
        "permit_type": "Housing",
        "permit_class": "Row Housing",
        "work_type": "Construct Addition",
        "description": null,
        "address": "95 George AVE",
        "applied_date": "2019-07-29T00:00:00.000",
        "issued_date": "2021-02-18T00:00:00.000",
        "completed_date": null,
        "period_date": "2021-02-18T00:00:00.000",
        "longitude": -97.13070192929189,
        "latitude": 49.901541074466614,
        "units_created": 2.0,
        "units_lost": 0.0,
        "net_units": 2.0,
        "is_residential": true,
        "is_active": true,
        "in_period": false,
        "requested_geography": "downtown",
        "in_requested_geography": true,
        "spatial_qa": "point_in_polygon_tested",
        "metric_roles": "active_inventory|period_flow",
        "source_page": "https://data.winnipeg.ca/d/it4w-cpf4",
        "retrieved_at_utc": "2026-07-17T18:30:45.175912+00:00",
        "metric_membership": "active"
      }
    },
    {
      "type": "Feature",
      "id": "detailed_building_permits:21-117719 HO",
      "geometry": {
        "type": "Point",
        "coordinates": [
          -97.130662794033,
          49.901585747732405
        ]
      },
      "properties": {
        "city": "Winnipeg",
        "dtuid": "602110401",
        "feed": "detailed_building_permits",
        "source_record_id": "21-117719 HO",
        "status": "Issued",
        "permit_type": "Housing",
        "permit_class": "Row Housing",
        "work_type": "Construct Addition",
        "description": null,
        "address": "95B George AVE",
        "applied_date": "2019-07-29T00:00:00.000",
        "issued_date": "2021-02-18T00:00:00.000",
        "completed_date": null,
        "period_date": "2021-02-18T00:00:00.000",
        "longitude": -97.130662794033,
        "latitude": 49.901585747732405,
        "units_created": 2.0,
        "units_lost": 0.0,
        "net_units": 2.0,
        "is_residential": true,
        "is_active": true,
        "in_period": false,
        "requested_geography": "downtown",
        "in_requested_geography": true,
        "spatial_qa": "point_in_polygon_tested",
        "metric_roles": "active_inventory|period_flow",
        "source_page": "https://data.winnipeg.ca/d/it4w-cpf4",
        "retrieved_at_utc": "2026-07-17T18:30:45.175912+00:00",
        "metric_membership": "active"
      }
    },
    {
      "type": "Feature",
      "id": "detailed_building_permits:21-117720 HO",
      "geometry": {
        "type": "Point",
        "coordinates": [
          -97.13062330868485,
          49.90163947620678
        ]
      },
      "properties": {
        "city": "Winnipeg",
        "dtuid": "602110401",
        "feed": "detailed_building_permits",
        "source_record_id": "21-117720 HO",
        "status": "Issued",
        "permit_type": "Housing",
        "permit_class": "Row Housing",
        "work_type": "Construct Addition",
        "description": null,
        "address": "95C George AVE",
        "applied_date": "2019-07-29T00:00:00.000",
        "issued_date": "2021-02-18T00:00:00.000",
        "completed_date": null,
        "period_date": "2021-02-18T00:00:00.000",
        "longitude": -97.13062330868485,
        "latitude": 49.90163947620678,
        "units_created": 2.0,
        "units_lost": 0.0,
        "net_units": 2.0,
        "is_residential": true,
        "is_active": true,
        "in_period": false,
        "requested_geography": "downtown",
        "in_requested_geography": true,
        "spatial_qa": "point_in_polygon_tested",
        "metric_roles": "active_inventory|period_flow",
        "source_page": "https://data.winnipeg.ca/d/it4w-cpf4",
        "retrieved_at_utc": "2026-07-17T18:30:45.175912+00:00",
        "metric_membership": "active"
      }
    },
    {
      "type": "Feature",
      "id": "detailed_building_permits:21-125271 HO",
      "geometry": {
        "type": "Point",
        "coordinates": [
          -97.16575783509828,
          49.885449540724096
        ]
      },
      "properties": {
        "city": "Winnipeg",
        "dtuid": "602110401",
        "feed": "detailed_building_permits",
        "source_record_id": "21-125271 HO",
        "status": "Issued",
        "permit_type": "Housing",
        "permit_class": "SFD",
        "work_type": "Change of Use",
        "description": null,
        "address": "62A (sec ste) Picardy PL",
        "applied_date": "2021-03-07T00:00:00.000",
        "issued_date": "2021-05-12T00:00:00.000",
        "completed_date": null,
        "period_date": "2021-05-12T00:00:00.000",
        "longitude": -97.16575783509828,
        "latitude": 49.885449540724096,
        "units_created": 0.0,
        "units_lost": 0.0,
        "net_units": 0.0,
        "is_residential": true,
        "is_active": true,
        "in_period": false,
        "requested_geography": "downtown",
        "in_requested_geography": true,
        "spatial_qa": "point_in_polygon_tested",
        "metric_roles": "active_inventory|period_flow",
        "source_page": "https://data.winnipeg.ca/d/it4w-cpf4",
        "retrieved_at_utc": "2026-07-17T18:30:45.175912+00:00",
        "metric_membership": "active"
      }
    },
    {
      "type": "Feature",
      "id": "detailed_building_permits:21-138715 MU",
      "geometry": {
        "type": "Point",
        "coordinates": [
          -97.15283564133927,
          49.88676588154362
        ]
      },
      "properties": {
        "city": "Winnipeg",
        "dtuid": "602110401",
        "feed": "detailed_building_permits",
        "source_record_id": "21-138715 MU",
        "status": "Issued",
        "permit_type": "Multi-Residential",
        "permit_class": "Apartments",
        "work_type": "Construct New",
        "description": null,
        "address": "205 Balmoral ST",
        "applied_date": "2021-04-14T00:00:00.000",
        "issued_date": "2022-03-08T00:00:00.000",
        "completed_date": null,
        "period_date": "2022-03-08T00:00:00.000",
        "longitude": -97.15283564133927,
        "latitude": 49.88676588154362,
        "units_created": 4.0,
        "units_lost": 0.0,
        "net_units": 4.0,
        "is_residential": true,
        "is_active": true,
        "in_period": false,
        "requested_geography": "downtown",
        "in_requested_geography": true,
        "spatial_qa": "point_in_polygon_tested",
        "metric_roles": "active_inventory|period_flow",
        "source_page": "https://data.winnipeg.ca/d/it4w-cpf4",
        "retrieved_at_utc": "2026-07-17T18:30:45.175912+00:00",
        "metric_membership": "active"
      }
    },
    {
      "type": "Feature",
      "id": "detailed_building_permits:21-158693 AS",
      "geometry": {
        "type": "Point",
        "coordinates": [
          -97.16272512945461,
          49.893617405670206
        ]
      },
      "properties": {
        "city": "Winnipeg",
        "dtuid": "602110401",
        "feed": "detailed_building_permits",
        "source_record_id": "21-158693 AS",
        "status": "Issued",
        "permit_type": "Accessory Structures",
        "permit_class": "Detached Garage",
        "work_type": "Construct New",
        "description": null,
        "address": "495 Victor ST",
        "applied_date": "2021-05-28T00:00:00.000",
        "issued_date": "2021-09-14T00:00:00.000",
        "completed_date": null,
        "period_date": "2021-09-14T00:00:00.000",
        "longitude": -97.16272512945461,
        "latitude": 49.893617405670206,
        "units_created": 0.0,
        "units_lost": 0.0,
        "net_units": 0.0,
        "is_residential": true,
        "is_active": true,
        "in_period": false,
        "requested_geography": "downtown",
        "in_requested_geography": true,
        "spatial_qa": "point_in_polygon_tested",
        "metric_roles": "active_inventory|period_flow",
        "source_page": "https://data.winnipeg.ca/d/it4w-cpf4",
        "retrieved_at_utc": "2026-07-17T18:30:45.175912+00:00",
        "metric_membership": "active"
      }
    },
    {
      "type": "Feature",
      "id": "detailed_building_permits:21-162893 MU",
      "geometry": {
        "type": "Point",
        "coordinates": [
          -97.15974958224947,
          49.88480099434148
        ]
      },
      "properties": {
        "city": "Winnipeg",
        "dtuid": "602110401",
        "feed": "detailed_building_permits",
        "source_record_id": "21-162893 MU",
        "status": "Issued",
        "permit_type": "Multi-Residential",
        "permit_class": "Residential Multi-Use",
        "work_type": "Construct New",
        "description": null,
        "address": "198 Sherbrook ST",
        "applied_date": "2021-06-07T00:00:00.000",
        "issued_date": "2021-08-06T00:00:00.000",
        "completed_date": null,
        "period_date": "2021-08-06T00:00:00.000",
        "longitude": -97.15974958224947,
        "latitude": 49.88480099434148,
        "units_created": 28.0,
        "units_lost": 0.0,
        "net_units": 28.0,
        "is_residential": true,
        "is_active": true,
        "in_period": false,
        "requested_geography": "downtown",
        "in_requested_geography": true,
        "spatial_qa": "point_in_polygon_tested",
        "metric_roles": "active_inventory|period_flow",
        "source_page": "https://data.winnipeg.ca/d/it4w-cpf4",
        "retrieved_at_utc": "2026-07-17T18:30:45.175912+00:00",
        "metric_membership": "active"
      }
    },
    {
      "type": "Feature",
      "id": "detailed_building_permits:21-164345 MU",
      "geometry": {
        "type": "Point",
        "coordinates": [
          -97.15698208124383,
          49.88282833357204
        ]
      },
      "properties": {
        "city": "Winnipeg",
        "dtuid": "602110401",
        "feed": "detailed_building_permits",
        "source_record_id": "21-164345 MU",
        "status": "Issued",
        "permit_type": "Multi-Residential",
        "permit_class": "Apartments",
        "work_type": "Interior and Exterior Alterations",
        "description": null,
        "address": "138 Langside ST",
        "applied_date": "2021-05-10T00:00:00.000",
        "issued_date": "2024-01-15T00:00:00.000",
        "completed_date": null,
        "period_date": "2024-01-15T00:00:00.000",
        "longitude": -97.15698208124383,
        "latitude": 49.88282833357204,
        "units_created": 4.0,
        "units_lost": 0.0,
        "net_units": 4.0,
        "is_residential": true,
        "is_active": true,
        "in_period": false,
        "requested_geography": "downtown",
        "in_requested_geography": true,
        "spatial_qa": "point_in_polygon_tested",
        "metric_roles": "active_inventory|period_flow",
        "source_page": "https://data.winnipeg.ca/d/it4w-cpf4",
        "retrieved_at_utc": "2026-07-17T18:30:45.175912+00:00",
        "metric_membership": "active"
      }
    },
    {
      "type": "Feature",
      "id": "detailed_building_permits:21-168309 MU",
      "geometry": {
        "type": "Point",
        "coordinates": [
          -97.14178399307526,
          49.88046265770174
        ]
      },
      "properties": {
        "city": "Winnipeg",
        "dtuid": "602110401",
        "feed": "detailed_building_permits",
        "source_record_id": "21-168309 MU",
        "status": "Issued",
        "permit_type": "Multi-Residential",
        "permit_class": "Residential Multi-Use",
        "work_type": "Construct New",
        "description": null,
        "address": "350 River AVE",
        "applied_date": "2021-06-16T00:00:00.000",
        "issued_date": "2021-09-29T00:00:00.000",
        "completed_date": null,
        "period_date": "2021-09-29T00:00:00.000",
        "longitude": -97.14178399307526,
        "latitude": 49.88046265770174,
        "units_created": 15.0,
        "units_lost": 0.0,
        "net_units": 15.0,
        "is_residential": true,
        "is_active": true,
        "in_period": false,
        "requested_geography": "downtown",
        "in_requested_geography": true,
        "spatial_qa": "point_in_polygon_tested",
        "metric_roles": "active_inventory|period_flow",
        "source_page": "https://data.winnipeg.ca/d/it4w-cpf4",
        "retrieved_at_utc": "2026-07-17T18:30:45.175912+00:00",
        "metric_membership": "active"
      }
    },
    {
      "type": "Feature",
      "id": "detailed_building_permits:21-179142 MU",
      "geometry": {
        "type": "Point",
        "coordinates": [
          -97.14227538647431,
          49.8979490402293
        ]
      },
      "properties": {
        "city": "Winnipeg",
        "dtuid": "602110401",
        "feed": "detailed_building_permits",
        "source_record_id": "21-179142 MU",
        "status": "Issued",
        "permit_type": "Multi-Residential",
        "permit_class": "Apartments",
        "work_type": "Interior Alteration",
        "description": null,
        "address": "89 Princess ST Unit 1-B (2)",
        "applied_date": "2021-06-14T00:00:00.000",
        "issued_date": "2021-08-12T00:00:00.000",
        "completed_date": null,
        "period_date": "2021-08-12T00:00:00.000",
        "longitude": -97.14227538647431,
        "latitude": 49.8979490402293,
        "units_created": 0.0,
        "units_lost": 0.0,
        "net_units": 0.0,
        "is_residential": true,
        "is_active": true,
        "in_period": false,
        "requested_geography": "downtown",
        "in_requested_geography": true,
        "spatial_qa": "point_in_polygon_tested",
        "metric_roles": "active_inventory|period_flow",
        "source_page": "https://data.winnipeg.ca/d/it4w-cpf4",
        "retrieved_at_utc": "2026-07-17T18:30:45.175912+00:00",
        "metric_membership": "active"
      }
    },
    {
      "type": "Feature",
      "id": "detailed_building_permits:21-192271 MU",
      "geometry": {
        "type": "Point",
        "coordinates": [
          -97.14326188150277,
          49.885870426877524
        ]
      },
      "properties": {
        "city": "Winnipeg",
        "dtuid": "602110401",
        "feed": "detailed_building_permits",
        "source_record_id": "21-192271 MU",
        "status": "Issued",
        "permit_type": "Multi-Residential",
        "permit_class": "Residential Multi-Use",
        "work_type": "Structural Alteration",
        "description": null,
        "address": "77 Edmonton ST",
        "applied_date": "2021-07-27T00:00:00.000",
        "issued_date": "2021-08-30T00:00:00.000",
        "completed_date": null,
        "period_date": "2021-08-30T00:00:00.000",
        "longitude": -97.14326188150277,
        "latitude": 49.885870426877524,
        "units_created": 0.0,
        "units_lost": 0.0,
        "net_units": 0.0,
        "is_residential": true,
        "is_active": true,
        "in_period": false,
        "requested_geography": "downtown",
        "in_requested_geography": true,
        "spatial_qa": "point_in_polygon_tested",
        "metric_roles": "active_inventory|period_flow",
        "source_page": "https://data.winnipeg.ca/d/it4w-cpf4",
        "retrieved_at_utc": "2026-07-17T18:30:45.175912+00:00",
        "metric_membership": "active"
      }
    },
    {
      "type": "Feature",
      "id": "detailed_building_permits:21-201726 HO",
      "geometry": {
        "type": "Point",
        "coordinates": [
          -97.14272826413759,
          49.90126959990929
        ]
      },
      "properties": {
        "city": "Winnipeg",
        "dtuid": "602110401",
        "feed": "detailed_building_permits",
        "source_record_id": "21-201726 HO",
        "status": "Issued",
        "permit_type": "Housing",
        "permit_class": "Row Housing",
        "work_type": "Construct New",
        "description": null,
        "address": "353 Elgin AVE",
        "applied_date": "2021-08-20T00:00:00.000",
        "issued_date": "2021-10-08T00:00:00.000",
        "completed_date": null,
        "period_date": "2021-10-08T00:00:00.000",
        "longitude": -97.14272826413759,
        "latitude": 49.90126959990929,
        "units_created": 3.0,
        "units_lost": 0.0,
        "net_units": 3.0,
        "is_residential": true,
        "is_active": true,
        "in_period": false,
        "requested_geography": "downtown",
        "in_requested_geography": true,
        "spatial_qa": "point_in_polygon_tested",
        "metric_roles": "active_inventory|period_flow",
        "source_page": "https://data.winnipeg.ca/d/it4w-cpf4",
        "retrieved_at_utc": "2026-07-17T18:30:45.175912+00:00",
        "metric_membership": "active"
      }
    },
    {
      "type": "Feature",
      "id": "detailed_building_permits:21-204652 HO",
      "geometry": {
        "type": "Point",
        "coordinates": [
          -97.15575489072828,
          49.89148126417334
        ]
      },
      "properties": {
        "city": "Winnipeg",
        "dtuid": "602110401",
        "feed": "detailed_building_permits",
        "source_record_id": "21-204652 HO",
        "status": "Issued",
        "permit_type": "Housing",
        "permit_class": "Duplex / Side by Side",
        "work_type": "Construct New",
        "description": null,
        "address": "421 Langside ST Unit 2",
        "applied_date": "2020-12-03T00:00:00.000",
        "issued_date": "2021-08-30T00:00:00.000",
        "completed_date": null,
        "period_date": "2021-08-30T00:00:00.000",
        "longitude": -97.15575489072828,
        "latitude": 49.89148126417334,
        "units_created": 0.0,
        "units_lost": 0.0,
        "net_units": 0.0,
        "is_residential": true,
        "is_active": true,
        "in_period": false,
        "requested_geography": "downtown",
        "in_requested_geography": true,
        "spatial_qa": "point_in_polygon_tested",
        "metric_roles": "active_inventory|period_flow",
        "source_page": "https://data.winnipeg.ca/d/it4w-cpf4",
        "retrieved_at_utc": "2026-07-17T18:30:45.175912+00:00",
        "metric_membership": "active"
      }
    },
    {
      "type": "Feature",
      "id": "detailed_building_permits:21-224065 MU",
      "geometry": {
        "type": "Point",
        "coordinates": [
          -97.14923514963668,
          49.881072949448836
        ]
      },
      "properties": {
        "city": "Winnipeg",
        "dtuid": "602110401",
        "feed": "detailed_building_permits",
        "source_record_id": "21-224065 MU",
        "status": "Issued",
        "permit_type": "Multi-Residential",
        "permit_class": "Apartments",
        "work_type": "Structural Alteration",
        "description": null,
        "address": "7 Evergreen PL",
        "applied_date": "2021-10-12T00:00:00.000",
        "issued_date": "2021-10-27T00:00:00.000",
        "completed_date": null,
        "period_date": "2021-10-27T00:00:00.000",
        "longitude": -97.14923514963668,
        "latitude": 49.881072949448836,
        "units_created": 0.0,
        "units_lost": 0.0,
        "net_units": 0.0,
        "is_residential": true,
        "is_active": true,
        "in_period": false,
        "requested_geography": "downtown",
        "in_requested_geography": true,
        "spatial_qa": "point_in_polygon_tested",
        "metric_roles": "active_inventory|period_flow",
        "source_page": "https://data.winnipeg.ca/d/it4w-cpf4",
        "retrieved_at_utc": "2026-07-17T18:30:45.175912+00:00",
        "metric_membership": "active"
      }
    },
    {
      "type": "Feature",
      "id": "detailed_building_permits:21-226751 MU",
      "geometry": {
        "type": "Point",
        "coordinates": [
          -97.14923514963668,
          49.881072949448836
        ]
      },
      "properties": {
        "city": "Winnipeg",
        "dtuid": "602110401",
        "feed": "detailed_building_permits",
        "source_record_id": "21-226751 MU",
        "status": "Issued",
        "permit_type": "Multi-Residential",
        "permit_class": "Apartments",
        "work_type": "Structural Alteration",
        "description": null,
        "address": "7 Evergreen PL",
        "applied_date": "2021-10-19T00:00:00.000",
        "issued_date": "2021-11-01T00:00:00.000",
        "completed_date": null,
        "period_date": "2021-11-01T00:00:00.000",
        "longitude": -97.14923514963668,
        "latitude": 49.881072949448836,
        "units_created": 0.0,
        "units_lost": 0.0,
        "net_units": 0.0,
        "is_residential": true,
        "is_active": true,
        "in_period": false,
        "requested_geography": "downtown",
        "in_requested_geography": true,
        "spatial_qa": "point_in_polygon_tested",
        "metric_roles": "active_inventory|period_flow",
        "source_page": "https://data.winnipeg.ca/d/it4w-cpf4",
        "retrieved_at_utc": "2026-07-17T18:30:45.175912+00:00",
        "metric_membership": "active"
      }
    },
    {
      "type": "Feature",
      "id": "detailed_building_permits:21-231043 MU",
      "geometry": {
        "type": "Point",
        "coordinates": [
          -97.15777110002468,
          49.87946029486394
        ]
      },
      "properties": {
        "city": "Winnipeg",
        "dtuid": "602110401",
        "feed": "detailed_building_permits",
        "source_record_id": "21-231043 MU",
        "status": "Issued",
        "permit_type": "Multi-Residential",
        "permit_class": "Apartments",
        "work_type": "Interior Alteration",
        "description": null,
        "address": "25 Furby ST Unit Main floor",
        "applied_date": "2021-10-28T00:00:00.000",
        "issued_date": "2021-11-10T00:00:00.000",
        "completed_date": null,
        "period_date": "2021-11-10T00:00:00.000",
        "longitude": -97.15777110002468,
        "latitude": 49.87946029486394,
        "units_created": 0.0,
        "units_lost": 0.0,
        "net_units": 0.0,
        "is_residential": true,
        "is_active": true,
        "in_period": false,
        "requested_geography": "downtown",
        "in_requested_geography": true,
        "spatial_qa": "point_in_polygon_tested",
        "metric_roles": "active_inventory|period_flow",
        "source_page": "https://data.winnipeg.ca/d/it4w-cpf4",
        "retrieved_at_utc": "2026-07-17T18:30:45.175912+00:00",
        "metric_membership": "active"
      }
    },
    {
      "type": "Feature",
      "id": "detailed_building_permits:21-242046 MU",
      "geometry": {
        "type": "Point",
        "coordinates": [
          -97.13442586939887,
          49.903254849742055
        ]
      },
      "properties": {
        "city": "Winnipeg",
        "dtuid": "602110401",
        "feed": "detailed_building_permits",
        "source_record_id": "21-242046 MU",
        "status": "Issued",
        "permit_type": "Multi-Residential",
        "permit_class": "Lodging House",
        "work_type": "Interior and Exterior Alterations",
        "description": null,
        "address": "180 Henry AVE",
        "applied_date": "2021-11-26T00:00:00.000",
        "issued_date": "2021-12-14T00:00:00.000",
        "completed_date": null,
        "period_date": "2021-12-14T00:00:00.000",
        "longitude": -97.13442586939887,
        "latitude": 49.903254849742055,
        "units_created": 0.0,
        "units_lost": 0.0,
        "net_units": 0.0,
        "is_residential": true,
        "is_active": true,
        "in_period": false,
        "requested_geography": "downtown",
        "in_requested_geography": true,
        "spatial_qa": "point_in_polygon_tested",
        "metric_roles": "active_inventory|period_flow",
        "source_page": "https://data.winnipeg.ca/d/it4w-cpf4",
        "retrieved_at_utc": "2026-07-17T18:30:45.175912+00:00",
        "metric_membership": "active"
      }
    },
    {
      "type": "Feature",
      "id": "detailed_building_permits:22-109036 MU",
      "geometry": {
        "type": "Point",
        "coordinates": [
          -97.14142024679315,
          49.89058253666258
        ]
      },
      "properties": {
        "city": "Winnipeg",
        "dtuid": "602110401",
        "feed": "detailed_building_permits",
        "source_record_id": "22-109036 MU",
        "status": "Issued",
        "permit_type": "Multi-Residential",
        "permit_class": "Apartments",
        "work_type": "Construct New",
        "description": null,
        "address": "300 St. Mary AVE & 185 Donald ST",
        "applied_date": "2022-01-25T00:00:00.000",
        "issued_date": "2023-03-31T00:00:00.000",
        "completed_date": null,
        "period_date": "2023-03-31T00:00:00.000",
        "longitude": -97.14142024679315,
        "latitude": 49.89058253666258,
        "units_created": 0.0,
        "units_lost": 0.0,
        "net_units": 0.0,
        "is_residential": true,
        "is_active": true,
        "in_period": false,
        "requested_geography": "downtown",
        "in_requested_geography": true,
        "spatial_qa": "point_in_polygon_tested",
        "metric_roles": "active_inventory|period_flow",
        "source_page": "https://data.winnipeg.ca/d/it4w-cpf4",
        "retrieved_at_utc": "2026-07-17T18:30:45.175912+00:00",
        "metric_membership": "active"
      }
    },
    {
      "type": "Feature",
      "id": "detailed_building_permits:22-137841 MU",
      "geometry": {
        "type": "Point",
        "coordinates": [
          -97.15090566022235,
          49.895706525685114
        ]
      },
      "properties": {
        "city": "Winnipeg",
        "dtuid": "602110401",
        "feed": "detailed_building_permits",
        "source_record_id": "22-137841 MU",
        "status": "Issued",
        "permit_type": "Multi-Residential",
        "permit_class": "Apartments",
        "work_type": "Interior Alteration",
        "description": null,
        "address": "400 Kennedy ST Unit 204",
        "applied_date": "2022-04-19T00:00:00.000",
        "issued_date": "2022-05-03T00:00:00.000",
        "completed_date": null,
        "period_date": "2022-05-03T00:00:00.000",
        "longitude": -97.15090566022235,
        "latitude": 49.895706525685114,
        "units_created": 0.0,
        "units_lost": 0.0,
        "net_units": 0.0,
        "is_residential": true,
        "is_active": true,
        "in_period": false,
        "requested_geography": "downtown",
        "in_requested_geography": true,
        "spatial_qa": "point_in_polygon_tested",
        "metric_roles": "active_inventory|period_flow",
        "source_page": "https://data.winnipeg.ca/d/it4w-cpf4",
        "retrieved_at_utc": "2026-07-17T18:30:45.175912+00:00",
        "metric_membership": "active"
      }
    },
    {
      "type": "Feature",
      "id": "detailed_building_permits:22-150402 MU",
      "geometry": {
        "type": "Point",
        "coordinates": [
          -97.16124244788543,
          49.89892638633629
        ]
      },
      "properties": {
        "city": "Winnipeg",
        "dtuid": "602110401",
        "feed": "detailed_building_permits",
        "source_record_id": "22-150402 MU",
        "status": "Issued",
        "permit_type": "Multi-Residential",
        "permit_class": "Apartments",
        "work_type": "Interior and Exterior Alterations",
        "description": null,
        "address": "663 Agnes ST",
        "applied_date": "2022-05-19T00:00:00.000",
        "issued_date": "2023-05-09T00:00:00.000",
        "completed_date": null,
        "period_date": "2023-05-09T00:00:00.000",
        "longitude": -97.16124244788543,
        "latitude": 49.89892638633629,
        "units_created": 0.0,
        "units_lost": 0.0,
        "net_units": 0.0,
        "is_residential": true,
        "is_active": true,
        "in_period": false,
        "requested_geography": "downtown",
        "in_requested_geography": true,
        "spatial_qa": "point_in_polygon_tested",
        "metric_roles": "active_inventory|period_flow",
        "source_page": "https://data.winnipeg.ca/d/it4w-cpf4",
        "retrieved_at_utc": "2026-07-17T18:30:45.175912+00:00",
        "metric_membership": "active"
      }
    },
    {
      "type": "Feature",
      "id": "detailed_building_permits:22-151165 MU",
      "geometry": {
        "type": "Point",
        "coordinates": [
          -97.1412290511829,
          49.898531305678155
        ]
      },
      "properties": {
        "city": "Winnipeg",
        "dtuid": "602110401",
        "feed": "detailed_building_permits",
        "source_record_id": "22-151165 MU",
        "status": "Issued",
        "permit_type": "Multi-Residential",
        "permit_class": "Apartments",
        "work_type": "Interior and Exterior Alterations",
        "description": null,
        "address": "283 Bannatyne AVE Unit 602",
        "applied_date": "2022-05-18T00:00:00.000",
        "issued_date": "2022-12-08T00:00:00.000",
        "completed_date": null,
        "period_date": "2022-12-08T00:00:00.000",
        "longitude": -97.1412290511829,
        "latitude": 49.898531305678155,
        "units_created": 0.0,
        "units_lost": 0.0,
        "net_units": 0.0,
        "is_residential": true,
        "is_active": true,
        "in_period": false,
        "requested_geography": "downtown",
        "in_requested_geography": true,
        "spatial_qa": "point_in_polygon_tested",
        "metric_roles": "active_inventory|period_flow",
        "source_page": "https://data.winnipeg.ca/d/it4w-cpf4",
        "retrieved_at_utc": "2026-07-17T18:30:45.175912+00:00",
        "metric_membership": "active"
      }
    },
    {
      "type": "Feature",
      "id": "detailed_building_permits:22-190036 HO",
      "geometry": {
        "type": "Point",
        "coordinates": [
          -97.15653247935784,
          49.882196759176104
        ]
      },
      "properties": {
        "city": "Winnipeg",
        "dtuid": "602110401",
        "feed": "detailed_building_permits",
        "source_record_id": "22-190036 HO",
        "status": "Issued",
        "permit_type": "Housing",
        "permit_class": "Row Housing",
        "work_type": "Construct New",
        "description": null,
        "address": "123 Langside ST",
        "applied_date": "2022-08-08T00:00:00.000",
        "issued_date": "2022-11-17T00:00:00.000",
        "completed_date": null,
        "period_date": "2022-11-17T00:00:00.000",
        "longitude": -97.15653247935784,
        "latitude": 49.882196759176104,
        "units_created": 3.0,
        "units_lost": 0.0,
        "net_units": 3.0,
        "is_residential": true,
        "is_active": true,
        "in_period": false,
        "requested_geography": "downtown",
        "in_requested_geography": true,
        "spatial_qa": "point_in_polygon_tested",
        "metric_roles": "active_inventory|period_flow",
        "source_page": "https://data.winnipeg.ca/d/it4w-cpf4",
        "retrieved_at_utc": "2026-07-17T18:30:45.175912+00:00",
        "metric_membership": "active"
      }
    },
    {
      "type": "Feature",
      "id": "detailed_building_permits:22-195060 MU",
      "geometry": {
        "type": "Point",
        "coordinates": [
          -97.14923514963668,
          49.881072949448836
        ]
      },
      "properties": {
        "city": "Winnipeg",
        "dtuid": "602110401",
        "feed": "detailed_building_permits",
        "source_record_id": "22-195060 MU",
        "status": "Issued",
        "permit_type": "Multi-Residential",
        "permit_class": "Apartments",
        "work_type": "Alter Exterior",
        "description": null,
        "address": "7 Evergreen PL",
        "applied_date": "2022-08-17T00:00:00.000",
        "issued_date": "2022-09-06T00:00:00.000",
        "completed_date": null,
        "period_date": "2022-09-06T00:00:00.000",
        "longitude": -97.14923514963668,
        "latitude": 49.881072949448836,
        "units_created": 0.0,
        "units_lost": 0.0,
        "net_units": 0.0,
        "is_residential": true,
        "is_active": true,
        "in_period": false,
        "requested_geography": "downtown",
        "in_requested_geography": true,
        "spatial_qa": "point_in_polygon_tested",
        "metric_roles": "active_inventory|period_flow",
        "source_page": "https://data.winnipeg.ca/d/it4w-cpf4",
        "retrieved_at_utc": "2026-07-17T18:30:45.175912+00:00",
        "metric_membership": "active"
      }
    },
    {
      "type": "Feature",
      "id": "detailed_building_permits:22-197721 MU",
      "geometry": {
        "type": "Point",
        "coordinates": [
          -97.14923514963668,
          49.881072949448836
        ]
      },
      "properties": {
        "city": "Winnipeg",
        "dtuid": "602110401",
        "feed": "detailed_building_permits",
        "source_record_id": "22-197721 MU",
        "status": "Issued",
        "permit_type": "Multi-Residential",
        "permit_class": "Apartments",
        "work_type": "Alter Exterior",
        "description": null,
        "address": "7 Evergreen PL",
        "applied_date": "2022-08-23T00:00:00.000",
        "issued_date": "2022-09-08T00:00:00.000",
        "completed_date": null,
        "period_date": "2022-09-08T00:00:00.000",
        "longitude": -97.14923514963668,
        "latitude": 49.881072949448836,
        "units_created": 0.0,
        "units_lost": 0.0,
        "net_units": 0.0,
        "is_residential": true,
        "is_active": true,
        "in_period": false,
        "requested_geography": "downtown",
        "in_requested_geography": true,
        "spatial_qa": "point_in_polygon_tested",
        "metric_roles": "active_inventory|period_flow",
        "source_page": "https://data.winnipeg.ca/d/it4w-cpf4",
        "retrieved_at_utc": "2026-07-17T18:30:45.175912+00:00",
        "metric_membership": "active"
      }
    },
    {
      "type": "Feature",
      "id": "detailed_building_permits:22-199266 MU",
      "geometry": {
        "type": "Point",
        "coordinates": [
          -97.1527134454215,
          49.89649998494438
        ]
      },
      "properties": {
        "city": "Winnipeg",
        "dtuid": "602110401",
        "feed": "detailed_building_permits",
        "source_record_id": "22-199266 MU",
        "status": "Issued",
        "permit_type": "Multi-Residential",
        "permit_class": "Apartments",
        "work_type": "Alter Exterior",
        "description": null,
        "address": "475 Sargent AVE",
        "applied_date": "2022-08-26T00:00:00.000",
        "issued_date": "2022-09-26T00:00:00.000",
        "completed_date": null,
        "period_date": "2022-09-26T00:00:00.000",
        "longitude": -97.1527134454215,
        "latitude": 49.89649998494438,
        "units_created": 0.0,
        "units_lost": 0.0,
        "net_units": 0.0,
        "is_residential": true,
        "is_active": true,
        "in_period": false,
        "requested_geography": "downtown",
        "in_requested_geography": true,
        "spatial_qa": "point_in_polygon_tested",
        "metric_roles": "active_inventory|period_flow",
        "source_page": "https://data.winnipeg.ca/d/it4w-cpf4",
        "retrieved_at_utc": "2026-07-17T18:30:45.175912+00:00",
        "metric_membership": "active"
      }
    },
    {
      "type": "Feature",
      "id": "detailed_building_permits:22-201100 MU",
      "geometry": {
        "type": "Point",
        "coordinates": [
          -97.15459802439295,
          49.88655431860133
        ]
      },
      "properties": {
        "city": "Winnipeg",
        "dtuid": "602110401",
        "feed": "detailed_building_permits",
        "source_record_id": "22-201100 MU",
        "status": "Issued",
        "permit_type": "Multi-Residential",
        "permit_class": "Apartments",
        "work_type": "Construct New",
        "description": null,
        "address": "194 Spence ST",
        "applied_date": "2022-08-31T00:00:00.000",
        "issued_date": "2023-01-25T00:00:00.000",
        "completed_date": null,
        "period_date": "2023-01-25T00:00:00.000",
        "longitude": -97.15459802439295,
        "latitude": 49.88655431860133,
        "units_created": 5.0,
        "units_lost": 0.0,
        "net_units": 5.0,
        "is_residential": true,
        "is_active": true,
        "in_period": false,
        "requested_geography": "downtown",
        "in_requested_geography": true,
        "spatial_qa": "point_in_polygon_tested",
        "metric_roles": "active_inventory|period_flow",
        "source_page": "https://data.winnipeg.ca/d/it4w-cpf4",
        "retrieved_at_utc": "2026-07-17T18:30:45.175912+00:00",
        "metric_membership": "active"
      }
    },
    {
      "type": "Feature",
      "id": "detailed_building_permits:22-205344 AS",
      "geometry": {
        "type": "Point",
        "coordinates": [
          -97.15838393296289,
          49.892058313852225
        ]
      },
      "properties": {
        "city": "Winnipeg",
        "dtuid": "602110401",
        "feed": "detailed_building_permits",
        "source_record_id": "22-205344 AS",
        "status": "Issued",
        "permit_type": "Accessory Structures",
        "permit_class": "Detached Garage",
        "work_type": "Construct New",
        "description": null,
        "address": "445 Sherbrook ST",
        "applied_date": "2022-09-07T00:00:00.000",
        "issued_date": "2022-09-09T00:00:00.000",
        "completed_date": null,
        "period_date": "2022-09-09T00:00:00.000",
        "longitude": -97.15838393296289,
        "latitude": 49.892058313852225,
        "units_created": 0.0,
        "units_lost": 0.0,
        "net_units": 0.0,
        "is_residential": true,
        "is_active": true,
        "in_period": false,
        "requested_geography": "downtown",
        "in_requested_geography": true,
        "spatial_qa": "point_in_polygon_tested",
        "metric_roles": "active_inventory|period_flow",
        "source_page": "https://data.winnipeg.ca/d/it4w-cpf4",
        "retrieved_at_utc": "2026-07-17T18:30:45.175912+00:00",
        "metric_membership": "active"
      }
    },
    {
      "type": "Feature",
      "id": "detailed_building_permits:22-207870 HO",
      "geometry": {
        "type": "Point",
        "coordinates": [
          -97.161332809402,
          49.89066850973668
        ]
      },
      "properties": {
        "city": "Winnipeg",
        "dtuid": "602110401",
        "feed": "detailed_building_permits",
        "source_record_id": "22-207870 HO",
        "status": "Issued",
        "permit_type": "Housing",
        "permit_class": "SFD",
        "work_type": "Develop Lower Level",
        "description": null,
        "address": "384 McGee ST",
        "applied_date": "2022-09-07T00:00:00.000",
        "issued_date": "2022-10-24T00:00:00.000",
        "completed_date": null,
        "period_date": "2022-10-24T00:00:00.000",
        "longitude": -97.161332809402,
        "latitude": 49.89066850973668,
        "units_created": 0.0,
        "units_lost": 0.0,
        "net_units": 0.0,
        "is_residential": true,
        "is_active": true,
        "in_period": false,
        "requested_geography": "downtown",
        "in_requested_geography": true,
        "spatial_qa": "point_in_polygon_tested",
        "metric_roles": "active_inventory|period_flow",
        "source_page": "https://data.winnipeg.ca/d/it4w-cpf4",
        "retrieved_at_utc": "2026-07-17T18:30:45.175912+00:00",
        "metric_membership": "active"
      }
    },
    {
      "type": "Feature",
      "id": "detailed_building_permits:22-212717 HO",
      "geometry": {
        "type": "Point",
        "coordinates": [
          -97.14971539643537,
          49.900506657911436
        ]
      },
      "properties": {
        "city": "Winnipeg",
        "dtuid": "602110401",
        "feed": "detailed_building_permits",
        "source_record_id": "22-212717 HO",
        "status": "Issued",
        "permit_type": "Housing",
        "permit_class": "SFD",
        "work_type": "Construct New",
        "description": null,
        "address": "86/86 A Harriet ST",
        "applied_date": "2022-09-27T00:00:00.000",
        "issued_date": "2023-04-21T00:00:00.000",
        "completed_date": null,
        "period_date": "2023-04-21T00:00:00.000",
        "longitude": -97.14971539643537,
        "latitude": 49.900506657911436,
        "units_created": 1.0,
        "units_lost": 0.0,
        "net_units": 1.0,
        "is_residential": true,
        "is_active": true,
        "in_period": false,
        "requested_geography": "downtown",
        "in_requested_geography": true,
        "spatial_qa": "point_in_polygon_tested",
        "metric_roles": "active_inventory|period_flow",
        "source_page": "https://data.winnipeg.ca/d/it4w-cpf4",
        "retrieved_at_utc": "2026-07-17T18:30:45.175912+00:00",
        "metric_membership": "active"
      }
    },
    {
      "type": "Feature",
      "id": "detailed_building_permits:22-222898 HO",
      "geometry": {
        "type": "Point",
        "coordinates": [
          -97.14436582180056,
          49.87877038837787
        ]
      },
      "properties": {
        "city": "Winnipeg",
        "dtuid": "602110401",
        "feed": "detailed_building_permits",
        "source_record_id": "22-222898 HO",
        "status": "Issued",
        "permit_type": "Housing",
        "permit_class": "SFD",
        "work_type": "Change of Use",
        "description": null,
        "address": "118 Pulford ST",
        "applied_date": "2022-10-21T00:00:00.000",
        "issued_date": "2022-12-28T00:00:00.000",
        "completed_date": null,
        "period_date": "2022-12-28T00:00:00.000",
        "longitude": -97.14436582180056,
        "latitude": 49.87877038837787,
        "units_created": 0.0,
        "units_lost": 0.0,
        "net_units": 0.0,
        "is_residential": true,
        "is_active": true,
        "in_period": false,
        "requested_geography": "downtown",
        "in_requested_geography": true,
        "spatial_qa": "point_in_polygon_tested",
        "metric_roles": "active_inventory|period_flow",
        "source_page": "https://data.winnipeg.ca/d/it4w-cpf4",
        "retrieved_at_utc": "2026-07-17T18:30:45.175912+00:00",
        "metric_membership": "active"
      }
    },
    {
      "type": "Feature",
      "id": "detailed_building_permits:22-227505 MU",
      "geometry": {
        "type": "Point",
        "coordinates": [
          -97.15354231130874,
          49.87966588341927
        ]
      },
      "properties": {
        "city": "Winnipeg",
        "dtuid": "602110401",
        "feed": "detailed_building_permits",
        "source_record_id": "22-227505 MU",
        "status": "Issued",
        "permit_type": "Multi-Residential",
        "permit_class": "Apartments",
        "work_type": "Alter Exterior",
        "description": null,
        "address": "300 Roslyn RD",
        "applied_date": "2022-11-03T00:00:00.000",
        "issued_date": "2022-11-24T00:00:00.000",
        "completed_date": null,
        "period_date": "2022-11-24T00:00:00.000",
        "longitude": -97.15354231130874,
        "latitude": 49.87966588341927,
        "units_created": 0.0,
        "units_lost": 0.0,
        "net_units": 0.0,
        "is_residential": true,
        "is_active": true,
        "in_period": false,
        "requested_geography": "downtown",
        "in_requested_geography": true,
        "spatial_qa": "point_in_polygon_tested",
        "metric_roles": "active_inventory|period_flow",
        "source_page": "https://data.winnipeg.ca/d/it4w-cpf4",
        "retrieved_at_utc": "2026-07-17T18:30:45.175912+00:00",
        "metric_membership": "active"
      }
    },
    {
      "type": "Feature",
      "id": "detailed_building_permits:22-227768 HO",
      "geometry": {
        "type": "Point",
        "coordinates": [
          -97.15386782460531,
          49.900969897989945
        ]
      },
      "properties": {
        "city": "Winnipeg",
        "dtuid": "602110401",
        "feed": "detailed_building_permits",
        "source_record_id": "22-227768 HO",
        "status": "Issued",
        "permit_type": "Housing",
        "permit_class": "SFD",
        "work_type": "Structural Alteration",
        "description": null,
        "address": "66 Kate ST",
        "applied_date": "2022-11-03T00:00:00.000",
        "issued_date": "2022-12-02T00:00:00.000",
        "completed_date": null,
        "period_date": "2022-12-02T00:00:00.000",
        "longitude": -97.15386782460531,
        "latitude": 49.900969897989945,
        "units_created": 0.0,
        "units_lost": 0.0,
        "net_units": 0.0,
        "is_residential": true,
        "is_active": true,
        "in_period": false,
        "requested_geography": "downtown",
        "in_requested_geography": true,
        "spatial_qa": "point_in_polygon_tested",
        "metric_roles": "active_inventory|period_flow",
        "source_page": "https://data.winnipeg.ca/d/it4w-cpf4",
        "retrieved_at_utc": "2026-07-17T18:30:45.175912+00:00",
        "metric_membership": "active"
      }
    },
    {
      "type": "Feature",
      "id": "detailed_building_permits:22-239177 HO",
      "geometry": {
        "type": "Point",
        "coordinates": [
          -97.16336283174594,
          49.884466836547425
        ]
      },
      "properties": {
        "city": "Winnipeg",
        "dtuid": "602110401",
        "feed": "detailed_building_permits",
        "source_record_id": "22-239177 HO",
        "status": "Issued",
        "permit_type": "Housing",
        "permit_class": "SFD",
        "work_type": "Structural Alteration",
        "description": null,
        "address": "205 Walnut ST",
        "applied_date": "2022-12-07T00:00:00.000",
        "issued_date": "2023-01-23T00:00:00.000",
        "completed_date": null,
        "period_date": "2023-01-23T00:00:00.000",
        "longitude": -97.16336283174594,
        "latitude": 49.884466836547425,
        "units_created": 0.0,
        "units_lost": 0.0,
        "net_units": 0.0,
        "is_residential": true,
        "is_active": true,
        "in_period": false,
        "requested_geography": "downtown",
        "in_requested_geography": true,
        "spatial_qa": "point_in_polygon_tested",
        "metric_roles": "active_inventory|period_flow",
        "source_page": "https://data.winnipeg.ca/d/it4w-cpf4",
        "retrieved_at_utc": "2026-07-17T18:30:45.175912+00:00",
        "metric_membership": "active"
      }
    },
    {
      "type": "Feature",
      "id": "detailed_building_permits:23-103260 MU",
      "geometry": {
        "type": "Point",
        "coordinates": [
          -97.15401064616081,
          49.89576638138249
        ]
      },
      "properties": {
        "city": "Winnipeg",
        "dtuid": "602110401",
        "feed": "detailed_building_permits",
        "source_record_id": "23-103260 MU",
        "status": "Issued",
        "permit_type": "Multi-Residential",
        "permit_class": "Rooming Houses",
        "work_type": "Interior Alteration",
        "description": null,
        "address": "528 Spence ST",
        "applied_date": "2023-01-09T00:00:00.000",
        "issued_date": "2023-05-24T00:00:00.000",
        "completed_date": null,
        "period_date": "2023-05-24T00:00:00.000",
        "longitude": -97.15401064616081,
        "latitude": 49.89576638138249,
        "units_created": 0.0,
        "units_lost": 0.0,
        "net_units": 0.0,
        "is_residential": true,
        "is_active": true,
        "in_period": false,
        "requested_geography": "downtown",
        "in_requested_geography": true,
        "spatial_qa": "point_in_polygon_tested",
        "metric_roles": "active_inventory|period_flow",
        "source_page": "https://data.winnipeg.ca/d/it4w-cpf4",
        "retrieved_at_utc": "2026-07-17T18:30:45.175912+00:00",
        "metric_membership": "active"
      }
    },
    {
      "type": "Feature",
      "id": "detailed_building_permits:23-104426 MU",
      "geometry": {
        "type": "Point",
        "coordinates": [
          -97.15346685499127,
          49.886517537766494
        ]
      },
      "properties": {
        "city": "Winnipeg",
        "dtuid": "602110401",
        "feed": "detailed_building_permits",
        "source_record_id": "23-104426 MU",
        "status": "Issued",
        "permit_type": "Multi-Residential",
        "permit_class": "Apartments",
        "work_type": "Structural Alteration",
        "description": null,
        "address": "196 Balmoral ST",
        "applied_date": "2023-01-09T00:00:00.000",
        "issued_date": "2023-05-31T00:00:00.000",
        "completed_date": null,
        "period_date": "2023-05-31T00:00:00.000",
        "longitude": -97.15346685499127,
        "latitude": 49.886517537766494,
        "units_created": 0.0,
        "units_lost": 0.0,
        "net_units": 0.0,
        "is_residential": true,
        "is_active": true,
        "in_period": false,
        "requested_geography": "downtown",
        "in_requested_geography": true,
        "spatial_qa": "point_in_polygon_tested",
        "metric_roles": "active_inventory|period_flow",
        "source_page": "https://data.winnipeg.ca/d/it4w-cpf4",
        "retrieved_at_utc": "2026-07-17T18:30:45.175912+00:00",
        "metric_membership": "active"
      }
    },
    {
      "type": "Feature",
      "id": "detailed_building_permits:23-107535 HO",
      "geometry": {
        "type": "Point",
        "coordinates": [
          -97.1608378812871,
          49.89779772302869
        ]
      },
      "properties": {
        "city": "Winnipeg",
        "dtuid": "602110401",
        "feed": "detailed_building_permits",
        "source_record_id": "23-107535 HO",
        "status": "Issued",
        "permit_type": "Housing",
        "permit_class": "SFD",
        "work_type": "Fire Repair",
        "description": null,
        "address": "632 McGee ST",
        "applied_date": "2023-01-20T00:00:00.000",
        "issued_date": "2023-02-14T00:00:00.000",
        "completed_date": null,
        "period_date": "2023-02-14T00:00:00.000",
        "longitude": -97.1608378812871,
        "latitude": 49.89779772302869,
        "units_created": 0.0,
        "units_lost": 0.0,
        "net_units": 0.0,
        "is_residential": true,
        "is_active": true,
        "in_period": false,
        "requested_geography": "downtown",
        "in_requested_geography": true,
        "spatial_qa": "point_in_polygon_tested",
        "metric_roles": "active_inventory|period_flow",
        "source_page": "https://data.winnipeg.ca/d/it4w-cpf4",
        "retrieved_at_utc": "2026-07-17T18:30:45.175912+00:00",
        "metric_membership": "active"
      }
    },
    {
      "type": "Feature",
      "id": "detailed_building_permits:23-118300 HO",
      "geometry": {
        "type": "Point",
        "coordinates": [
          -97.16088965594088,
          49.89706437363279
        ]
      },
      "properties": {
        "city": "Winnipeg",
        "dtuid": "602110401",
        "feed": "detailed_building_permits",
        "source_record_id": "23-118300 HO",
        "status": "Issued",
        "permit_type": "Housing",
        "permit_class": "SFD",
        "work_type": "Interior Alteration",
        "description": null,
        "address": "606 McGee ST",
        "applied_date": "2023-02-23T00:00:00.000",
        "issued_date": "2023-08-18T00:00:00.000",
        "completed_date": null,
        "period_date": "2023-08-18T00:00:00.000",
        "longitude": -97.16088965594088,
        "latitude": 49.89706437363279,
        "units_created": 0.0,
        "units_lost": 0.0,
        "net_units": 0.0,
        "is_residential": true,
        "is_active": true,
        "in_period": false,
        "requested_geography": "downtown",
        "in_requested_geography": true,
        "spatial_qa": "point_in_polygon_tested",
        "metric_roles": "active_inventory|period_flow",
        "source_page": "https://data.winnipeg.ca/d/it4w-cpf4",
        "retrieved_at_utc": "2026-07-17T18:30:45.175912+00:00",
        "metric_membership": "active"
      }
    },
    {
      "type": "Feature",
      "id": "detailed_building_permits:23-173574 MU",
      "geometry": {
        "type": "Point",
        "coordinates": [
          -97.15516238208967,
          49.8947858283682
        ]
      },
      "properties": {
        "city": "Winnipeg",
        "dtuid": "602110401",
        "feed": "detailed_building_permits",
        "source_record_id": "23-173574 MU",
        "status": "Issued",
        "permit_type": "Multi-Residential",
        "permit_class": "Residential Multi-Use",
        "work_type": "Interior and Exterior Alterations",
        "description": null,
        "address": "482 Young ST",
        "applied_date": "2023-06-30T00:00:00.000",
        "issued_date": "2023-08-04T00:00:00.000",
        "completed_date": null,
        "period_date": "2023-08-04T00:00:00.000",
        "longitude": -97.15516238208967,
        "latitude": 49.8947858283682,
        "units_created": 0.0,
        "units_lost": 0.0,
        "net_units": 0.0,
        "is_residential": true,
        "is_active": true,
        "in_period": false,
        "requested_geography": "downtown",
        "in_requested_geography": true,
        "spatial_qa": "point_in_polygon_tested",
        "metric_roles": "active_inventory|period_flow",
        "source_page": "https://data.winnipeg.ca/d/it4w-cpf4",
        "retrieved_at_utc": "2026-07-17T18:30:45.175912+00:00",
        "metric_membership": "active"
      }
    },
    {
      "type": "Feature",
      "id": "detailed_building_permits:23-205760 HO",
      "geometry": {
        "type": "Point",
        "coordinates": [
          -97.140828755953,
          49.88005760992313
        ]
      },
      "properties": {
        "city": "Winnipeg",
        "dtuid": "602110401",
        "feed": "detailed_building_permits",
        "source_record_id": "23-205760 HO",
        "status": "Issued",
        "permit_type": "Housing",
        "permit_class": "SFD",
        "work_type": "Construct Addition",
        "description": null,
        "address": "117 Cauchon ST",
        "applied_date": "2023-08-29T00:00:00.000",
        "issued_date": "2024-02-07T00:00:00.000",
        "completed_date": null,
        "period_date": "2024-02-07T00:00:00.000",
        "longitude": -97.140828755953,
        "latitude": 49.88005760992313,
        "units_created": 0.0,
        "units_lost": 0.0,
        "net_units": 0.0,
        "is_residential": true,
        "is_active": true,
        "in_period": false,
        "requested_geography": "downtown",
        "in_requested_geography": true,
        "spatial_qa": "point_in_polygon_tested",
        "metric_roles": "active_inventory|period_flow",
        "source_page": "https://data.winnipeg.ca/d/it4w-cpf4",
        "retrieved_at_utc": "2026-07-17T18:30:45.175912+00:00",
        "metric_membership": "active"
      }
    },
    {
      "type": "Feature",
      "id": "detailed_building_permits:23-213362 MU",
      "geometry": {
        "type": "Point",
        "coordinates": [
          -97.15390306516625,
          49.88680509354582
        ]
      },
      "properties": {
        "city": "Winnipeg",
        "dtuid": "602110401",
        "feed": "detailed_building_permits",
        "source_record_id": "23-213362 MU",
        "status": "Issued",
        "permit_type": "Multi-Residential",
        "permit_class": "Rooming Houses",
        "work_type": "Interior and Exterior Alterations",
        "description": null,
        "address": "205 Spence ST Unit 1 & 2",
        "applied_date": "2023-09-12T00:00:00.000",
        "issued_date": "2023-11-17T00:00:00.000",
        "completed_date": null,
        "period_date": "2023-11-17T00:00:00.000",
        "longitude": -97.15390306516625,
        "latitude": 49.88680509354582,
        "units_created": 0.0,
        "units_lost": 0.0,
        "net_units": 0.0,
        "is_residential": true,
        "is_active": true,
        "in_period": false,
        "requested_geography": "downtown",
        "in_requested_geography": true,
        "spatial_qa": "point_in_polygon_tested",
        "metric_roles": "active_inventory|period_flow",
        "source_page": "https://data.winnipeg.ca/d/it4w-cpf4",
        "retrieved_at_utc": "2026-07-17T18:30:45.175912+00:00",
        "metric_membership": "active"
      }
    },
    {
      "type": "Feature",
      "id": "detailed_building_permits:23-219208 HO",
      "geometry": {
        "type": "Point",
        "coordinates": [
          -97.15007477411704,
          49.899902414732864
        ]
      },
      "properties": {
        "city": "Winnipeg",
        "dtuid": "602110401",
        "feed": "detailed_building_permits",
        "source_record_id": "23-219208 HO",
        "status": "Issued",
        "permit_type": "Housing",
        "permit_class": "SFD",
        "work_type": "Structural Alteration",
        "description": null,
        "address": "470 McDermot AVE",
        "applied_date": "2023-09-25T00:00:00.000",
        "issued_date": "2024-02-01T00:00:00.000",
        "completed_date": null,
        "period_date": "2024-02-01T00:00:00.000",
        "longitude": -97.15007477411704,
        "latitude": 49.899902414732864,
        "units_created": 0.0,
        "units_lost": 0.0,
        "net_units": 0.0,
        "is_residential": true,
        "is_active": true,
        "in_period": false,
        "requested_geography": "downtown",
        "in_requested_geography": true,
        "spatial_qa": "point_in_polygon_tested",
        "metric_roles": "active_inventory|period_flow",
        "source_page": "https://data.winnipeg.ca/d/it4w-cpf4",
        "retrieved_at_utc": "2026-07-17T18:30:45.175912+00:00",
        "metric_membership": "active"
      }
    },
    {
      "type": "Feature",
      "id": "detailed_building_permits:23-221145 MU",
      "geometry": {
        "type": "Point",
        "coordinates": [
          -97.15139028075693,
          49.89666081406902
        ]
      },
      "properties": {
        "city": "Winnipeg",
        "dtuid": "602110401",
        "feed": "detailed_building_permits",
        "source_record_id": "23-221145 MU",
        "status": "Issued",
        "permit_type": "Multi-Residential",
        "permit_class": "Apartments",
        "work_type": "Interior Alteration",
        "description": null,
        "address": "444 Kennedy ST Unit Unit 406",
        "applied_date": "2023-09-25T00:00:00.000",
        "issued_date": "2023-10-19T00:00:00.000",
        "completed_date": null,
        "period_date": "2023-10-19T00:00:00.000",
        "longitude": -97.15139028075693,
        "latitude": 49.89666081406902,
        "units_created": 0.0,
        "units_lost": 0.0,
        "net_units": 0.0,
        "is_residential": true,
        "is_active": true,
        "in_period": false,
        "requested_geography": "downtown",
        "in_requested_geography": true,
        "spatial_qa": "point_in_polygon_tested",
        "metric_roles": "active_inventory|period_flow",
        "source_page": "https://data.winnipeg.ca/d/it4w-cpf4",
        "retrieved_at_utc": "2026-07-17T18:30:45.175912+00:00",
        "metric_membership": "active"
      }
    },
    {
      "type": "Feature",
      "id": "detailed_building_permits:23-235587 HO",
      "geometry": {
        "type": "Point",
        "coordinates": [
          -97.15416602707677,
          49.89356070368965
        ]
      },
      "properties": {
        "city": "Winnipeg",
        "dtuid": "602110401",
        "feed": "detailed_building_permits",
        "source_record_id": "23-235587 HO",
        "status": "Issued",
        "permit_type": "Housing",
        "permit_class": "SFD",
        "work_type": "Structural Alteration",
        "description": null,
        "address": "446 Spence St",
        "applied_date": "2023-10-27T00:00:00.000",
        "issued_date": "2023-12-05T00:00:00.000",
        "completed_date": null,
        "period_date": "2023-12-05T00:00:00.000",
        "longitude": -97.15416602707677,
        "latitude": 49.89356070368965,
        "units_created": 0.0,
        "units_lost": 0.0,
        "net_units": 0.0,
        "is_residential": true,
        "is_active": true,
        "in_period": false,
        "requested_geography": "downtown",
        "in_requested_geography": true,
        "spatial_qa": "point_in_polygon_tested",
        "metric_roles": "active_inventory|period_flow",
        "source_page": "https://data.winnipeg.ca/d/it4w-cpf4",
        "retrieved_at_utc": "2026-07-17T18:30:45.175912+00:00",
        "metric_membership": "active"
      }
    },
    {
      "type": "Feature",
      "id": "detailed_building_permits:23-237408 MU",
      "geometry": {
        "type": "Point",
        "coordinates": [
          -97.14098990006973,
          49.87834781769745
        ]
      },
      "properties": {
        "city": "Winnipeg",
        "dtuid": "602110401",
        "feed": "detailed_building_permits",
        "source_record_id": "23-237408 MU",
        "status": "Issued",
        "permit_type": "Multi-Residential",
        "permit_class": "Residential Multi-Use",
        "work_type": "Construct New",
        "description": null,
        "address": "159 Scott St",
        "applied_date": "2023-11-06T00:00:00.000",
        "issued_date": "2024-02-22T00:00:00.000",
        "completed_date": null,
        "period_date": "2024-02-22T00:00:00.000",
        "longitude": -97.14098990006973,
        "latitude": 49.87834781769745,
        "units_created": 0.0,
        "units_lost": 0.0,
        "net_units": 0.0,
        "is_residential": true,
        "is_active": true,
        "in_period": false,
        "requested_geography": "downtown",
        "in_requested_geography": true,
        "spatial_qa": "point_in_polygon_tested",
        "metric_roles": "active_inventory|period_flow",
        "source_page": "https://data.winnipeg.ca/d/it4w-cpf4",
        "retrieved_at_utc": "2026-07-17T18:30:45.175912+00:00",
        "metric_membership": "active"
      }
    },
    {
      "type": "Feature",
      "id": "detailed_building_permits:23-245347 MU",
      "geometry": {
        "type": "Point",
        "coordinates": [
          -97.14039322868106,
          49.89983068524633
        ]
      },
      "properties": {
        "city": "Winnipeg",
        "dtuid": "602110401",
        "feed": "detailed_building_permits",
        "source_record_id": "23-245347 MU",
        "status": "Issued",
        "permit_type": "Multi-Residential",
        "permit_class": "Residential Multi-Use",
        "work_type": "Construct New",
        "description": null,
        "address": "148/ 150 King Street",
        "applied_date": "2023-11-23T00:00:00.000",
        "issued_date": "2024-05-16T00:00:00.000",
        "completed_date": null,
        "period_date": "2024-05-16T00:00:00.000",
        "longitude": -97.14039322868106,
        "latitude": 49.89983068524633,
        "units_created": 95.0,
        "units_lost": 0.0,
        "net_units": 95.0,
        "is_residential": true,
        "is_active": true,
        "in_period": false,
        "requested_geography": "downtown",
        "in_requested_geography": true,
        "spatial_qa": "point_in_polygon_tested",
        "metric_roles": "active_inventory|period_flow",
        "source_page": "https://data.winnipeg.ca/d/it4w-cpf4",
        "retrieved_at_utc": "2026-07-17T18:30:45.175912+00:00",
        "metric_membership": "active"
      }
    },
    {
      "type": "Feature",
      "id": "detailed_building_permits:23-252054 HO",
      "geometry": {
        "type": "Point",
        "coordinates": [
          -97.14864682012531,
          49.90177750316219
        ]
      },
      "properties": {
        "city": "Winnipeg",
        "dtuid": "602110401",
        "feed": "detailed_building_permits",
        "source_record_id": "23-252054 HO",
        "status": "Issued",
        "permit_type": "Housing",
        "permit_class": "Row Housing",
        "work_type": "Construct New",
        "description": null,
        "address": "470 William Ave  Unit 1/2/3/4",
        "applied_date": "2023-12-08T00:00:00.000",
        "issued_date": "2024-06-27T00:00:00.000",
        "completed_date": null,
        "period_date": "2024-06-27T00:00:00.000",
        "longitude": -97.14864682012531,
        "latitude": 49.90177750316219,
        "units_created": 4.0,
        "units_lost": 0.0,
        "net_units": 4.0,
        "is_residential": true,
        "is_active": true,
        "in_period": false,
        "requested_geography": "downtown",
        "in_requested_geography": true,
        "spatial_qa": "point_in_polygon_tested",
        "metric_roles": "active_inventory|period_flow",
        "source_page": "https://data.winnipeg.ca/d/it4w-cpf4",
        "retrieved_at_utc": "2026-07-17T18:30:45.175912+00:00",
        "metric_membership": "active"
      }
    },
    {
      "type": "Feature",
      "id": "detailed_building_permits:23-256580 MU",
      "geometry": {
        "type": "Point",
        "coordinates": [
          -97.14331490318244,
          49.878587210988115
        ]
      },
      "properties": {
        "city": "Winnipeg",
        "dtuid": "602110401",
        "feed": "detailed_building_permits",
        "source_record_id": "23-256580 MU",
        "status": "Issued",
        "permit_type": "Multi-Residential",
        "permit_class": "Apartments",
        "work_type": "Interior and Exterior Alterations",
        "description": null,
        "address": "411 Stradbrook Ave",
        "applied_date": "2023-12-21T00:00:00.000",
        "issued_date": "2024-01-29T00:00:00.000",
        "completed_date": null,
        "period_date": "2024-01-29T00:00:00.000",
        "longitude": -97.14331490318244,
        "latitude": 49.878587210988115,
        "units_created": 1.0,
        "units_lost": 0.0,
        "net_units": 1.0,
        "is_residential": true,
        "is_active": true,
        "in_period": false,
        "requested_geography": "downtown",
        "in_requested_geography": true,
        "spatial_qa": "point_in_polygon_tested",
        "metric_roles": "active_inventory|period_flow",
        "source_page": "https://data.winnipeg.ca/d/it4w-cpf4",
        "retrieved_at_utc": "2026-07-17T18:30:45.175912+00:00",
        "metric_membership": "active"
      }
    },
    {
      "type": "Feature",
      "id": "detailed_building_permits:24-102072 HO",
      "geometry": {
        "type": "Point",
        "coordinates": [
          -97.15556895244976,
          49.89542043283026
        ]
      },
      "properties": {
        "city": "Winnipeg",
        "dtuid": "602110401",
        "feed": "detailed_building_permits",
        "source_record_id": "24-102072 HO",
        "status": "Issued",
        "permit_type": "Housing",
        "permit_class": "SFD",
        "work_type": "Construct New",
        "description": null,
        "address": "563 Langside St & 563 A (sec ste)",
        "applied_date": "2024-01-02T00:00:00.000",
        "issued_date": "2024-02-20T00:00:00.000",
        "completed_date": null,
        "period_date": "2024-02-20T00:00:00.000",
        "longitude": -97.15556895244976,
        "latitude": 49.89542043283026,
        "units_created": 1.0,
        "units_lost": 0.0,
        "net_units": 1.0,
        "is_residential": true,
        "is_active": true,
        "in_period": false,
        "requested_geography": "downtown",
        "in_requested_geography": true,
        "spatial_qa": "point_in_polygon_tested",
        "metric_roles": "active_inventory|period_flow",
        "source_page": "https://data.winnipeg.ca/d/it4w-cpf4",
        "retrieved_at_utc": "2026-07-17T18:30:45.175912+00:00",
        "metric_membership": "active"
      }
    },
    {
      "type": "Feature",
      "id": "detailed_building_permits:24-102163 HO",
      "geometry": {
        "type": "Point",
        "coordinates": [
          -97.14864682012531,
          49.90177750316219
        ]
      },
      "properties": {
        "city": "Winnipeg",
        "dtuid": "602110401",
        "feed": "detailed_building_permits",
        "source_record_id": "24-102163 HO",
        "status": "Issued",
        "permit_type": "Housing",
        "permit_class": "Row Housing",
        "work_type": "Construct New",
        "description": null,
        "address": "470 William Ave  Unit 1",
        "applied_date": "2023-12-08T00:00:00.000",
        "issued_date": "2024-06-27T00:00:00.000",
        "completed_date": null,
        "period_date": "2024-06-27T00:00:00.000",
        "longitude": -97.14864682012531,
        "latitude": 49.90177750316219,
        "units_created": 0.0,
        "units_lost": 0.0,
        "net_units": 0.0,
        "is_residential": true,
        "is_active": true,
        "in_period": false,
        "requested_geography": "downtown",
        "in_requested_geography": true,
        "spatial_qa": "point_in_polygon_tested",
        "metric_roles": "active_inventory|period_flow",
        "source_page": "https://data.winnipeg.ca/d/it4w-cpf4",
        "retrieved_at_utc": "2026-07-17T18:30:45.175912+00:00",
        "metric_membership": "active"
      }
    },
    {
      "type": "Feature",
      "id": "detailed_building_permits:24-102256 HO",
      "geometry": {
        "type": "Point",
        "coordinates": [
          -97.14872044298045,
          49.901801147069314
        ]
      },
      "properties": {
        "city": "Winnipeg",
        "dtuid": "602110401",
        "feed": "detailed_building_permits",
        "source_record_id": "24-102256 HO",
        "status": "Issued",
        "permit_type": "Housing",
        "permit_class": "Row Housing",
        "work_type": "Construct New",
        "description": null,
        "address": "470 William Ave  Unit 2",
        "applied_date": "2023-12-08T00:00:00.000",
        "issued_date": "2024-06-27T00:00:00.000",
        "completed_date": null,
        "period_date": "2024-06-27T00:00:00.000",
        "longitude": -97.14872044298045,
        "latitude": 49.901801147069314,
        "units_created": 0.0,
        "units_lost": 0.0,
        "net_units": 0.0,
        "is_residential": true,
        "is_active": true,
        "in_period": false,
        "requested_geography": "downtown",
        "in_requested_geography": true,
        "spatial_qa": "point_in_polygon_tested",
        "metric_roles": "active_inventory|period_flow",
        "source_page": "https://data.winnipeg.ca/d/it4w-cpf4",
        "retrieved_at_utc": "2026-07-17T18:30:45.175912+00:00",
        "metric_membership": "active"
      }
    },
    {
      "type": "Feature",
      "id": "detailed_building_permits:24-102275 HO",
      "geometry": {
        "type": "Point",
        "coordinates": [
          -97.1487969684098,
          49.9018257230616
        ]
      },
      "properties": {
        "city": "Winnipeg",
        "dtuid": "602110401",
        "feed": "detailed_building_permits",
        "source_record_id": "24-102275 HO",
        "status": "Issued",
        "permit_type": "Housing",
        "permit_class": "Row Housing",
        "work_type": "Construct New",
        "description": null,
        "address": "470 William Ave  Unit 3",
        "applied_date": "2023-12-08T00:00:00.000",
        "issued_date": "2024-06-27T00:00:00.000",
        "completed_date": null,
        "period_date": "2024-06-27T00:00:00.000",
        "longitude": -97.1487969684098,
        "latitude": 49.9018257230616,
        "units_created": 0.0,
        "units_lost": 0.0,
        "net_units": 0.0,
        "is_residential": true,
        "is_active": true,
        "in_period": false,
        "requested_geography": "downtown",
        "in_requested_geography": true,
        "spatial_qa": "point_in_polygon_tested",
        "metric_roles": "active_inventory|period_flow",
        "source_page": "https://data.winnipeg.ca/d/it4w-cpf4",
        "retrieved_at_utc": "2026-07-17T18:30:45.175912+00:00",
        "metric_membership": "active"
      }
    },
    {
      "type": "Feature",
      "id": "detailed_building_permits:24-102311 HO",
      "geometry": {
        "type": "Point",
        "coordinates": [
          -97.14887707126768,
          49.901851447857794
        ]
      },
      "properties": {
        "city": "Winnipeg",
        "dtuid": "602110401",
        "feed": "detailed_building_permits",
        "source_record_id": "24-102311 HO",
        "status": "Issued",
        "permit_type": "Housing",
        "permit_class": "Row Housing",
        "work_type": "Construct New",
        "description": null,
        "address": "470 William Ave  Unit 4",
        "applied_date": "2023-12-08T00:00:00.000",
        "issued_date": "2024-06-27T00:00:00.000",
        "completed_date": null,
        "period_date": "2024-06-27T00:00:00.000",
        "longitude": -97.14887707126768,
        "latitude": 49.901851447857794,
        "units_created": 0.0,
        "units_lost": 0.0,
        "net_units": 0.0,
        "is_residential": true,
        "is_active": true,
        "in_period": false,
        "requested_geography": "downtown",
        "in_requested_geography": true,
        "spatial_qa": "point_in_polygon_tested",
        "metric_roles": "active_inventory|period_flow",
        "source_page": "https://data.winnipeg.ca/d/it4w-cpf4",
        "retrieved_at_utc": "2026-07-17T18:30:45.175912+00:00",
        "metric_membership": "active"
      }
    },
    {
      "type": "Feature",
      "id": "detailed_building_permits:24-103966 MU",
      "geometry": {
        "type": "Point",
        "coordinates": [
          -97.13356668750089,
          49.902494395929324
        ]
      },
      "properties": {
        "city": "Winnipeg",
        "dtuid": "602110401",
        "feed": "detailed_building_permits",
        "source_record_id": "24-103966 MU",
        "status": "Issued",
        "permit_type": "Multi-Residential",
        "permit_class": "Residential Multi-Use",
        "work_type": "Construct Addition",
        "description": null,
        "address": "71 Martha ST",
        "applied_date": "2024-01-09T00:00:00.000",
        "issued_date": "2024-03-27T00:00:00.000",
        "completed_date": null,
        "period_date": "2024-03-27T00:00:00.000",
        "longitude": -97.13356668750089,
        "latitude": 49.902494395929324,
        "units_created": 0.0,
        "units_lost": 0.0,
        "net_units": 0.0,
        "is_residential": true,
        "is_active": true,
        "in_period": false,
        "requested_geography": "downtown",
        "in_requested_geography": true,
        "spatial_qa": "point_in_polygon_tested",
        "metric_roles": "active_inventory|period_flow",
        "source_page": "https://data.winnipeg.ca/d/it4w-cpf4",
        "retrieved_at_utc": "2026-07-17T18:30:45.175912+00:00",
        "metric_membership": "active"
      }
    },
    {
      "type": "Feature",
      "id": "detailed_building_permits:24-109105 MU",
      "geometry": {
        "type": "Point",
        "coordinates": [
          -97.14945348285978,
          49.89454488914112
        ]
      },
      "properties": {
        "city": "Winnipeg",
        "dtuid": "602110401",
        "feed": "detailed_building_permits",
        "source_record_id": "24-109105 MU",
        "status": "Issued",
        "permit_type": "Multi-Residential",
        "permit_class": "Apartments",
        "work_type": "Interior Alteration",
        "description": null,
        "address": "355/357 Kennedy St Unit 915",
        "applied_date": "2024-01-23T00:00:00.000",
        "issued_date": "2024-02-08T00:00:00.000",
        "completed_date": null,
        "period_date": "2024-02-08T00:00:00.000",
        "longitude": -97.14945348285978,
        "latitude": 49.89454488914112,
        "units_created": 0.0,
        "units_lost": 0.0,
        "net_units": 0.0,
        "is_residential": true,
        "is_active": true,
        "in_period": false,
        "requested_geography": "downtown",
        "in_requested_geography": true,
        "spatial_qa": "point_in_polygon_tested",
        "metric_roles": "active_inventory|period_flow",
        "source_page": "https://data.winnipeg.ca/d/it4w-cpf4",
        "retrieved_at_utc": "2026-07-17T18:30:45.175912+00:00",
        "metric_membership": "active"
      }
    },
    {
      "type": "Feature",
      "id": "detailed_building_permits:24-122698 MU",
      "geometry": {
        "type": "Point",
        "coordinates": [
          -97.13624361768898,
          49.89469154461741
        ]
      },
      "properties": {
        "city": "Winnipeg",
        "dtuid": "602110401",
        "feed": "detailed_building_permits",
        "source_record_id": "24-122698 MU",
        "status": "Issued",
        "permit_type": "Multi-Residential",
        "permit_class": "Apartments",
        "work_type": "Construct Addition",
        "description": null,
        "address": "138 Portage Ave E",
        "applied_date": "2024-02-28T00:00:00.000",
        "issued_date": "2024-06-13T00:00:00.000",
        "completed_date": null,
        "period_date": "2024-06-13T00:00:00.000",
        "longitude": -97.13624361768898,
        "latitude": 49.89469154461741,
        "units_created": 117.0,
        "units_lost": 0.0,
        "net_units": 117.0,
        "is_residential": true,
        "is_active": true,
        "in_period": false,
        "requested_geography": "downtown",
        "in_requested_geography": true,
        "spatial_qa": "point_in_polygon_tested",
        "metric_roles": "active_inventory|period_flow",
        "source_page": "https://data.winnipeg.ca/d/it4w-cpf4",
        "retrieved_at_utc": "2026-07-17T18:30:45.175912+00:00",
        "metric_membership": "active"
      }
    },
    {
      "type": "Feature",
      "id": "detailed_building_permits:24-122929 MU",
      "geometry": {
        "type": "Point",
        "coordinates": [
          -97.14326188150277,
          49.885870426877524
        ]
      },
      "properties": {
        "city": "Winnipeg",
        "dtuid": "602110401",
        "feed": "detailed_building_permits",
        "source_record_id": "24-122929 MU",
        "status": "Issued",
        "permit_type": "Multi-Residential",
        "permit_class": "Residential Multi-Use",
        "work_type": "Alter Exterior",
        "description": null,
        "address": "77 Edmonton St",
        "applied_date": "2024-02-23T00:00:00.000",
        "issued_date": "2024-04-09T00:00:00.000",
        "completed_date": null,
        "period_date": "2024-04-09T00:00:00.000",
        "longitude": -97.14326188150277,
        "latitude": 49.885870426877524,
        "units_created": 0.0,
        "units_lost": 0.0,
        "net_units": 0.0,
        "is_residential": true,
        "is_active": true,
        "in_period": false,
        "requested_geography": "downtown",
        "in_requested_geography": true,
        "spatial_qa": "point_in_polygon_tested",
        "metric_roles": "active_inventory|period_flow",
        "source_page": "https://data.winnipeg.ca/d/it4w-cpf4",
        "retrieved_at_utc": "2026-07-17T18:30:45.175912+00:00",
        "metric_membership": "active"
      }
    },
    {
      "type": "Feature",
      "id": "detailed_building_permits:24-125256 MU",
      "geometry": {
        "type": "Point",
        "coordinates": [
          -97.14062142700328,
          49.89731969384119
        ]
      },
      "properties": {
        "city": "Winnipeg",
        "dtuid": "602110401",
        "feed": "detailed_building_permits",
        "source_record_id": "24-125256 MU",
        "status": "Issued",
        "permit_type": "Multi-Residential",
        "permit_class": "Hotels",
        "work_type": "Interior Alteration",
        "description": null,
        "address": "233 Mcdermot Ave",
        "applied_date": "2024-03-07T00:00:00.000",
        "issued_date": "2024-07-30T00:00:00.000",
        "completed_date": null,
        "period_date": "2024-07-30T00:00:00.000",
        "longitude": -97.14062142700328,
        "latitude": 49.89731969384119,
        "units_created": 1.0,
        "units_lost": 0.0,
        "net_units": 1.0,
        "is_residential": true,
        "is_active": true,
        "in_period": false,
        "requested_geography": "downtown",
        "in_requested_geography": true,
        "spatial_qa": "point_in_polygon_tested",
        "metric_roles": "active_inventory|period_flow",
        "source_page": "https://data.winnipeg.ca/d/it4w-cpf4",
        "retrieved_at_utc": "2026-07-17T18:30:45.175912+00:00",
        "metric_membership": "active"
      }
    },
    {
      "type": "Feature",
      "id": "detailed_building_permits:24-154745 MU",
      "geometry": {
        "type": "Point",
        "coordinates": [
          -97.15048313014066,
          49.87883946042237
        ]
      },
      "properties": {
        "city": "Winnipeg",
        "dtuid": "602110401",
        "feed": "detailed_building_permits",
        "source_record_id": "24-154745 MU",
        "status": "Issued",
        "permit_type": "Multi-Residential",
        "permit_class": "Apartments",
        "work_type": "Alter Exterior",
        "description": null,
        "address": "55 Nassau St N",
        "applied_date": "2024-05-09T00:00:00.000",
        "issued_date": "2024-06-05T00:00:00.000",
        "completed_date": null,
        "period_date": "2024-06-05T00:00:00.000",
        "longitude": -97.15048313014066,
        "latitude": 49.87883946042237,
        "units_created": 0.0,
        "units_lost": 0.0,
        "net_units": 0.0,
        "is_residential": true,
        "is_active": true,
        "in_period": false,
        "requested_geography": "downtown",
        "in_requested_geography": true,
        "spatial_qa": "point_in_polygon_tested",
        "metric_roles": "active_inventory|period_flow",
        "source_page": "https://data.winnipeg.ca/d/it4w-cpf4",
        "retrieved_at_utc": "2026-07-17T18:30:45.175912+00:00",
        "metric_membership": "active"
      }
    },
    {
      "type": "Feature",
      "id": "detailed_building_permits:24-161878 MU",
      "geometry": {
        "type": "Point",
        "coordinates": [
          -97.1591359047135,
          49.89348444339374
        ]
      },
      "properties": {
        "city": "Winnipeg",
        "dtuid": "602110401",
        "feed": "detailed_building_permits",
        "source_record_id": "24-161878 MU",
        "status": "Issued",
        "permit_type": "Multi-Residential",
        "permit_class": "Apartments",
        "work_type": "Construct New",
        "description": null,
        "address": "488 Sherbrook St",
        "applied_date": "2024-05-22T00:00:00.000",
        "issued_date": "2025-09-05T00:00:00.000",
        "completed_date": null,
        "period_date": "2025-09-05T00:00:00.000",
        "longitude": -97.1591359047135,
        "latitude": 49.89348444339374,
        "units_created": 14.0,
        "units_lost": 0.0,
        "net_units": 14.0,
        "is_residential": true,
        "is_active": true,
        "in_period": false,
        "requested_geography": "downtown",
        "in_requested_geography": true,
        "spatial_qa": "point_in_polygon_tested",
        "metric_roles": "active_inventory|period_flow",
        "source_page": "https://data.winnipeg.ca/d/it4w-cpf4",
        "retrieved_at_utc": "2026-07-17T18:30:45.175912+00:00",
        "metric_membership": "active"
      }
    },
    {
      "type": "Feature",
      "id": "detailed_building_permits:24-161916 MU",
      "geometry": {
        "type": "Point",
        "coordinates": [
          -97.1591359047135,
          49.89348444339374
        ]
      },
      "properties": {
        "city": "Winnipeg",
        "dtuid": "602110401",
        "feed": "detailed_building_permits",
        "source_record_id": "24-161916 MU",
        "status": "Issued",
        "permit_type": "Multi-Residential",
        "permit_class": "Apartments",
        "work_type": "Partial Permit-Foundation",
        "description": null,
        "address": "488 Sherbrook St",
        "applied_date": "2024-05-22T00:00:00.000",
        "issued_date": "2024-08-01T00:00:00.000",
        "completed_date": null,
        "period_date": "2024-08-01T00:00:00.000",
        "longitude": -97.1591359047135,
        "latitude": 49.89348444339374,
        "units_created": 0.0,
        "units_lost": 0.0,
        "net_units": 0.0,
        "is_residential": true,
        "is_active": true,
        "in_period": false,
        "requested_geography": "downtown",
        "in_requested_geography": true,
        "spatial_qa": "point_in_polygon_tested",
        "metric_roles": "active_inventory|period_flow",
        "source_page": "https://data.winnipeg.ca/d/it4w-cpf4",
        "retrieved_at_utc": "2026-07-17T18:30:45.175912+00:00",
        "metric_membership": "active"
      }
    },
    {
      "type": "Feature",
      "id": "detailed_building_permits:24-168216 MU",
      "geometry": {
        "type": "Point",
        "coordinates": [
          -97.14377299290456,
          49.889440501978285
        ]
      },
      "properties": {
        "city": "Winnipeg",
        "dtuid": "602110401",
        "feed": "detailed_building_permits",
        "source_record_id": "24-168216 MU",
        "status": "Issued",
        "permit_type": "Multi-Residential",
        "permit_class": "Misc. Structure",
        "work_type": "Interior and Exterior Alterations",
        "description": null,
        "address": "175 Carlton St",
        "applied_date": "2024-06-03T00:00:00.000",
        "issued_date": "2024-06-27T00:00:00.000",
        "completed_date": null,
        "period_date": "2024-06-27T00:00:00.000",
        "longitude": -97.14377299290456,
        "latitude": 49.889440501978285,
        "units_created": 0.0,
        "units_lost": 0.0,
        "net_units": 0.0,
        "is_residential": true,
        "is_active": true,
        "in_period": false,
        "requested_geography": "downtown",
        "in_requested_geography": true,
        "spatial_qa": "point_in_polygon_tested",
        "metric_roles": "active_inventory|period_flow",
        "source_page": "https://data.winnipeg.ca/d/it4w-cpf4",
        "retrieved_at_utc": "2026-07-17T18:30:45.175912+00:00",
        "metric_membership": "active"
      }
    },
    {
      "type": "Feature",
      "id": "detailed_building_permits:24-169595 MU",
      "geometry": {
        "type": "Point",
        "coordinates": [
          -97.13652289100817,
          49.880194947248945
        ]
      },
      "properties": {
        "city": "Winnipeg",
        "dtuid": "602110401",
        "feed": "detailed_building_permits",
        "source_record_id": "24-169595 MU",
        "status": "Issued",
        "permit_type": "Multi-Residential",
        "permit_class": "Apartments",
        "work_type": "Alter Exterior",
        "description": null,
        "address": "240 Stradbrook Ave",
        "applied_date": "2024-06-05T00:00:00.000",
        "issued_date": "2024-06-27T00:00:00.000",
        "completed_date": null,
        "period_date": "2024-06-27T00:00:00.000",
        "longitude": -97.13652289100817,
        "latitude": 49.880194947248945,
        "units_created": 0.0,
        "units_lost": 0.0,
        "net_units": 0.0,
        "is_residential": true,
        "is_active": true,
        "in_period": false,
        "requested_geography": "downtown",
        "in_requested_geography": true,
        "spatial_qa": "point_in_polygon_tested",
        "metric_roles": "active_inventory|period_flow",
        "source_page": "https://data.winnipeg.ca/d/it4w-cpf4",
        "retrieved_at_utc": "2026-07-17T18:30:45.175912+00:00",
        "metric_membership": "active"
      }
    },
    {
      "type": "Feature",
      "id": "detailed_building_permits:24-175495 HO",
      "geometry": {
        "type": "Point",
        "coordinates": [
          -97.15653247935784,
          49.882196759176104
        ]
      },
      "properties": {
        "city": "Winnipeg",
        "dtuid": "602110401",
        "feed": "detailed_building_permits",
        "source_record_id": "24-175495 HO",
        "status": "Issued",
        "permit_type": "Housing",
        "permit_class": "Row Housing",
        "work_type": "Construct New",
        "description": null,
        "address": "123 Langside St  Unit 1",
        "applied_date": "2022-08-08T00:00:00.000",
        "issued_date": "2024-06-17T00:00:00.000",
        "completed_date": null,
        "period_date": "2024-06-17T00:00:00.000",
        "longitude": -97.15653247935784,
        "latitude": 49.882196759176104,
        "units_created": 0.0,
        "units_lost": 0.0,
        "net_units": 0.0,
        "is_residential": true,
        "is_active": true,
        "in_period": false,
        "requested_geography": "downtown",
        "in_requested_geography": true,
        "spatial_qa": "point_in_polygon_tested",
        "metric_roles": "active_inventory|period_flow",
        "source_page": "https://data.winnipeg.ca/d/it4w-cpf4",
        "retrieved_at_utc": "2026-07-17T18:30:45.175912+00:00",
        "metric_membership": "active"
      }
    },
    {
      "type": "Feature",
      "id": "detailed_building_permits:24-175520 HO",
      "geometry": {
        "type": "Point",
        "coordinates": [
          -97.15648519378355,
          49.88217184354866
        ]
      },
      "properties": {
        "city": "Winnipeg",
        "dtuid": "602110401",
        "feed": "detailed_building_permits",
        "source_record_id": "24-175520 HO",
        "status": "Issued",
        "permit_type": "Housing",
        "permit_class": "Row Housing",
        "work_type": "Construct New",
        "description": null,
        "address": "123 Langside St  Unit 3",
        "applied_date": "2022-08-08T00:00:00.000",
        "issued_date": "2024-06-17T00:00:00.000",
        "completed_date": null,
        "period_date": "2024-06-17T00:00:00.000",
        "longitude": -97.15648519378355,
        "latitude": 49.88217184354866,
        "units_created": 0.0,
        "units_lost": 0.0,
        "net_units": 0.0,
        "is_residential": true,
        "is_active": true,
        "in_period": false,
        "requested_geography": "downtown",
        "in_requested_geography": true,
        "spatial_qa": "point_in_polygon_tested",
        "metric_roles": "active_inventory|period_flow",
        "source_page": "https://data.winnipeg.ca/d/it4w-cpf4",
        "retrieved_at_utc": "2026-07-17T18:30:45.175912+00:00",
        "metric_membership": "active"
      }
    },
    {
      "type": "Feature",
      "id": "detailed_building_permits:24-190457 MU",
      "geometry": {
        "type": "Point",
        "coordinates": [
          -97.15972092325357,
          49.8887705065784
        ]
      },
      "properties": {
        "city": "Winnipeg",
        "dtuid": "602110401",
        "feed": "detailed_building_permits",
        "source_record_id": "24-190457 MU",
        "status": "Issued",
        "permit_type": "Multi-Residential",
        "permit_class": "Apartments",
        "work_type": "Construct Addition",
        "description": null,
        "address": "320 Sherbrook St",
        "applied_date": "2024-07-15T00:00:00.000",
        "issued_date": "2024-10-22T00:00:00.000",
        "completed_date": null,
        "period_date": "2024-10-22T00:00:00.000",
        "longitude": -97.15972092325357,
        "latitude": 49.8887705065784,
        "units_created": 0.0,
        "units_lost": 0.0,
        "net_units": 0.0,
        "is_residential": true,
        "is_active": true,
        "in_period": false,
        "requested_geography": "downtown",
        "in_requested_geography": true,
        "spatial_qa": "point_in_polygon_tested",
        "metric_roles": "active_inventory|period_flow",
        "source_page": "https://data.winnipeg.ca/d/it4w-cpf4",
        "retrieved_at_utc": "2026-07-17T18:30:45.175912+00:00",
        "metric_membership": "active"
      }
    },
    {
      "type": "Feature",
      "id": "detailed_building_permits:24-194533 HO",
      "geometry": {
        "type": "Point",
        "coordinates": [
          -97.15632461713487,
          49.88395223014902
        ]
      },
      "properties": {
        "city": "Winnipeg",
        "dtuid": "602110401",
        "feed": "detailed_building_permits",
        "source_record_id": "24-194533 HO",
        "status": "Issued",
        "permit_type": "Housing",
        "permit_class": "SFD",
        "work_type": "Structural Alteration",
        "description": null,
        "address": "173 Langside Street",
        "applied_date": "2024-07-23T00:00:00.000",
        "issued_date": "2024-08-08T00:00:00.000",
        "completed_date": null,
        "period_date": "2024-08-08T00:00:00.000",
        "longitude": -97.15632461713487,
        "latitude": 49.88395223014902,
        "units_created": 0.0,
        "units_lost": 0.0,
        "net_units": 0.0,
        "is_residential": true,
        "is_active": true,
        "in_period": false,
        "requested_geography": "downtown",
        "in_requested_geography": true,
        "spatial_qa": "point_in_polygon_tested",
        "metric_roles": "active_inventory|period_flow",
        "source_page": "https://data.winnipeg.ca/d/it4w-cpf4",
        "retrieved_at_utc": "2026-07-17T18:30:45.175912+00:00",
        "metric_membership": "active"
      }
    },
    {
      "type": "Feature",
      "id": "detailed_building_permits:24-197821 MU",
      "geometry": {
        "type": "Point",
        "coordinates": [
          -97.14012229926392,
          49.88674137858728
        ]
      },
      "properties": {
        "city": "Winnipeg",
        "dtuid": "602110401",
        "feed": "detailed_building_permits",
        "source_record_id": "24-197821 MU",
        "status": "Issued",
        "permit_type": "Multi-Residential",
        "permit_class": "Apartments",
        "work_type": "Alter Exterior",
        "description": null,
        "address": "72 Donald St",
        "applied_date": "2024-07-25T00:00:00.000",
        "issued_date": "2024-08-22T00:00:00.000",
        "completed_date": null,
        "period_date": "2024-08-22T00:00:00.000",
        "longitude": -97.14012229926392,
        "latitude": 49.88674137858728,
        "units_created": 0.0,
        "units_lost": 0.0,
        "net_units": 0.0,
        "is_residential": true,
        "is_active": true,
        "in_period": false,
        "requested_geography": "downtown",
        "in_requested_geography": true,
        "spatial_qa": "point_in_polygon_tested",
        "metric_roles": "active_inventory|period_flow",
        "source_page": "https://data.winnipeg.ca/d/it4w-cpf4",
        "retrieved_at_utc": "2026-07-17T18:30:45.175912+00:00",
        "metric_membership": "active"
      }
    },
    {
      "type": "Feature",
      "id": "detailed_building_permits:24-199034 MU",
      "geometry": {
        "type": "Point",
        "coordinates": [
          -97.15712593932956,
          49.8818656833415
        ]
      },
      "properties": {
        "city": "Winnipeg",
        "dtuid": "602110401",
        "feed": "detailed_building_permits",
        "source_record_id": "24-199034 MU",
        "status": "Issued",
        "permit_type": "Multi-Residential",
        "permit_class": "Apartments",
        "work_type": "Interior Alteration",
        "description": null,
        "address": "645/641 Westminster Ave",
        "applied_date": "2024-07-29T00:00:00.000",
        "issued_date": "2024-12-19T00:00:00.000",
        "completed_date": null,
        "period_date": "2024-12-19T00:00:00.000",
        "longitude": -97.15712593932956,
        "latitude": 49.8818656833415,
        "units_created": 2.0,
        "units_lost": 0.0,
        "net_units": 2.0,
        "is_residential": true,
        "is_active": true,
        "in_period": false,
        "requested_geography": "downtown",
        "in_requested_geography": true,
        "spatial_qa": "point_in_polygon_tested",
        "metric_roles": "active_inventory|period_flow",
        "source_page": "https://data.winnipeg.ca/d/it4w-cpf4",
        "retrieved_at_utc": "2026-07-17T18:30:45.175912+00:00",
        "metric_membership": "active"
      }
    },
    {
      "type": "Feature",
      "id": "detailed_building_permits:24-207802 HO",
      "geometry": {
        "type": "Point",
        "coordinates": [
          -97.15993587989307,
          49.89064472174231
        ]
      },
      "properties": {
        "city": "Winnipeg",
        "dtuid": "602110401",
        "feed": "detailed_building_permits",
        "source_record_id": "24-207802 HO",
        "status": "Issued",
        "permit_type": "Housing",
        "permit_class": "SFD",
        "work_type": "Construct New",
        "description": null,
        "address": "387 Maryland Street",
        "applied_date": "2024-08-14T00:00:00.000",
        "issued_date": "2025-02-19T00:00:00.000",
        "completed_date": null,
        "period_date": "2025-02-19T00:00:00.000",
        "longitude": -97.15993587989307,
        "latitude": 49.89064472174231,
        "units_created": 1.0,
        "units_lost": 0.0,
        "net_units": 1.0,
        "is_residential": true,
        "is_active": true,
        "in_period": false,
        "requested_geography": "downtown",
        "in_requested_geography": true,
        "spatial_qa": "point_in_polygon_tested",
        "metric_roles": "active_inventory|period_flow",
        "source_page": "https://data.winnipeg.ca/d/it4w-cpf4",
        "retrieved_at_utc": "2026-07-17T18:30:45.175912+00:00",
        "metric_membership": "active"
      }
    },
    {
      "type": "Feature",
      "id": "detailed_building_permits:24-209092 HO",
      "geometry": {
        "type": "Point",
        "coordinates": [
          -97.15051778227198,
          49.901591180931995
        ]
      },
      "properties": {
        "city": "Winnipeg",
        "dtuid": "602110401",
        "feed": "detailed_building_permits",
        "source_record_id": "24-209092 HO",
        "status": "Issued",
        "permit_type": "Housing",
        "permit_class": "SFD",
        "work_type": "Fire Repair",
        "description": null,
        "address": "511 Bannatyne Ave",
        "applied_date": "2024-08-16T00:00:00.000",
        "issued_date": "2024-09-24T00:00:00.000",
        "completed_date": null,
        "period_date": "2024-09-24T00:00:00.000",
        "longitude": -97.15051778227198,
        "latitude": 49.901591180931995,
        "units_created": 0.0,
        "units_lost": 0.0,
        "net_units": 0.0,
        "is_residential": true,
        "is_active": true,
        "in_period": false,
        "requested_geography": "downtown",
        "in_requested_geography": true,
        "spatial_qa": "point_in_polygon_tested",
        "metric_roles": "active_inventory|period_flow",
        "source_page": "https://data.winnipeg.ca/d/it4w-cpf4",
        "retrieved_at_utc": "2026-07-17T18:30:45.175912+00:00",
        "metric_membership": "active"
      }
    },
    {
      "type": "Feature",
      "id": "detailed_building_permits:24-211672 MU",
      "geometry": {
        "type": "Point",
        "coordinates": [
          -97.15334409773432,
          49.88887049489884
        ]
      },
      "properties": {
        "city": "Winnipeg",
        "dtuid": "602110401",
        "feed": "detailed_building_permits",
        "source_record_id": "24-211672 MU",
        "status": "Issued",
        "permit_type": "Multi-Residential",
        "permit_class": "Apartments",
        "work_type": "Construct New",
        "description": null,
        "address": "284 Balmoral St",
        "applied_date": "2024-08-21T00:00:00.000",
        "issued_date": "2025-05-06T00:00:00.000",
        "completed_date": null,
        "period_date": "2025-05-06T00:00:00.000",
        "longitude": -97.15334409773432,
        "latitude": 49.88887049489884,
        "units_created": 15.0,
        "units_lost": 0.0,
        "net_units": 15.0,
        "is_residential": true,
        "is_active": true,
        "in_period": false,
        "requested_geography": "downtown",
        "in_requested_geography": true,
        "spatial_qa": "point_in_polygon_tested",
        "metric_roles": "active_inventory|period_flow",
        "source_page": "https://data.winnipeg.ca/d/it4w-cpf4",
        "retrieved_at_utc": "2026-07-17T18:30:45.175912+00:00",
        "metric_membership": "active"
      }
    },
    {
      "type": "Feature",
      "id": "detailed_building_permits:24-215165 MU",
      "geometry": {
        "type": "Point",
        "coordinates": [
          -97.14067753795601,
          49.890503100472344
        ]
      },
      "properties": {
        "city": "Winnipeg",
        "dtuid": "602110401",
        "feed": "detailed_building_permits",
        "source_record_id": "24-215165 MU",
        "status": "Issued",
        "permit_type": "Multi-Residential",
        "permit_class": "Apartments",
        "work_type": "Interior and Exterior Alterations",
        "description": null,
        "address": "190 Smith St",
        "applied_date": "2024-08-28T00:00:00.000",
        "issued_date": "2025-01-09T00:00:00.000",
        "completed_date": null,
        "period_date": "2025-01-09T00:00:00.000",
        "longitude": -97.14067753795601,
        "latitude": 49.890503100472344,
        "units_created": 0.0,
        "units_lost": 0.0,
        "net_units": 0.0,
        "is_residential": true,
        "is_active": true,
        "in_period": false,
        "requested_geography": "downtown",
        "in_requested_geography": true,
        "spatial_qa": "point_in_polygon_tested",
        "metric_roles": "active_inventory|period_flow",
        "source_page": "https://data.winnipeg.ca/d/it4w-cpf4",
        "retrieved_at_utc": "2026-07-17T18:30:45.175912+00:00",
        "metric_membership": "active"
      }
    },
    {
      "type": "Feature",
      "id": "detailed_building_permits:24-222672 HO",
      "geometry": {
        "type": "Point",
        "coordinates": [
          -97.15427440428728,
          49.90273700305651
        ]
      },
      "properties": {
        "city": "Winnipeg",
        "dtuid": "602110401",
        "feed": "detailed_building_permits",
        "source_record_id": "24-222672 HO",
        "status": "Issued",
        "permit_type": "Housing",
        "permit_class": "Duplex / Side by Side",
        "work_type": "Change of Use",
        "description": null,
        "address": "605 Bannatyne Ave  Unit 1 and 2",
        "applied_date": "2024-09-09T00:00:00.000",
        "issued_date": "2025-02-12T00:00:00.000",
        "completed_date": null,
        "period_date": "2025-02-12T00:00:00.000",
        "longitude": -97.15427440428728,
        "latitude": 49.90273700305651,
        "units_created": 1.0,
        "units_lost": 0.0,
        "net_units": 1.0,
        "is_residential": true,
        "is_active": true,
        "in_period": false,
        "requested_geography": "downtown",
        "in_requested_geography": true,
        "spatial_qa": "point_in_polygon_tested",
        "metric_roles": "active_inventory|period_flow",
        "source_page": "https://data.winnipeg.ca/d/it4w-cpf4",
        "retrieved_at_utc": "2026-07-17T18:30:45.175912+00:00",
        "metric_membership": "active"
      }
    },
    {
      "type": "Feature",
      "id": "detailed_building_permits:24-227795 MU",
      "geometry": {
        "type": "Point",
        "coordinates": [
          -97.15814587970493,
          49.895407325357915
        ]
      },
      "properties": {
        "city": "Winnipeg",
        "dtuid": "602110401",
        "feed": "detailed_building_permits",
        "source_record_id": "24-227795 MU",
        "status": "Issued",
        "permit_type": "Multi-Residential",
        "permit_class": "Apartments",
        "work_type": "Interior and Exterior Alterations",
        "description": null,
        "address": "557 Sherbrook St, Unit 7 & 8",
        "applied_date": "2024-09-23T00:00:00.000",
        "issued_date": "2025-03-07T00:00:00.000",
        "completed_date": null,
        "period_date": "2025-03-07T00:00:00.000",
        "longitude": -97.15814587970493,
        "latitude": 49.895407325357915,
        "units_created": 2.0,
        "units_lost": 0.0,
        "net_units": 2.0,
        "is_residential": true,
        "is_active": true,
        "in_period": false,
        "requested_geography": "downtown",
        "in_requested_geography": true,
        "spatial_qa": "point_in_polygon_tested",
        "metric_roles": "active_inventory|period_flow",
        "source_page": "https://data.winnipeg.ca/d/it4w-cpf4",
        "retrieved_at_utc": "2026-07-17T18:30:45.175912+00:00",
        "metric_membership": "active"
      }
    },
    {
      "type": "Feature",
      "id": "detailed_building_permits:24-231211 HO",
      "geometry": {
        "type": "Point",
        "coordinates": [
          -97.14777339355874,
          49.900229080869046
        ]
      },
      "properties": {
        "city": "Winnipeg",
        "dtuid": "602110401",
        "feed": "detailed_building_permits",
        "source_record_id": "24-231211 HO",
        "status": "Issued",
        "permit_type": "Housing",
        "permit_class": "Duplex / Side by Side",
        "work_type": "Construct New",
        "description": null,
        "address": "432/434 Bannatyne Ave",
        "applied_date": "2024-09-25T00:00:00.000",
        "issued_date": "2024-12-18T00:00:00.000",
        "completed_date": null,
        "period_date": "2024-12-18T00:00:00.000",
        "longitude": -97.14777339355874,
        "latitude": 49.900229080869046,
        "units_created": 2.0,
        "units_lost": 0.0,
        "net_units": 2.0,
        "is_residential": true,
        "is_active": true,
        "in_period": false,
        "requested_geography": "downtown",
        "in_requested_geography": true,
        "spatial_qa": "point_in_polygon_tested",
        "metric_roles": "active_inventory|period_flow",
        "source_page": "https://data.winnipeg.ca/d/it4w-cpf4",
        "retrieved_at_utc": "2026-07-17T18:30:45.175912+00:00",
        "metric_membership": "active"
      }
    },
    {
      "type": "Feature",
      "id": "detailed_building_permits:24-232445 MU",
      "geometry": {
        "type": "Point",
        "coordinates": [
          -97.1559755023395,
          49.882191875637076
        ]
      },
      "properties": {
        "city": "Winnipeg",
        "dtuid": "602110401",
        "feed": "detailed_building_permits",
        "source_record_id": "24-232445 MU",
        "status": "Issued",
        "permit_type": "Multi-Residential",
        "permit_class": "Apartments",
        "work_type": "Fire Repair",
        "description": null,
        "address": "86 Young St Unit 102",
        "applied_date": "2024-10-02T00:00:00.000",
        "issued_date": "2024-10-23T00:00:00.000",
        "completed_date": null,
        "period_date": "2024-10-23T00:00:00.000",
        "longitude": -97.1559755023395,
        "latitude": 49.882191875637076,
        "units_created": 0.0,
        "units_lost": 0.0,
        "net_units": 0.0,
        "is_residential": true,
        "is_active": true,
        "in_period": false,
        "requested_geography": "downtown",
        "in_requested_geography": true,
        "spatial_qa": "point_in_polygon_tested",
        "metric_roles": "active_inventory|period_flow",
        "source_page": "https://data.winnipeg.ca/d/it4w-cpf4",
        "retrieved_at_utc": "2026-07-17T18:30:45.175912+00:00",
        "metric_membership": "active"
      }
    },
    {
      "type": "Feature",
      "id": "detailed_building_permits:24-261779 MU",
      "geometry": {
        "type": "Point",
        "coordinates": [
          -97.15590486230494,
          49.88199875393386
        ]
      },
      "properties": {
        "city": "Winnipeg",
        "dtuid": "602110401",
        "feed": "detailed_building_permits",
        "source_record_id": "24-261779 MU",
        "status": "Issued",
        "permit_type": "Multi-Residential",
        "permit_class": "Apartments",
        "work_type": "Alter Exterior",
        "description": null,
        "address": "54 Young St",
        "applied_date": "2024-11-04T00:00:00.000",
        "issued_date": "2024-11-22T00:00:00.000",
        "completed_date": null,
        "period_date": "2024-11-22T00:00:00.000",
        "longitude": -97.15590486230494,
        "latitude": 49.88199875393386,
        "units_created": 0.0,
        "units_lost": 0.0,
        "net_units": 0.0,
        "is_residential": true,
        "is_active": true,
        "in_period": false,
        "requested_geography": "downtown",
        "in_requested_geography": true,
        "spatial_qa": "point_in_polygon_tested",
        "metric_roles": "active_inventory|period_flow",
        "source_page": "https://data.winnipeg.ca/d/it4w-cpf4",
        "retrieved_at_utc": "2026-07-17T18:30:45.175912+00:00",
        "metric_membership": "active"
      }
    },
    {
      "type": "Feature",
      "id": "detailed_building_permits:24-265056 MU",
      "geometry": {
        "type": "Point",
        "coordinates": [
          -97.14142024679315,
          49.89058253666258
        ]
      },
      "properties": {
        "city": "Winnipeg",
        "dtuid": "602110401",
        "feed": "detailed_building_permits",
        "source_record_id": "24-265056 MU",
        "status": "Issued",
        "permit_type": "Multi-Residential",
        "permit_class": "Apartments",
        "work_type": "Construct New",
        "description": null,
        "address": "300 St. Mary AVE & 185 Donald ST",
        "applied_date": "2024-11-12T00:00:00.000",
        "issued_date": "2025-02-28T00:00:00.000",
        "completed_date": null,
        "period_date": "2025-02-28T00:00:00.000",
        "longitude": -97.14142024679315,
        "latitude": 49.89058253666258,
        "units_created": 160.0,
        "units_lost": 0.0,
        "net_units": 160.0,
        "is_residential": true,
        "is_active": true,
        "in_period": false,
        "requested_geography": "downtown",
        "in_requested_geography": true,
        "spatial_qa": "point_in_polygon_tested",
        "metric_roles": "active_inventory|period_flow",
        "source_page": "https://data.winnipeg.ca/d/it4w-cpf4",
        "retrieved_at_utc": "2026-07-17T18:30:45.175912+00:00",
        "metric_membership": "active"
      }
    },
    {
      "type": "Feature",
      "id": "detailed_building_permits:24-268328 MU",
      "geometry": {
        "type": "Point",
        "coordinates": [
          -97.15517215020571,
          49.89465021679643
        ]
      },
      "properties": {
        "city": "Winnipeg",
        "dtuid": "602110401",
        "feed": "detailed_building_permits",
        "source_record_id": "24-268328 MU",
        "status": "Issued",
        "permit_type": "Multi-Residential",
        "permit_class": "Apartments",
        "work_type": "Interior and Exterior Alterations",
        "description": null,
        "address": "480 Young St",
        "applied_date": "2024-11-20T00:00:00.000",
        "issued_date": "2024-12-16T00:00:00.000",
        "completed_date": null,
        "period_date": "2024-12-16T00:00:00.000",
        "longitude": -97.15517215020571,
        "latitude": 49.89465021679643,
        "units_created": 0.0,
        "units_lost": 0.0,
        "net_units": 0.0,
        "is_residential": true,
        "is_active": true,
        "in_period": false,
        "requested_geography": "downtown",
        "in_requested_geography": true,
        "spatial_qa": "point_in_polygon_tested",
        "metric_roles": "active_inventory|period_flow",
        "source_page": "https://data.winnipeg.ca/d/it4w-cpf4",
        "retrieved_at_utc": "2026-07-17T18:30:45.175912+00:00",
        "metric_membership": "active"
      }
    },
    {
      "type": "Feature",
      "id": "detailed_building_permits:24-269219 HO",
      "geometry": {
        "type": "Point",
        "coordinates": [
          -97.16212191743634,
          49.89984175010791
        ]
      },
      "properties": {
        "city": "Winnipeg",
        "dtuid": "602110401",
        "feed": "detailed_building_permits",
        "source_record_id": "24-269219 HO",
        "status": "Issued",
        "permit_type": "Housing",
        "permit_class": "Duplex / Side by Side",
        "work_type": "Develop Lower Level",
        "description": null,
        "address": "676 Wellington Ave Unit 1",
        "applied_date": "2024-11-22T00:00:00.000",
        "issued_date": "2025-01-24T00:00:00.000",
        "completed_date": null,
        "period_date": "2025-01-24T00:00:00.000",
        "longitude": -97.16212191743634,
        "latitude": 49.89984175010791,
        "units_created": 0.0,
        "units_lost": 0.0,
        "net_units": 0.0,
        "is_residential": true,
        "is_active": true,
        "in_period": false,
        "requested_geography": "downtown",
        "in_requested_geography": true,
        "spatial_qa": "point_in_polygon_tested",
        "metric_roles": "active_inventory|period_flow",
        "source_page": "https://data.winnipeg.ca/d/it4w-cpf4",
        "retrieved_at_utc": "2026-07-17T18:30:45.175912+00:00",
        "metric_membership": "active"
      }
    },
    {
      "type": "Feature",
      "id": "detailed_building_permits:24-273132 MU",
      "geometry": {
        "type": "Point",
        "coordinates": [
          -97.1591359047135,
          49.89348444339374
        ]
      },
      "properties": {
        "city": "Winnipeg",
        "dtuid": "602110401",
        "feed": "detailed_building_permits",
        "source_record_id": "24-273132 MU",
        "status": "Issued",
        "permit_type": "Multi-Residential",
        "permit_class": "Apartments",
        "work_type": "Partial Permit-Struct. Frame",
        "description": null,
        "address": "488 Sherbrook St",
        "applied_date": "2024-05-22T00:00:00.000",
        "issued_date": "2025-01-08T00:00:00.000",
        "completed_date": null,
        "period_date": "2025-01-08T00:00:00.000",
        "longitude": -97.1591359047135,
        "latitude": 49.89348444339374,
        "units_created": 0.0,
        "units_lost": 0.0,
        "net_units": 0.0,
        "is_residential": true,
        "is_active": true,
        "in_period": false,
        "requested_geography": "downtown",
        "in_requested_geography": true,
        "spatial_qa": "point_in_polygon_tested",
        "metric_roles": "active_inventory|period_flow",
        "source_page": "https://data.winnipeg.ca/d/it4w-cpf4",
        "retrieved_at_utc": "2026-07-17T18:30:45.175912+00:00",
        "metric_membership": "active"
      }
    },
    {
      "type": "Feature",
      "id": "detailed_building_permits:24-278079 MU",
      "geometry": {
        "type": "Point",
        "coordinates": [
          -97.1427965727588,
          49.87916894729805
        ]
      },
      "properties": {
        "city": "Winnipeg",
        "dtuid": "602110401",
        "feed": "detailed_building_permits",
        "source_record_id": "24-278079 MU",
        "status": "Issued",
        "permit_type": "Multi-Residential",
        "permit_class": "Apartments",
        "work_type": "Interior Alteration",
        "description": null,
        "address": "117 Bryce Street Unit E",
        "applied_date": "2024-12-17T00:00:00.000",
        "issued_date": "2025-02-28T00:00:00.000",
        "completed_date": null,
        "period_date": "2025-02-28T00:00:00.000",
        "longitude": -97.1427965727588,
        "latitude": 49.87916894729805,
        "units_created": 0.0,
        "units_lost": 0.0,
        "net_units": 0.0,
        "is_residential": true,
        "is_active": true,
        "in_period": false,
        "requested_geography": "downtown",
        "in_requested_geography": true,
        "spatial_qa": "point_in_polygon_tested",
        "metric_roles": "active_inventory|period_flow",
        "source_page": "https://data.winnipeg.ca/d/it4w-cpf4",
        "retrieved_at_utc": "2026-07-17T18:30:45.175912+00:00",
        "metric_membership": "active"
      }
    },
    {
      "type": "Feature",
      "id": "detailed_building_permits:25-103886 HO",
      "geometry": {
        "type": "Point",
        "coordinates": [
          -97.16340572368063,
          49.8844054568607
        ]
      },
      "properties": {
        "city": "Winnipeg",
        "dtuid": "602110401",
        "feed": "detailed_building_permits",
        "source_record_id": "25-103886 HO",
        "status": "Issued",
        "permit_type": "Housing",
        "permit_class": "SFD",
        "work_type": "Interior Alteration",
        "description": null,
        "address": "203 Walnut Street",
        "applied_date": "2025-01-08T00:00:00.000",
        "issued_date": "2025-03-13T00:00:00.000",
        "completed_date": null,
        "period_date": "2025-03-13T00:00:00.000",
        "longitude": -97.16340572368063,
        "latitude": 49.8844054568607,
        "units_created": 0.0,
        "units_lost": 0.0,
        "net_units": 0.0,
        "is_residential": true,
        "is_active": true,
        "in_period": false,
        "requested_geography": "downtown",
        "in_requested_geography": true,
        "spatial_qa": "point_in_polygon_tested",
        "metric_roles": "active_inventory|period_flow",
        "source_page": "https://data.winnipeg.ca/d/it4w-cpf4",
        "retrieved_at_utc": "2026-07-17T18:30:45.175912+00:00",
        "metric_membership": "active"
      }
    },
    {
      "type": "Feature",
      "id": "detailed_building_permits:25-116317 HO",
      "geometry": {
        "type": "Point",
        "coordinates": [
          -97.15862334815213,
          49.88958260436144
        ]
      },
      "properties": {
        "city": "Winnipeg",
        "dtuid": "602110401",
        "feed": "detailed_building_permits",
        "source_record_id": "25-116317 HO",
        "status": "Issued",
        "permit_type": "Housing",
        "permit_class": "SFD",
        "work_type": "Demolish",
        "description": null,
        "address": "353 Sherbrook Street",
        "applied_date": "2025-02-11T00:00:00.000",
        "issued_date": "2026-03-13T00:00:00.000",
        "completed_date": null,
        "period_date": "2026-03-13T00:00:00.000",
        "longitude": -97.15862334815213,
        "latitude": 49.88958260436144,
        "units_created": 0.0,
        "units_lost": 1.0,
        "net_units": -1.0,
        "is_residential": true,
        "is_active": true,
        "in_period": true,
        "requested_geography": "downtown",
        "in_requested_geography": true,
        "spatial_qa": "point_in_polygon_tested",
        "metric_roles": "active_inventory|period_flow",
        "source_page": "https://data.winnipeg.ca/d/it4w-cpf4",
        "retrieved_at_utc": "2026-07-17T18:30:45.175912+00:00",
        "metric_membership": "both"
      }
    },
    {
      "type": "Feature",
      "id": "detailed_building_permits:25-127605 HO",
      "geometry": {
        "type": "Point",
        "coordinates": [
          -97.16273027949084,
          49.89354735416862
        ]
      },
      "properties": {
        "city": "Winnipeg",
        "dtuid": "602110401",
        "feed": "detailed_building_permits",
        "source_record_id": "25-127605 HO",
        "status": "Issued",
        "permit_type": "Housing",
        "permit_class": "SFD",
        "work_type": "Construct New",
        "description": null,
        "address": "493 Victor Street",
        "applied_date": "2025-03-11T00:00:00.000",
        "issued_date": "2025-04-17T00:00:00.000",
        "completed_date": null,
        "period_date": "2025-04-17T00:00:00.000",
        "longitude": -97.16273027949084,
        "latitude": 49.89354735416862,
        "units_created": 1.0,
        "units_lost": 0.0,
        "net_units": 1.0,
        "is_residential": true,
        "is_active": true,
        "in_period": false,
        "requested_geography": "downtown",
        "in_requested_geography": true,
        "spatial_qa": "point_in_polygon_tested",
        "metric_roles": "active_inventory|period_flow",
        "source_page": "https://data.winnipeg.ca/d/it4w-cpf4",
        "retrieved_at_utc": "2026-07-17T18:30:45.175912+00:00",
        "metric_membership": "active"
      }
    },
    {
      "type": "Feature",
      "id": "detailed_building_permits:25-128961 HO",
      "geometry": {
        "type": "Point",
        "coordinates": [
          -97.15856392659033,
          49.89165149567524
        ]
      },
      "properties": {
        "city": "Winnipeg",
        "dtuid": "602110401",
        "feed": "detailed_building_permits",
        "source_record_id": "25-128961 HO",
        "status": "Issued",
        "permit_type": "Housing",
        "permit_class": "Row Housing",
        "work_type": "Construct New",
        "description": null,
        "address": "429 Sherbrook Street Units 1 - 3",
        "applied_date": "2025-03-14T00:00:00.000",
        "issued_date": "2025-05-29T00:00:00.000",
        "completed_date": null,
        "period_date": "2025-05-29T00:00:00.000",
        "longitude": -97.15856392659033,
        "latitude": 49.89165149567524,
        "units_created": 3.0,
        "units_lost": 0.0,
        "net_units": 3.0,
        "is_residential": true,
        "is_active": true,
        "in_period": false,
        "requested_geography": "downtown",
        "in_requested_geography": true,
        "spatial_qa": "point_in_polygon_tested",
        "metric_roles": "active_inventory|period_flow",
        "source_page": "https://data.winnipeg.ca/d/it4w-cpf4",
        "retrieved_at_utc": "2026-07-17T18:30:45.175912+00:00",
        "metric_membership": "active"
      }
    },
    {
      "type": "Feature",
      "id": "detailed_building_permits:25-129073 HO",
      "geometry": {
        "type": "Point",
        "coordinates": [
          -97.15630844901924,
          49.89219289346594
        ]
      },
      "properties": {
        "city": "Winnipeg",
        "dtuid": "602110401",
        "feed": "detailed_building_permits",
        "source_record_id": "25-129073 HO",
        "status": "Issued",
        "permit_type": "Housing",
        "permit_class": "Row Housing",
        "work_type": "Construct New",
        "description": null,
        "address": "446 Langside Street Units 1 - 3",
        "applied_date": "2025-03-14T00:00:00.000",
        "issued_date": "2025-06-17T00:00:00.000",
        "completed_date": null,
        "period_date": "2025-06-17T00:00:00.000",
        "longitude": -97.15630844901924,
        "latitude": 49.89219289346594,
        "units_created": 3.0,
        "units_lost": 0.0,
        "net_units": 3.0,
        "is_residential": true,
        "is_active": true,
        "in_period": false,
        "requested_geography": "downtown",
        "in_requested_geography": true,
        "spatial_qa": "point_in_polygon_tested",
        "metric_roles": "active_inventory|period_flow",
        "source_page": "https://data.winnipeg.ca/d/it4w-cpf4",
        "retrieved_at_utc": "2026-07-17T18:30:45.175912+00:00",
        "metric_membership": "active"
      }
    },
    {
      "type": "Feature",
      "id": "detailed_building_permits:25-130965 MU",
      "geometry": {
        "type": "Point",
        "coordinates": [
          -97.1412290511829,
          49.898531305678155
        ]
      },
      "properties": {
        "city": "Winnipeg",
        "dtuid": "602110401",
        "feed": "detailed_building_permits",
        "source_record_id": "25-130965 MU",
        "status": "Issued",
        "permit_type": "Multi-Residential",
        "permit_class": "Apartments",
        "work_type": "Interior Alteration",
        "description": null,
        "address": "283 Bannatyne Ave, Lobby",
        "applied_date": "2025-03-19T00:00:00.000",
        "issued_date": "2025-06-16T00:00:00.000",
        "completed_date": null,
        "period_date": "2025-06-16T00:00:00.000",
        "longitude": -97.1412290511829,
        "latitude": 49.898531305678155,
        "units_created": 0.0,
        "units_lost": 0.0,
        "net_units": 0.0,
        "is_residential": true,
        "is_active": true,
        "in_period": false,
        "requested_geography": "downtown",
        "in_requested_geography": true,
        "spatial_qa": "point_in_polygon_tested",
        "metric_roles": "active_inventory|period_flow",
        "source_page": "https://data.winnipeg.ca/d/it4w-cpf4",
        "retrieved_at_utc": "2026-07-17T18:30:45.175912+00:00",
        "metric_membership": "active"
      }
    },
    {
      "type": "Feature",
      "id": "detailed_building_permits:25-136616 MU",
      "geometry": {
        "type": "Point",
        "coordinates": [
          -97.14527706595142,
          49.88394539618961
        ]
      },
      "properties": {
        "city": "Winnipeg",
        "dtuid": "602110401",
        "feed": "detailed_building_permits",
        "source_record_id": "25-136616 MU",
        "status": "Issued",
        "permit_type": "Multi-Residential",
        "permit_class": "Residential Multi-Use",
        "work_type": "Alter Exterior",
        "description": null,
        "address": "10 Kennedy Street",
        "applied_date": "2025-04-02T00:00:00.000",
        "issued_date": "2025-05-07T00:00:00.000",
        "completed_date": null,
        "period_date": "2025-05-07T00:00:00.000",
        "longitude": -97.14527706595142,
        "latitude": 49.88394539618961,
        "units_created": 0.0,
        "units_lost": 0.0,
        "net_units": 0.0,
        "is_residential": true,
        "is_active": true,
        "in_period": false,
        "requested_geography": "downtown",
        "in_requested_geography": true,
        "spatial_qa": "point_in_polygon_tested",
        "metric_roles": "active_inventory|period_flow",
        "source_page": "https://data.winnipeg.ca/d/it4w-cpf4",
        "retrieved_at_utc": "2026-07-17T18:30:45.175912+00:00",
        "metric_membership": "active"
      }
    },
    {
      "type": "Feature",
      "id": "detailed_building_permits:25-138557 HO",
      "geometry": {
        "type": "Point",
        "coordinates": [
          -97.15903158653629,
          49.894947351051826
        ]
      },
      "properties": {
        "city": "Winnipeg",
        "dtuid": "602110401",
        "feed": "detailed_building_permits",
        "source_record_id": "25-138557 HO",
        "status": "Issued",
        "permit_type": "Housing",
        "permit_class": "Duplex / Side by Side",
        "work_type": "Structural Alteration",
        "description": null,
        "address": "540 Sherbrook Street",
        "applied_date": "2025-05-02T00:00:00.000",
        "issued_date": "2025-12-24T00:00:00.000",
        "completed_date": null,
        "period_date": "2025-12-24T00:00:00.000",
        "longitude": -97.15903158653629,
        "latitude": 49.894947351051826,
        "units_created": 0.0,
        "units_lost": 0.0,
        "net_units": 0.0,
        "is_residential": true,
        "is_active": true,
        "in_period": false,
        "requested_geography": "downtown",
        "in_requested_geography": true,
        "spatial_qa": "point_in_polygon_tested",
        "metric_roles": "active_inventory|period_flow",
        "source_page": "https://data.winnipeg.ca/d/it4w-cpf4",
        "retrieved_at_utc": "2026-07-17T18:30:45.175912+00:00",
        "metric_membership": "active"
      }
    },
    {
      "type": "Feature",
      "id": "detailed_building_permits:25-142821 MU",
      "geometry": {
        "type": "Point",
        "coordinates": [
          -97.13357258285087,
          49.883252319816535
        ]
      },
      "properties": {
        "city": "Winnipeg",
        "dtuid": "602110401",
        "feed": "detailed_building_permits",
        "source_record_id": "25-142821 MU",
        "status": "Issued",
        "permit_type": "Multi-Residential",
        "permit_class": "Apartments",
        "work_type": "Construct New",
        "description": null,
        "address": "128 River Avenue",
        "applied_date": "2025-04-14T00:00:00.000",
        "issued_date": "2025-07-10T00:00:00.000",
        "completed_date": null,
        "period_date": "2025-07-10T00:00:00.000",
        "longitude": -97.13357258285087,
        "latitude": 49.883252319816535,
        "units_created": 19.0,
        "units_lost": 0.0,
        "net_units": 19.0,
        "is_residential": true,
        "is_active": true,
        "in_period": false,
        "requested_geography": "downtown",
        "in_requested_geography": true,
        "spatial_qa": "point_in_polygon_tested",
        "metric_roles": "active_inventory|period_flow",
        "source_page": "https://data.winnipeg.ca/d/it4w-cpf4",
        "retrieved_at_utc": "2026-07-17T18:30:45.175912+00:00",
        "metric_membership": "active"
      }
    },
    {
      "type": "Feature",
      "id": "detailed_building_permits:25-144233 HO",
      "geometry": {
        "type": "Point",
        "coordinates": [
          -97.15843168071993,
          49.891653106352805
        ]
      },
      "properties": {
        "city": "Winnipeg",
        "dtuid": "602110401",
        "feed": "detailed_building_permits",
        "source_record_id": "25-144233 HO",
        "status": "Issued",
        "permit_type": "Housing",
        "permit_class": "Row Housing",
        "work_type": "Construct New",
        "description": null,
        "address": "429 Sherbrook Street Unit 3",
        "applied_date": "2025-03-14T00:00:00.000",
        "issued_date": "2025-06-12T00:00:00.000",
        "completed_date": null,
        "period_date": "2025-06-12T00:00:00.000",
        "longitude": -97.15843168071993,
        "latitude": 49.891653106352805,
        "units_created": 0.0,
        "units_lost": 0.0,
        "net_units": 0.0,
        "is_residential": true,
        "is_active": true,
        "in_period": false,
        "requested_geography": "downtown",
        "in_requested_geography": true,
        "spatial_qa": "point_in_polygon_tested",
        "metric_roles": "active_inventory|period_flow",
        "source_page": "https://data.winnipeg.ca/d/it4w-cpf4",
        "retrieved_at_utc": "2026-07-17T18:30:45.175912+00:00",
        "metric_membership": "active"
      }
    },
    {
      "type": "Feature",
      "id": "detailed_building_permits:25-144259 HO",
      "geometry": {
        "type": "Point",
        "coordinates": [
          -97.1564277120497,
          49.892194697375366
        ]
      },
      "properties": {
        "city": "Winnipeg",
        "dtuid": "602110401",
        "feed": "detailed_building_permits",
        "source_record_id": "25-144259 HO",
        "status": "Issued",
        "permit_type": "Housing",
        "permit_class": "Row Housing",
        "work_type": "Construct New",
        "description": null,
        "address": "446 Langside Street Unit 3",
        "applied_date": "2025-03-14T00:00:00.000",
        "issued_date": "2025-09-19T00:00:00.000",
        "completed_date": null,
        "period_date": "2025-09-19T00:00:00.000",
        "longitude": -97.1564277120497,
        "latitude": 49.892194697375366,
        "units_created": 0.0,
        "units_lost": 0.0,
        "net_units": 0.0,
        "is_residential": true,
        "is_active": true,
        "in_period": false,
        "requested_geography": "downtown",
        "in_requested_geography": true,
        "spatial_qa": "point_in_polygon_tested",
        "metric_roles": "active_inventory|period_flow",
        "source_page": "https://data.winnipeg.ca/d/it4w-cpf4",
        "retrieved_at_utc": "2026-07-17T18:30:45.175912+00:00",
        "metric_membership": "active"
      }
    },
    {
      "type": "Feature",
      "id": "detailed_building_permits:25-148022 MU",
      "geometry": {
        "type": "Point",
        "coordinates": [
          -97.14126331629929,
          49.90187311245288
        ]
      },
      "properties": {
        "city": "Winnipeg",
        "dtuid": "602110401",
        "feed": "detailed_building_permits",
        "source_record_id": "25-148022 MU",
        "status": "Issued",
        "permit_type": "Multi-Residential",
        "permit_class": "Apartments",
        "work_type": "Construct New",
        "description": null,
        "address": "98 Paulin Street & 321 Ross Ave",
        "applied_date": "2025-04-28T00:00:00.000",
        "issued_date": "2025-12-17T00:00:00.000",
        "completed_date": null,
        "period_date": "2025-12-17T00:00:00.000",
        "longitude": -97.14126331629929,
        "latitude": 49.90187311245288,
        "units_created": 125.0,
        "units_lost": 0.0,
        "net_units": 125.0,
        "is_residential": true,
        "is_active": true,
        "in_period": false,
        "requested_geography": "downtown",
        "in_requested_geography": true,
        "spatial_qa": "point_in_polygon_tested",
        "metric_roles": "active_inventory|period_flow",
        "source_page": "https://data.winnipeg.ca/d/it4w-cpf4",
        "retrieved_at_utc": "2026-07-17T18:30:45.175912+00:00",
        "metric_membership": "active"
      }
    },
    {
      "type": "Feature",
      "id": "detailed_building_permits:25-153154 MU",
      "geometry": {
        "type": "Point",
        "coordinates": [
          -97.14527706595142,
          49.88394539618961
        ]
      },
      "properties": {
        "city": "Winnipeg",
        "dtuid": "602110401",
        "feed": "detailed_building_permits",
        "source_record_id": "25-153154 MU",
        "status": "Issued",
        "permit_type": "Multi-Residential",
        "permit_class": "Residential Multi-Use",
        "work_type": "Alter Exterior",
        "description": null,
        "address": "10 Kennedy Street",
        "applied_date": "2025-05-30T00:00:00.000",
        "issued_date": "2025-10-10T00:00:00.000",
        "completed_date": null,
        "period_date": "2025-10-10T00:00:00.000",
        "longitude": -97.14527706595142,
        "latitude": 49.88394539618961,
        "units_created": 0.0,
        "units_lost": 0.0,
        "net_units": 0.0,
        "is_residential": true,
        "is_active": true,
        "in_period": false,
        "requested_geography": "downtown",
        "in_requested_geography": true,
        "spatial_qa": "point_in_polygon_tested",
        "metric_roles": "active_inventory|period_flow",
        "source_page": "https://data.winnipeg.ca/d/it4w-cpf4",
        "retrieved_at_utc": "2026-07-17T18:30:45.175912+00:00",
        "metric_membership": "active"
      }
    },
    {
      "type": "Feature",
      "id": "detailed_building_permits:25-153616 MU",
      "geometry": {
        "type": "Point",
        "coordinates": [
          -97.1501342871041,
          49.89698233894637
        ]
      },
      "properties": {
        "city": "Winnipeg",
        "dtuid": "602110401",
        "feed": "detailed_building_permits",
        "source_record_id": "25-153616 MU",
        "status": "Issued",
        "permit_type": "Multi-Residential",
        "permit_class": "Apartments",
        "work_type": "Interior and Exterior Alterations",
        "description": null,
        "address": "440 Edmonton Street",
        "applied_date": "2025-05-08T00:00:00.000",
        "issued_date": "2025-09-15T00:00:00.000",
        "completed_date": null,
        "period_date": "2025-09-15T00:00:00.000",
        "longitude": -97.1501342871041,
        "latitude": 49.89698233894637,
        "units_created": 180.0,
        "units_lost": 0.0,
        "net_units": 180.0,
        "is_residential": true,
        "is_active": true,
        "in_period": false,
        "requested_geography": "downtown",
        "in_requested_geography": true,
        "spatial_qa": "point_in_polygon_tested",
        "metric_roles": "active_inventory|period_flow",
        "source_page": "https://data.winnipeg.ca/d/it4w-cpf4",
        "retrieved_at_utc": "2026-07-17T18:30:45.175912+00:00",
        "metric_membership": "active"
      }
    },
    {
      "type": "Feature",
      "id": "detailed_building_permits:25-154326 MU",
      "geometry": {
        "type": "Point",
        "coordinates": [
          -97.14220623460847,
          49.87839467440622
        ]
      },
      "properties": {
        "city": "Winnipeg",
        "dtuid": "602110401",
        "feed": "detailed_building_permits",
        "source_record_id": "25-154326 MU",
        "status": "Issued",
        "permit_type": "Multi-Residential",
        "permit_class": "Apartments",
        "work_type": "Interior and Exterior Alterations",
        "description": null,
        "address": "390 Stradbrook Avenue",
        "applied_date": "2025-05-08T00:00:00.000",
        "issued_date": "2025-07-10T00:00:00.000",
        "completed_date": null,
        "period_date": "2025-07-10T00:00:00.000",
        "longitude": -97.14220623460847,
        "latitude": 49.87839467440622,
        "units_created": 1.0,
        "units_lost": 0.0,
        "net_units": 1.0,
        "is_residential": true,
        "is_active": true,
        "in_period": false,
        "requested_geography": "downtown",
        "in_requested_geography": true,
        "spatial_qa": "point_in_polygon_tested",
        "metric_roles": "active_inventory|period_flow",
        "source_page": "https://data.winnipeg.ca/d/it4w-cpf4",
        "retrieved_at_utc": "2026-07-17T18:30:45.175912+00:00",
        "metric_membership": "active"
      }
    },
    {
      "type": "Feature",
      "id": "detailed_building_permits:25-154333 MU",
      "geometry": {
        "type": "Point",
        "coordinates": [
          -97.15517215020571,
          49.89465021679643
        ]
      },
      "properties": {
        "city": "Winnipeg",
        "dtuid": "602110401",
        "feed": "detailed_building_permits",
        "source_record_id": "25-154333 MU",
        "status": "Issued",
        "permit_type": "Multi-Residential",
        "permit_class": "Apartments",
        "work_type": "Interior and Exterior Alterations",
        "description": null,
        "address": "480 Young Street",
        "applied_date": "2025-05-09T00:00:00.000",
        "issued_date": "2025-06-20T00:00:00.000",
        "completed_date": null,
        "period_date": "2025-06-20T00:00:00.000",
        "longitude": -97.15517215020571,
        "latitude": 49.89465021679643,
        "units_created": 0.0,
        "units_lost": 0.0,
        "net_units": 0.0,
        "is_residential": true,
        "is_active": true,
        "in_period": false,
        "requested_geography": "downtown",
        "in_requested_geography": true,
        "spatial_qa": "point_in_polygon_tested",
        "metric_roles": "active_inventory|period_flow",
        "source_page": "https://data.winnipeg.ca/d/it4w-cpf4",
        "retrieved_at_utc": "2026-07-17T18:30:45.175912+00:00",
        "metric_membership": "active"
      }
    },
    {
      "type": "Feature",
      "id": "detailed_building_permits:25-162562 HO",
      "geometry": {
        "type": "Point",
        "coordinates": [
          -97.12893856221844,
          49.90323780659335
        ]
      },
      "properties": {
        "city": "Winnipeg",
        "dtuid": "602110401",
        "feed": "detailed_building_permits",
        "source_record_id": "25-162562 HO",
        "status": "Closed",
        "permit_type": "Housing",
        "permit_class": "SFD",
        "work_type": "Demolish",
        "description": null,
        "address": "50 Argyle Street",
        "applied_date": "2025-05-26T00:00:00.000",
        "issued_date": "2026-04-09T00:00:00.000",
        "completed_date": "2026-06-02T00:00:00.000",
        "period_date": "2026-04-09T00:00:00.000",
        "longitude": -97.12893856221844,
        "latitude": 49.90323780659335,
        "units_created": 0.0,
        "units_lost": 1.0,
        "net_units": -1.0,
        "is_residential": true,
        "is_active": false,
        "in_period": true,
        "requested_geography": "downtown",
        "in_requested_geography": true,
        "spatial_qa": "point_in_polygon_tested",
        "metric_roles": "active_inventory|period_flow",
        "source_page": "https://data.winnipeg.ca/d/it4w-cpf4",
        "retrieved_at_utc": "2026-07-17T18:30:45.175912+00:00",
        "metric_membership": "period"
      }
    },
    {
      "type": "Feature",
      "id": "detailed_building_permits:25-165588 MU",
      "geometry": {
        "type": "Point",
        "coordinates": [
          -97.15155247815954,
          49.89310034874286
        ]
      },
      "properties": {
        "city": "Winnipeg",
        "dtuid": "602110401",
        "feed": "detailed_building_permits",
        "source_record_id": "25-165588 MU",
        "status": "Issued",
        "permit_type": "Multi-Residential",
        "permit_class": "Apartments",
        "work_type": "Alter Exterior",
        "description": null,
        "address": "447 Webb Place",
        "applied_date": "2025-05-29T00:00:00.000",
        "issued_date": "2025-08-08T00:00:00.000",
        "completed_date": null,
        "period_date": "2025-08-08T00:00:00.000",
        "longitude": -97.15155247815954,
        "latitude": 49.89310034874286,
        "units_created": 0.0,
        "units_lost": 0.0,
        "net_units": 0.0,
        "is_residential": true,
        "is_active": true,
        "in_period": false,
        "requested_geography": "downtown",
        "in_requested_geography": true,
        "spatial_qa": "point_in_polygon_tested",
        "metric_roles": "active_inventory|period_flow",
        "source_page": "https://data.winnipeg.ca/d/it4w-cpf4",
        "retrieved_at_utc": "2026-07-17T18:30:45.175912+00:00",
        "metric_membership": "active"
      }
    },
    {
      "type": "Feature",
      "id": "detailed_building_permits:25-166018 HO",
      "geometry": {
        "type": "Point",
        "coordinates": [
          -97.15448036086624,
          49.89557876775245
        ]
      },
      "properties": {
        "city": "Winnipeg",
        "dtuid": "602110401",
        "feed": "detailed_building_permits",
        "source_record_id": "25-166018 HO",
        "status": "Issued",
        "permit_type": "Housing",
        "permit_class": "SFD",
        "work_type": "Construct New",
        "description": null,
        "address": "513 Young Street",
        "applied_date": "2025-05-30T00:00:00.000",
        "issued_date": "2025-08-07T00:00:00.000",
        "completed_date": null,
        "period_date": "2025-08-07T00:00:00.000",
        "longitude": -97.15448036086624,
        "latitude": 49.89557876775245,
        "units_created": 1.0,
        "units_lost": 0.0,
        "net_units": 1.0,
        "is_residential": true,
        "is_active": true,
        "in_period": false,
        "requested_geography": "downtown",
        "in_requested_geography": true,
        "spatial_qa": "point_in_polygon_tested",
        "metric_roles": "active_inventory|period_flow",
        "source_page": "https://data.winnipeg.ca/d/it4w-cpf4",
        "retrieved_at_utc": "2026-07-17T18:30:45.175912+00:00",
        "metric_membership": "active"
      }
    },
    {
      "type": "Feature",
      "id": "detailed_building_permits:25-177693 MU",
      "geometry": {
        "type": "Point",
        "coordinates": [
          -97.15060768166593,
          49.8966935797317
        ]
      },
      "properties": {
        "city": "Winnipeg",
        "dtuid": "602110401",
        "feed": "detailed_building_permits",
        "source_record_id": "25-177693 MU",
        "status": "Issued",
        "permit_type": "Multi-Residential",
        "permit_class": "Apartments",
        "work_type": "Interior and Exterior Alterations",
        "description": null,
        "address": "435 Sargent Avenue",
        "applied_date": "2025-06-18T00:00:00.000",
        "issued_date": "2025-08-11T00:00:00.000",
        "completed_date": null,
        "period_date": "2025-08-11T00:00:00.000",
        "longitude": -97.15060768166593,
        "latitude": 49.8966935797317,
        "units_created": 0.0,
        "units_lost": 0.0,
        "net_units": 0.0,
        "is_residential": true,
        "is_active": true,
        "in_period": false,
        "requested_geography": "downtown",
        "in_requested_geography": true,
        "spatial_qa": "point_in_polygon_tested",
        "metric_roles": "active_inventory|period_flow",
        "source_page": "https://data.winnipeg.ca/d/it4w-cpf4",
        "retrieved_at_utc": "2026-07-17T18:30:45.175912+00:00",
        "metric_membership": "active"
      }
    },
    {
      "type": "Feature",
      "id": "detailed_building_permits:25-177738 MU",
      "geometry": {
        "type": "Point",
        "coordinates": [
          -97.14864678549128,
          49.899137344669924
        ]
      },
      "properties": {
        "city": "Winnipeg",
        "dtuid": "602110401",
        "feed": "detailed_building_permits",
        "source_record_id": "25-177738 MU",
        "status": "Issued",
        "permit_type": "Multi-Residential",
        "permit_class": "Apartments",
        "work_type": "Interior and Exterior Alterations",
        "description": null,
        "address": "60 Frances Street",
        "applied_date": "2025-06-18T00:00:00.000",
        "issued_date": "2025-07-31T00:00:00.000",
        "completed_date": null,
        "period_date": "2025-07-31T00:00:00.000",
        "longitude": -97.14864678549128,
        "latitude": 49.899137344669924,
        "units_created": 0.0,
        "units_lost": 0.0,
        "net_units": 0.0,
        "is_residential": true,
        "is_active": true,
        "in_period": false,
        "requested_geography": "downtown",
        "in_requested_geography": true,
        "spatial_qa": "point_in_polygon_tested",
        "metric_roles": "active_inventory|period_flow",
        "source_page": "https://data.winnipeg.ca/d/it4w-cpf4",
        "retrieved_at_utc": "2026-07-17T18:30:45.175912+00:00",
        "metric_membership": "active"
      }
    },
    {
      "type": "Feature",
      "id": "detailed_building_permits:25-177831 MU",
      "geometry": {
        "type": "Point",
        "coordinates": [
          -97.15068077453692,
          49.89799722186921
        ]
      },
      "properties": {
        "city": "Winnipeg",
        "dtuid": "602110401",
        "feed": "detailed_building_permits",
        "source_record_id": "25-177831 MU",
        "status": "Issued",
        "permit_type": "Multi-Residential",
        "permit_class": "Apartments",
        "work_type": "Interior and Exterior Alterations",
        "description": null,
        "address": "461 Cumberland Avenue",
        "applied_date": "2025-06-18T00:00:00.000",
        "issued_date": "2025-07-28T00:00:00.000",
        "completed_date": null,
        "period_date": "2025-07-28T00:00:00.000",
        "longitude": -97.15068077453692,
        "latitude": 49.89799722186921,
        "units_created": 0.0,
        "units_lost": 0.0,
        "net_units": 0.0,
        "is_residential": true,
        "is_active": true,
        "in_period": false,
        "requested_geography": "downtown",
        "in_requested_geography": true,
        "spatial_qa": "point_in_polygon_tested",
        "metric_roles": "active_inventory|period_flow",
        "source_page": "https://data.winnipeg.ca/d/it4w-cpf4",
        "retrieved_at_utc": "2026-07-17T18:30:45.175912+00:00",
        "metric_membership": "active"
      }
    },
    {
      "type": "Feature",
      "id": "detailed_building_permits:25-177842 MU",
      "geometry": {
        "type": "Point",
        "coordinates": [
          -97.15435798064516,
          49.90118310091079
        ]
      },
      "properties": {
        "city": "Winnipeg",
        "dtuid": "602110401",
        "feed": "detailed_building_permits",
        "source_record_id": "25-177842 MU",
        "status": "Issued",
        "permit_type": "Multi-Residential",
        "permit_class": "Apartments",
        "work_type": "Interior and Exterior Alterations",
        "description": null,
        "address": "576 McDermot Avenue",
        "applied_date": "2025-06-18T00:00:00.000",
        "issued_date": "2025-08-19T00:00:00.000",
        "completed_date": null,
        "period_date": "2025-08-19T00:00:00.000",
        "longitude": -97.15435798064516,
        "latitude": 49.90118310091079,
        "units_created": 0.0,
        "units_lost": 0.0,
        "net_units": 0.0,
        "is_residential": true,
        "is_active": true,
        "in_period": false,
        "requested_geography": "downtown",
        "in_requested_geography": true,
        "spatial_qa": "point_in_polygon_tested",
        "metric_roles": "active_inventory|period_flow",
        "source_page": "https://data.winnipeg.ca/d/it4w-cpf4",
        "retrieved_at_utc": "2026-07-17T18:30:45.175912+00:00",
        "metric_membership": "active"
      }
    },
    {
      "type": "Feature",
      "id": "detailed_building_permits:25-183981 MU",
      "geometry": {
        "type": "Point",
        "coordinates": [
          -97.14939295745984,
          49.8944138887318
        ]
      },
      "properties": {
        "city": "Winnipeg",
        "dtuid": "602110401",
        "feed": "detailed_building_permits",
        "source_record_id": "25-183981 MU",
        "status": "Issued",
        "permit_type": "Multi-Residential",
        "permit_class": "Apartments",
        "work_type": "Interior Alteration",
        "description": null,
        "address": "355/357 Kennedy ST",
        "applied_date": "2025-07-04T00:00:00.000",
        "issued_date": "2025-08-11T00:00:00.000",
        "completed_date": null,
        "period_date": "2025-08-11T00:00:00.000",
        "longitude": -97.14939295745984,
        "latitude": 49.8944138887318,
        "units_created": 0.0,
        "units_lost": 0.0,
        "net_units": 0.0,
        "is_residential": true,
        "is_active": true,
        "in_period": false,
        "requested_geography": "downtown",
        "in_requested_geography": true,
        "spatial_qa": "point_in_polygon_tested",
        "metric_roles": "active_inventory|period_flow",
        "source_page": "https://data.winnipeg.ca/d/it4w-cpf4",
        "retrieved_at_utc": "2026-07-17T18:30:45.175912+00:00",
        "metric_membership": "active"
      }
    },
    {
      "type": "Feature",
      "id": "detailed_building_permits:25-184890 MU",
      "geometry": {
        "type": "Point",
        "coordinates": [
          -97.14060334965463,
          49.88399660061423
        ]
      },
      "properties": {
        "city": "Winnipeg",
        "dtuid": "602110401",
        "feed": "detailed_building_permits",
        "source_record_id": "25-184890 MU",
        "status": "Issued",
        "permit_type": "Multi-Residential",
        "permit_class": "Apartments",
        "work_type": "Interior Alteration",
        "description": null,
        "address": "390 Assiniboine Avenue Unit 2401",
        "applied_date": "2025-07-02T00:00:00.000",
        "issued_date": "2025-07-29T00:00:00.000",
        "completed_date": null,
        "period_date": "2025-07-29T00:00:00.000",
        "longitude": -97.14060334965463,
        "latitude": 49.88399660061423,
        "units_created": 0.0,
        "units_lost": 0.0,
        "net_units": 0.0,
        "is_residential": true,
        "is_active": true,
        "in_period": false,
        "requested_geography": "downtown",
        "in_requested_geography": true,
        "spatial_qa": "point_in_polygon_tested",
        "metric_roles": "active_inventory|period_flow",
        "source_page": "https://data.winnipeg.ca/d/it4w-cpf4",
        "retrieved_at_utc": "2026-07-17T18:30:45.175912+00:00",
        "metric_membership": "active"
      }
    },
    {
      "type": "Feature",
      "id": "detailed_building_permits:25-186336 MU",
      "geometry": {
        "type": "Point",
        "coordinates": [
          -97.15139028075693,
          49.89666081406902
        ]
      },
      "properties": {
        "city": "Winnipeg",
        "dtuid": "602110401",
        "feed": "detailed_building_permits",
        "source_record_id": "25-186336 MU",
        "status": "Issued",
        "permit_type": "Multi-Residential",
        "permit_class": "Apartments",
        "work_type": "Interior Alteration",
        "description": null,
        "address": "444 Kennedy ST",
        "applied_date": "2025-07-04T00:00:00.000",
        "issued_date": "2025-09-02T00:00:00.000",
        "completed_date": null,
        "period_date": "2025-09-02T00:00:00.000",
        "longitude": -97.15139028075693,
        "latitude": 49.89666081406902,
        "units_created": 0.0,
        "units_lost": 0.0,
        "net_units": 0.0,
        "is_residential": true,
        "is_active": true,
        "in_period": false,
        "requested_geography": "downtown",
        "in_requested_geography": true,
        "spatial_qa": "point_in_polygon_tested",
        "metric_roles": "active_inventory|period_flow",
        "source_page": "https://data.winnipeg.ca/d/it4w-cpf4",
        "retrieved_at_utc": "2026-07-17T18:30:45.175912+00:00",
        "metric_membership": "active"
      }
    },
    {
      "type": "Feature",
      "id": "detailed_building_permits:25-188190 MU",
      "geometry": {
        "type": "Point",
        "coordinates": [
          -97.1522567074713,
          49.88932534641873
        ]
      },
      "properties": {
        "city": "Winnipeg",
        "dtuid": "602110401",
        "feed": "detailed_building_permits",
        "source_record_id": "25-188190 MU",
        "status": "Issued",
        "permit_type": "Multi-Residential",
        "permit_class": "Residential Multi-Use",
        "work_type": "Interior and Exterior Alterations",
        "description": null,
        "address": "525 St Mary Avenue",
        "applied_date": "2025-07-07T00:00:00.000",
        "issued_date": "2025-09-29T00:00:00.000",
        "completed_date": null,
        "period_date": "2025-09-29T00:00:00.000",
        "longitude": -97.1522567074713,
        "latitude": 49.88932534641873,
        "units_created": 0.0,
        "units_lost": 0.0,
        "net_units": 0.0,
        "is_residential": true,
        "is_active": true,
        "in_period": false,
        "requested_geography": "downtown",
        "in_requested_geography": true,
        "spatial_qa": "point_in_polygon_tested",
        "metric_roles": "active_inventory|period_flow",
        "source_page": "https://data.winnipeg.ca/d/it4w-cpf4",
        "retrieved_at_utc": "2026-07-17T18:30:45.175912+00:00",
        "metric_membership": "active"
      }
    },
    {
      "type": "Feature",
      "id": "detailed_building_permits:25-188208 MU",
      "geometry": {
        "type": "Point",
        "coordinates": [
          -97.15242404568946,
          49.88933162261663
        ]
      },
      "properties": {
        "city": "Winnipeg",
        "dtuid": "602110401",
        "feed": "detailed_building_permits",
        "source_record_id": "25-188208 MU",
        "status": "Issued",
        "permit_type": "Multi-Residential",
        "permit_class": "Residential Multi-Use",
        "work_type": "Interior and Exterior Alterations",
        "description": null,
        "address": "555 St Mary Avenue",
        "applied_date": "2025-07-08T00:00:00.000",
        "issued_date": "2025-08-18T00:00:00.000",
        "completed_date": null,
        "period_date": "2025-08-18T00:00:00.000",
        "longitude": -97.15242404568946,
        "latitude": 49.88933162261663,
        "units_created": 0.0,
        "units_lost": 0.0,
        "net_units": 0.0,
        "is_residential": true,
        "is_active": true,
        "in_period": false,
        "requested_geography": "downtown",
        "in_requested_geography": true,
        "spatial_qa": "point_in_polygon_tested",
        "metric_roles": "active_inventory|period_flow",
        "source_page": "https://data.winnipeg.ca/d/it4w-cpf4",
        "retrieved_at_utc": "2026-07-17T18:30:45.175912+00:00",
        "metric_membership": "active"
      }
    },
    {
      "type": "Feature",
      "id": "detailed_building_permits:25-188615 MU",
      "geometry": {
        "type": "Point",
        "coordinates": [
          -97.14939295745984,
          49.8944138887318
        ]
      },
      "properties": {
        "city": "Winnipeg",
        "dtuid": "602110401",
        "feed": "detailed_building_permits",
        "source_record_id": "25-188615 MU",
        "status": "Issued",
        "permit_type": "Multi-Residential",
        "permit_class": "Apartments",
        "work_type": "Interior and Exterior Alterations",
        "description": null,
        "address": "355/357 Kennedy Street",
        "applied_date": "2025-07-04T00:00:00.000",
        "issued_date": "2025-08-12T00:00:00.000",
        "completed_date": null,
        "period_date": "2025-08-12T00:00:00.000",
        "longitude": -97.14939295745984,
        "latitude": 49.8944138887318,
        "units_created": 0.0,
        "units_lost": 0.0,
        "net_units": 0.0,
        "is_residential": true,
        "is_active": true,
        "in_period": false,
        "requested_geography": "downtown",
        "in_requested_geography": true,
        "spatial_qa": "point_in_polygon_tested",
        "metric_roles": "active_inventory|period_flow",
        "source_page": "https://data.winnipeg.ca/d/it4w-cpf4",
        "retrieved_at_utc": "2026-07-17T18:30:45.175912+00:00",
        "metric_membership": "active"
      }
    },
    {
      "type": "Feature",
      "id": "detailed_building_permits:25-188681 HO",
      "geometry": {
        "type": "Point",
        "coordinates": [
          -97.13046791089779,
          49.90153625239829
        ]
      },
      "properties": {
        "city": "Winnipeg",
        "dtuid": "602110401",
        "feed": "detailed_building_permits",
        "source_record_id": "25-188681 HO",
        "status": "Issued",
        "permit_type": "Housing",
        "permit_class": "SFD & Att. Gar.",
        "work_type": "Construct New",
        "description": null,
        "address": "93 George Avenue",
        "applied_date": "2025-07-05T00:00:00.000",
        "issued_date": "2025-09-11T00:00:00.000",
        "completed_date": null,
        "period_date": "2025-09-11T00:00:00.000",
        "longitude": -97.13046791089779,
        "latitude": 49.90153625239829,
        "units_created": 1.0,
        "units_lost": 0.0,
        "net_units": 1.0,
        "is_residential": true,
        "is_active": true,
        "in_period": false,
        "requested_geography": "downtown",
        "in_requested_geography": true,
        "spatial_qa": "point_in_polygon_tested",
        "metric_roles": "active_inventory|period_flow",
        "source_page": "https://data.winnipeg.ca/d/it4w-cpf4",
        "retrieved_at_utc": "2026-07-17T18:30:45.175912+00:00",
        "metric_membership": "active"
      }
    },
    {
      "type": "Feature",
      "id": "detailed_building_permits:25-192369 MU",
      "geometry": {
        "type": "Point",
        "coordinates": [
          -97.15155247815954,
          49.89310034874286
        ]
      },
      "properties": {
        "city": "Winnipeg",
        "dtuid": "602110401",
        "feed": "detailed_building_permits",
        "source_record_id": "25-192369 MU",
        "status": "Issued",
        "permit_type": "Multi-Residential",
        "permit_class": "Residential Multi-Use",
        "work_type": "Interior and Exterior Alterations",
        "description": null,
        "address": "447 Webb Place",
        "applied_date": "2025-07-15T00:00:00.000",
        "issued_date": "2025-08-27T00:00:00.000",
        "completed_date": null,
        "period_date": "2025-08-27T00:00:00.000",
        "longitude": -97.15155247815954,
        "latitude": 49.89310034874286,
        "units_created": 0.0,
        "units_lost": 0.0,
        "net_units": 0.0,
        "is_residential": true,
        "is_active": true,
        "in_period": false,
        "requested_geography": "downtown",
        "in_requested_geography": true,
        "spatial_qa": "point_in_polygon_tested",
        "metric_roles": "active_inventory|period_flow",
        "source_page": "https://data.winnipeg.ca/d/it4w-cpf4",
        "retrieved_at_utc": "2026-07-17T18:30:45.175912+00:00",
        "metric_membership": "active"
      }
    },
    {
      "type": "Feature",
      "id": "detailed_building_permits:25-192529 MU",
      "geometry": {
        "type": "Point",
        "coordinates": [
          -97.14126331629929,
          49.90187311245288
        ]
      },
      "properties": {
        "city": "Winnipeg",
        "dtuid": "602110401",
        "feed": "detailed_building_permits",
        "source_record_id": "25-192529 MU",
        "status": "Issued",
        "permit_type": "Multi-Residential",
        "permit_class": "Apartments",
        "work_type": "Partial Permit-Foundation",
        "description": null,
        "address": "98 Paulin Street & 321 Ross Ave",
        "applied_date": "2025-04-28T00:00:00.000",
        "issued_date": "2025-07-15T00:00:00.000",
        "completed_date": null,
        "period_date": "2025-07-15T00:00:00.000",
        "longitude": -97.14126331629929,
        "latitude": 49.90187311245288,
        "units_created": 0.0,
        "units_lost": 0.0,
        "net_units": 0.0,
        "is_residential": true,
        "is_active": true,
        "in_period": false,
        "requested_geography": "downtown",
        "in_requested_geography": true,
        "spatial_qa": "point_in_polygon_tested",
        "metric_roles": "active_inventory|period_flow",
        "source_page": "https://data.winnipeg.ca/d/it4w-cpf4",
        "retrieved_at_utc": "2026-07-17T18:30:45.175912+00:00",
        "metric_membership": "active"
      }
    },
    {
      "type": "Feature",
      "id": "detailed_building_permits:25-192540 MU",
      "geometry": {
        "type": "Point",
        "coordinates": [
          -97.14126331629929,
          49.90187311245288
        ]
      },
      "properties": {
        "city": "Winnipeg",
        "dtuid": "602110401",
        "feed": "detailed_building_permits",
        "source_record_id": "25-192540 MU",
        "status": "Issued",
        "permit_type": "Multi-Residential",
        "permit_class": "Apartments",
        "work_type": "Partial Permit-Foundation",
        "description": null,
        "address": "98 Paulin Street & 321 Ross Ave",
        "applied_date": "2025-04-28T00:00:00.000",
        "issued_date": "2025-10-24T00:00:00.000",
        "completed_date": null,
        "period_date": "2025-10-24T00:00:00.000",
        "longitude": -97.14126331629929,
        "latitude": 49.90187311245288,
        "units_created": 0.0,
        "units_lost": 0.0,
        "net_units": 0.0,
        "is_residential": true,
        "is_active": true,
        "in_period": false,
        "requested_geography": "downtown",
        "in_requested_geography": true,
        "spatial_qa": "point_in_polygon_tested",
        "metric_roles": "active_inventory|period_flow",
        "source_page": "https://data.winnipeg.ca/d/it4w-cpf4",
        "retrieved_at_utc": "2026-07-17T18:30:45.175912+00:00",
        "metric_membership": "active"
      }
    },
    {
      "type": "Feature",
      "id": "detailed_building_permits:25-194587 MU",
      "geometry": {
        "type": "Point",
        "coordinates": [
          -97.13842163744795,
          49.901909254363666
        ]
      },
      "properties": {
        "city": "Winnipeg",
        "dtuid": "602110401",
        "feed": "detailed_building_permits",
        "source_record_id": "25-194587 MU",
        "status": "Issued",
        "permit_type": "Multi-Residential",
        "permit_class": "Apartments",
        "work_type": "Construct New",
        "description": null,
        "address": "232 King Street",
        "applied_date": "2025-07-17T00:00:00.000",
        "issued_date": "2025-07-31T00:00:00.000",
        "completed_date": null,
        "period_date": "2025-07-31T00:00:00.000",
        "longitude": -97.13842163744795,
        "latitude": 49.901909254363666,
        "units_created": 54.0,
        "units_lost": 0.0,
        "net_units": 54.0,
        "is_residential": true,
        "is_active": true,
        "in_period": false,
        "requested_geography": "downtown",
        "in_requested_geography": true,
        "spatial_qa": "point_in_polygon_tested",
        "metric_roles": "active_inventory|period_flow",
        "source_page": "https://data.winnipeg.ca/d/it4w-cpf4",
        "retrieved_at_utc": "2026-07-17T18:30:45.175912+00:00",
        "metric_membership": "active"
      }
    },
    {
      "type": "Feature",
      "id": "detailed_building_permits:25-199452 MU",
      "geometry": {
        "type": "Point",
        "coordinates": [
          -97.14727606195572,
          49.891941577364136
        ]
      },
      "properties": {
        "city": "Winnipeg",
        "dtuid": "602110401",
        "feed": "detailed_building_permits",
        "source_record_id": "25-199452 MU",
        "status": "Issued",
        "permit_type": "Multi-Residential",
        "permit_class": "Apartments",
        "work_type": "Interior and Exterior Alterations",
        "description": null,
        "address": "388 Portage Avenue",
        "applied_date": "2025-07-23T00:00:00.000",
        "issued_date": "2025-09-26T00:00:00.000",
        "completed_date": null,
        "period_date": "2025-09-26T00:00:00.000",
        "longitude": -97.14727606195572,
        "latitude": 49.891941577364136,
        "units_created": 133.0,
        "units_lost": 0.0,
        "net_units": 133.0,
        "is_residential": true,
        "is_active": true,
        "in_period": false,
        "requested_geography": "downtown",
        "in_requested_geography": true,
        "spatial_qa": "point_in_polygon_tested",
        "metric_roles": "active_inventory|period_flow",
        "source_page": "https://data.winnipeg.ca/d/it4w-cpf4",
        "retrieved_at_utc": "2026-07-17T18:30:45.175912+00:00",
        "metric_membership": "active"
      }
    },
    {
      "type": "Feature",
      "id": "detailed_building_permits:25-202969 MU",
      "geometry": {
        "type": "Point",
        "coordinates": [
          -97.15337319556713,
          49.879122876218226
        ]
      },
      "properties": {
        "city": "Winnipeg",
        "dtuid": "602110401",
        "feed": "detailed_building_permits",
        "source_record_id": "25-202969 MU",
        "status": "Issued",
        "permit_type": "Multi-Residential",
        "permit_class": "Apartments",
        "work_type": "Interior Alteration",
        "description": null,
        "address": "270 Roslyn Road",
        "applied_date": "2025-07-31T00:00:00.000",
        "issued_date": "2025-10-06T00:00:00.000",
        "completed_date": null,
        "period_date": "2025-10-06T00:00:00.000",
        "longitude": -97.15337319556713,
        "latitude": 49.879122876218226,
        "units_created": 0.0,
        "units_lost": 0.0,
        "net_units": 0.0,
        "is_residential": true,
        "is_active": true,
        "in_period": false,
        "requested_geography": "downtown",
        "in_requested_geography": true,
        "spatial_qa": "point_in_polygon_tested",
        "metric_roles": "active_inventory|period_flow",
        "source_page": "https://data.winnipeg.ca/d/it4w-cpf4",
        "retrieved_at_utc": "2026-07-17T18:30:45.175912+00:00",
        "metric_membership": "active"
      }
    },
    {
      "type": "Feature",
      "id": "detailed_building_permits:25-205584 MU",
      "geometry": {
        "type": "Point",
        "coordinates": [
          -97.15387455544555,
          49.884989308774834
        ]
      },
      "properties": {
        "city": "Winnipeg",
        "dtuid": "602110401",
        "feed": "detailed_building_permits",
        "source_record_id": "25-205584 MU",
        "status": "Issued",
        "permit_type": "Multi-Residential",
        "permit_class": "Residential Multi-Use",
        "work_type": "Construct New",
        "description": null,
        "address": "147  Spence ST",
        "applied_date": "2025-08-06T00:00:00.000",
        "issued_date": "2026-03-09T00:00:00.000",
        "completed_date": null,
        "period_date": "2026-03-09T00:00:00.000",
        "longitude": -97.15387455544555,
        "latitude": 49.884989308774834,
        "units_created": 6.0,
        "units_lost": 0.0,
        "net_units": 6.0,
        "is_residential": true,
        "is_active": true,
        "in_period": true,
        "requested_geography": "downtown",
        "in_requested_geography": true,
        "spatial_qa": "point_in_polygon_tested",
        "metric_roles": "active_inventory|period_flow",
        "source_page": "https://data.winnipeg.ca/d/it4w-cpf4",
        "retrieved_at_utc": "2026-07-17T18:30:45.175912+00:00",
        "metric_membership": "both"
      }
    },
    {
      "type": "Feature",
      "id": "detailed_building_permits:25-207078 MU",
      "geometry": {
        "type": "Point",
        "coordinates": [
          -97.14472705236156,
          49.88105182839822
        ]
      },
      "properties": {
        "city": "Winnipeg",
        "dtuid": "602110401",
        "feed": "detailed_building_permits",
        "source_record_id": "25-207078 MU",
        "status": "Issued",
        "permit_type": "Multi-Residential",
        "permit_class": "Apartments",
        "work_type": "Construct New",
        "description": null,
        "address": "51 Roslyn Road",
        "applied_date": "2025-08-08T00:00:00.000",
        "issued_date": "2025-10-09T00:00:00.000",
        "completed_date": null,
        "period_date": "2025-10-09T00:00:00.000",
        "longitude": -97.14472705236156,
        "latitude": 49.88105182839822,
        "units_created": 66.0,
        "units_lost": 0.0,
        "net_units": 66.0,
        "is_residential": true,
        "is_active": true,
        "in_period": false,
        "requested_geography": "downtown",
        "in_requested_geography": true,
        "spatial_qa": "point_in_polygon_tested",
        "metric_roles": "active_inventory|period_flow",
        "source_page": "https://data.winnipeg.ca/d/it4w-cpf4",
        "retrieved_at_utc": "2026-07-17T18:30:45.175912+00:00",
        "metric_membership": "active"
      }
    },
    {
      "type": "Feature",
      "id": "detailed_building_permits:25-210124 MU",
      "geometry": {
        "type": "Point",
        "coordinates": [
          -97.14060334965463,
          49.88399660061423
        ]
      },
      "properties": {
        "city": "Winnipeg",
        "dtuid": "602110401",
        "feed": "detailed_building_permits",
        "source_record_id": "25-210124 MU",
        "status": "Issued",
        "permit_type": "Multi-Residential",
        "permit_class": "Apartments",
        "work_type": "Interior Alteration",
        "description": null,
        "address": "390 Assiniboine Avenue Unit 2301",
        "applied_date": "2025-08-14T00:00:00.000",
        "issued_date": "2025-09-09T00:00:00.000",
        "completed_date": null,
        "period_date": "2025-09-09T00:00:00.000",
        "longitude": -97.14060334965463,
        "latitude": 49.88399660061423,
        "units_created": 0.0,
        "units_lost": 0.0,
        "net_units": 0.0,
        "is_residential": true,
        "is_active": true,
        "in_period": false,
        "requested_geography": "downtown",
        "in_requested_geography": true,
        "spatial_qa": "point_in_polygon_tested",
        "metric_roles": "active_inventory|period_flow",
        "source_page": "https://data.winnipeg.ca/d/it4w-cpf4",
        "retrieved_at_utc": "2026-07-17T18:30:45.175912+00:00",
        "metric_membership": "active"
      }
    },
    {
      "type": "Feature",
      "id": "detailed_building_permits:25-210211 AS",
      "geometry": {
        "type": "Point",
        "coordinates": [
          -97.1631001992301,
          49.883311388526636
        ]
      },
      "properties": {
        "city": "Winnipeg",
        "dtuid": "602110401",
        "feed": "detailed_building_permits",
        "source_record_id": "25-210211 AS",
        "status": "Issued",
        "permit_type": "Accessory Structures",
        "permit_class": "Detached Garage",
        "work_type": "Construct New",
        "description": null,
        "address": "52 Alloway Avenue",
        "applied_date": "2025-08-13T00:00:00.000",
        "issued_date": "2025-08-18T00:00:00.000",
        "completed_date": null,
        "period_date": "2025-08-18T00:00:00.000",
        "longitude": -97.1631001992301,
        "latitude": 49.883311388526636,
        "units_created": 0.0,
        "units_lost": 0.0,
        "net_units": 0.0,
        "is_residential": true,
        "is_active": true,
        "in_period": false,
        "requested_geography": "downtown",
        "in_requested_geography": true,
        "spatial_qa": "point_in_polygon_tested",
        "metric_roles": "active_inventory|period_flow",
        "source_page": "https://data.winnipeg.ca/d/it4w-cpf4",
        "retrieved_at_utc": "2026-07-17T18:30:45.175912+00:00",
        "metric_membership": "active"
      }
    },
    {
      "type": "Feature",
      "id": "detailed_building_permits:25-211636 MU",
      "geometry": {
        "type": "Point",
        "coordinates": [
          -97.14708672797167,
          49.88048270992343
        ]
      },
      "properties": {
        "city": "Winnipeg",
        "dtuid": "602110401",
        "feed": "detailed_building_permits",
        "source_record_id": "25-211636 MU",
        "status": "Issued",
        "permit_type": "Multi-Residential",
        "permit_class": "Apartments",
        "work_type": "Interior and Exterior Alterations",
        "description": null,
        "address": "40 Osborne Street",
        "applied_date": "2025-08-18T00:00:00.000",
        "issued_date": "2025-10-16T00:00:00.000",
        "completed_date": null,
        "period_date": "2025-10-16T00:00:00.000",
        "longitude": -97.14708672797167,
        "latitude": 49.88048270992343,
        "units_created": 0.0,
        "units_lost": 0.0,
        "net_units": 0.0,
        "is_residential": true,
        "is_active": true,
        "in_period": false,
        "requested_geography": "downtown",
        "in_requested_geography": true,
        "spatial_qa": "point_in_polygon_tested",
        "metric_roles": "active_inventory|period_flow",
        "source_page": "https://data.winnipeg.ca/d/it4w-cpf4",
        "retrieved_at_utc": "2026-07-17T18:30:45.175912+00:00",
        "metric_membership": "active"
      }
    },
    {
      "type": "Feature",
      "id": "detailed_building_permits:25-211761 MU",
      "geometry": {
        "type": "Point",
        "coordinates": [
          -97.15392325745485,
          49.90392654834547
        ]
      },
      "properties": {
        "city": "Winnipeg",
        "dtuid": "602110401",
        "feed": "detailed_building_permits",
        "source_record_id": "25-211761 MU",
        "status": "Issued",
        "permit_type": "Multi-Residential",
        "permit_class": "Rooming Houses",
        "work_type": "Fire Repair",
        "description": null,
        "address": "619  William AVE",
        "applied_date": "2025-08-18T00:00:00.000",
        "issued_date": "2026-02-11T00:00:00.000",
        "completed_date": null,
        "period_date": "2026-02-11T00:00:00.000",
        "longitude": -97.15392325745485,
        "latitude": 49.90392654834547,
        "units_created": 0.0,
        "units_lost": 0.0,
        "net_units": 0.0,
        "is_residential": true,
        "is_active": true,
        "in_period": true,
        "requested_geography": "downtown",
        "in_requested_geography": true,
        "spatial_qa": "point_in_polygon_tested",
        "metric_roles": "active_inventory|period_flow",
        "source_page": "https://data.winnipeg.ca/d/it4w-cpf4",
        "retrieved_at_utc": "2026-07-17T18:30:45.175912+00:00",
        "metric_membership": "both"
      }
    },
    {
      "type": "Feature",
      "id": "detailed_building_permits:25-212199 HO",
      "geometry": {
        "type": "Point",
        "coordinates": [
          -97.12880494437789,
          49.903524799917264
        ]
      },
      "properties": {
        "city": "Winnipeg",
        "dtuid": "602110401",
        "feed": "detailed_building_permits",
        "source_record_id": "25-212199 HO",
        "status": "Issued",
        "permit_type": "Housing",
        "permit_class": "Row Housing",
        "work_type": "Fire Repair",
        "description": null,
        "address": "62 Argyle Street",
        "applied_date": "2025-08-14T00:00:00.000",
        "issued_date": "2025-09-04T00:00:00.000",
        "completed_date": null,
        "period_date": "2025-09-04T00:00:00.000",
        "longitude": -97.12880494437789,
        "latitude": 49.903524799917264,
        "units_created": 0.0,
        "units_lost": 0.0,
        "net_units": 0.0,
        "is_residential": true,
        "is_active": true,
        "in_period": false,
        "requested_geography": "downtown",
        "in_requested_geography": true,
        "spatial_qa": "point_in_polygon_tested",
        "metric_roles": "active_inventory|period_flow",
        "source_page": "https://data.winnipeg.ca/d/it4w-cpf4",
        "retrieved_at_utc": "2026-07-17T18:30:45.175912+00:00",
        "metric_membership": "active"
      }
    },
    {
      "type": "Feature",
      "id": "detailed_building_permits:25-217209 MU",
      "geometry": {
        "type": "Point",
        "coordinates": [
          -97.15205926467459,
          49.88886399638317
        ]
      },
      "properties": {
        "city": "Winnipeg",
        "dtuid": "602110401",
        "feed": "detailed_building_permits",
        "source_record_id": "25-217209 MU",
        "status": "Issued",
        "permit_type": "Multi-Residential",
        "permit_class": "Apartments",
        "work_type": "Construct New",
        "description": null,
        "address": "252 Good Street",
        "applied_date": "2025-08-27T00:00:00.000",
        "issued_date": "2026-02-03T00:00:00.000",
        "completed_date": null,
        "period_date": "2026-02-03T00:00:00.000",
        "longitude": -97.15205926467459,
        "latitude": 49.88886399638317,
        "units_created": 165.0,
        "units_lost": 0.0,
        "net_units": 165.0,
        "is_residential": true,
        "is_active": true,
        "in_period": true,
        "requested_geography": "downtown",
        "in_requested_geography": true,
        "spatial_qa": "point_in_polygon_tested",
        "metric_roles": "active_inventory|period_flow",
        "source_page": "https://data.winnipeg.ca/d/it4w-cpf4",
        "retrieved_at_utc": "2026-07-17T18:30:45.175912+00:00",
        "metric_membership": "both"
      }
    },
    {
      "type": "Feature",
      "id": "detailed_building_permits:25-219282 MU",
      "geometry": {
        "type": "Point",
        "coordinates": [
          -97.1391242304677,
          49.88234975287622
        ]
      },
      "properties": {
        "city": "Winnipeg",
        "dtuid": "602110401",
        "feed": "detailed_building_permits",
        "source_record_id": "25-219282 MU",
        "status": "Issued",
        "permit_type": "Multi-Residential",
        "permit_class": "Apartments",
        "work_type": "Construct New",
        "description": null,
        "address": "269 River Avenue",
        "applied_date": "2025-08-29T00:00:00.000",
        "issued_date": "2025-10-01T00:00:00.000",
        "completed_date": null,
        "period_date": "2025-10-01T00:00:00.000",
        "longitude": -97.1391242304677,
        "latitude": 49.88234975287622,
        "units_created": 147.0,
        "units_lost": 0.0,
        "net_units": 147.0,
        "is_residential": true,
        "is_active": true,
        "in_period": false,
        "requested_geography": "downtown",
        "in_requested_geography": true,
        "spatial_qa": "point_in_polygon_tested",
        "metric_roles": "active_inventory|period_flow",
        "source_page": "https://data.winnipeg.ca/d/it4w-cpf4",
        "retrieved_at_utc": "2026-07-17T18:30:45.175912+00:00",
        "metric_membership": "active"
      }
    },
    {
      "type": "Feature",
      "id": "detailed_building_permits:25-220632 HO",
      "geometry": {
        "type": "Point",
        "coordinates": [
          -97.1593352921381,
          49.899049283777536
        ]
      },
      "properties": {
        "city": "Winnipeg",
        "dtuid": "602110401",
        "feed": "detailed_building_permits",
        "source_record_id": "25-220632 HO",
        "status": "Issued",
        "permit_type": "Housing",
        "permit_class": "Duplex / Side by Side",
        "work_type": "Fire Repair",
        "description": null,
        "address": "675  Maryland ST - Unit A and B",
        "applied_date": "2025-09-03T00:00:00.000",
        "issued_date": "2026-06-01T00:00:00.000",
        "completed_date": null,
        "period_date": "2026-06-01T00:00:00.000",
        "longitude": -97.1593352921381,
        "latitude": 49.899049283777536,
        "units_created": 0.0,
        "units_lost": 0.0,
        "net_units": 0.0,
        "is_residential": true,
        "is_active": true,
        "in_period": true,
        "requested_geography": "downtown",
        "in_requested_geography": true,
        "spatial_qa": "point_in_polygon_tested",
        "metric_roles": "active_inventory|period_flow",
        "source_page": "https://data.winnipeg.ca/d/it4w-cpf4",
        "retrieved_at_utc": "2026-07-17T18:30:45.175912+00:00",
        "metric_membership": "both"
      }
    },
    {
      "type": "Feature",
      "id": "detailed_building_permits:25-223913 MU",
      "geometry": {
        "type": "Point",
        "coordinates": [
          -97.15180828764248,
          49.878977232909016
        ]
      },
      "properties": {
        "city": "Winnipeg",
        "dtuid": "602110401",
        "feed": "detailed_building_permits",
        "source_record_id": "25-223913 MU",
        "status": "Issued",
        "permit_type": "Multi-Residential",
        "permit_class": "Apartments",
        "work_type": "Alter Exterior",
        "description": null,
        "address": "230 Roslyn Road",
        "applied_date": "2025-09-09T00:00:00.000",
        "issued_date": "2025-10-31T00:00:00.000",
        "completed_date": null,
        "period_date": "2025-10-31T00:00:00.000",
        "longitude": -97.15180828764248,
        "latitude": 49.878977232909016,
        "units_created": 0.0,
        "units_lost": 0.0,
        "net_units": 0.0,
        "is_residential": true,
        "is_active": true,
        "in_period": false,
        "requested_geography": "downtown",
        "in_requested_geography": true,
        "spatial_qa": "point_in_polygon_tested",
        "metric_roles": "active_inventory|period_flow",
        "source_page": "https://data.winnipeg.ca/d/it4w-cpf4",
        "retrieved_at_utc": "2026-07-17T18:30:45.175912+00:00",
        "metric_membership": "active"
      }
    },
    {
      "type": "Feature",
      "id": "detailed_building_permits:25-224942 MU",
      "geometry": {
        "type": "Point",
        "coordinates": [
          -97.14979056499199,
          49.890537346514996
        ]
      },
      "properties": {
        "city": "Winnipeg",
        "dtuid": "602110401",
        "feed": "detailed_building_permits",
        "source_record_id": "25-224942 MU",
        "status": "Issued",
        "permit_type": "Multi-Residential",
        "permit_class": "Apartments",
        "work_type": "Interior and Exterior Alterations",
        "description": null,
        "address": "450  Portage AVE",
        "applied_date": "2025-09-11T00:00:00.000",
        "issued_date": "2026-02-20T00:00:00.000",
        "completed_date": null,
        "period_date": "2026-02-20T00:00:00.000",
        "longitude": -97.14979056499199,
        "latitude": 49.890537346514996,
        "units_created": 0.0,
        "units_lost": 0.0,
        "net_units": 0.0,
        "is_residential": true,
        "is_active": true,
        "in_period": true,
        "requested_geography": "downtown",
        "in_requested_geography": true,
        "spatial_qa": "point_in_polygon_tested",
        "metric_roles": "active_inventory|period_flow",
        "source_page": "https://data.winnipeg.ca/d/it4w-cpf4",
        "retrieved_at_utc": "2026-07-17T18:30:45.175912+00:00",
        "metric_membership": "both"
      }
    },
    {
      "type": "Feature",
      "id": "detailed_building_permits:25-226806 HO",
      "geometry": {
        "type": "Point",
        "coordinates": [
          -97.15858814064813,
          49.889676464799265
        ]
      },
      "properties": {
        "city": "Winnipeg",
        "dtuid": "602110401",
        "feed": "detailed_building_permits",
        "source_record_id": "25-226806 HO",
        "status": "Issued",
        "permit_type": "Housing",
        "permit_class": "SFD",
        "work_type": "Demolish",
        "description": null,
        "address": "355 Sherbrook ST",
        "applied_date": "2025-09-11T00:00:00.000",
        "issued_date": "2026-05-15T00:00:00.000",
        "completed_date": null,
        "period_date": "2026-05-15T00:00:00.000",
        "longitude": -97.15858814064813,
        "latitude": 49.889676464799265,
        "units_created": 0.0,
        "units_lost": 1.0,
        "net_units": -1.0,
        "is_residential": true,
        "is_active": true,
        "in_period": true,
        "requested_geography": "downtown",
        "in_requested_geography": true,
        "spatial_qa": "point_in_polygon_tested",
        "metric_roles": "active_inventory|period_flow",
        "source_page": "https://data.winnipeg.ca/d/it4w-cpf4",
        "retrieved_at_utc": "2026-07-17T18:30:45.175912+00:00",
        "metric_membership": "both"
      }
    },
    {
      "type": "Feature",
      "id": "detailed_building_permits:25-228245 MU",
      "geometry": {
        "type": "Point",
        "coordinates": [
          -97.14958727535662,
          49.891815808455405
        ]
      },
      "properties": {
        "city": "Winnipeg",
        "dtuid": "602110401",
        "feed": "detailed_building_permits",
        "source_record_id": "25-228245 MU",
        "status": "Issued",
        "permit_type": "Multi-Residential",
        "permit_class": "Residential Multi-Use",
        "work_type": "Partial Permit-Foundation",
        "description": null,
        "address": "285  Vaughan ST",
        "applied_date": "2025-09-05T00:00:00.000",
        "issued_date": "2025-09-26T00:00:00.000",
        "completed_date": null,
        "period_date": "2025-09-26T00:00:00.000",
        "longitude": -97.14958727535662,
        "latitude": 49.891815808455405,
        "units_created": 0.0,
        "units_lost": 0.0,
        "net_units": 0.0,
        "is_residential": true,
        "is_active": true,
        "in_period": false,
        "requested_geography": "downtown",
        "in_requested_geography": true,
        "spatial_qa": "point_in_polygon_tested",
        "metric_roles": "active_inventory|period_flow",
        "source_page": "https://data.winnipeg.ca/d/it4w-cpf4",
        "retrieved_at_utc": "2026-07-17T18:30:45.175912+00:00",
        "metric_membership": "active"
      }
    },
    {
      "type": "Feature",
      "id": "detailed_building_permits:25-229581 MU",
      "geometry": {
        "type": "Point",
        "coordinates": [
          -97.13842387519692,
          49.88221983900516
        ]
      },
      "properties": {
        "city": "Winnipeg",
        "dtuid": "602110401",
        "feed": "detailed_building_permits",
        "source_record_id": "25-229581 MU",
        "status": "Issued",
        "permit_type": "Multi-Residential",
        "permit_class": "Apartments",
        "work_type": "Alter Exterior",
        "description": null,
        "address": "247  River AVE",
        "applied_date": "2025-09-21T00:00:00.000",
        "issued_date": "2025-09-25T00:00:00.000",
        "completed_date": null,
        "period_date": "2025-09-25T00:00:00.000",
        "longitude": -97.13842387519692,
        "latitude": 49.88221983900516,
        "units_created": 0.0,
        "units_lost": 0.0,
        "net_units": 0.0,
        "is_residential": true,
        "is_active": true,
        "in_period": false,
        "requested_geography": "downtown",
        "in_requested_geography": true,
        "spatial_qa": "point_in_polygon_tested",
        "metric_roles": "active_inventory|period_flow",
        "source_page": "https://data.winnipeg.ca/d/it4w-cpf4",
        "retrieved_at_utc": "2026-07-17T18:30:45.175912+00:00",
        "metric_membership": "active"
      }
    },
    {
      "type": "Feature",
      "id": "detailed_building_permits:25-230298 MU",
      "geometry": {
        "type": "Point",
        "coordinates": [
          -97.15697451321097,
          49.88156755427003
        ]
      },
      "properties": {
        "city": "Winnipeg",
        "dtuid": "602110401",
        "feed": "detailed_building_permits",
        "source_record_id": "25-230298 MU",
        "status": "Issued",
        "permit_type": "Multi-Residential",
        "permit_class": "Apartments",
        "work_type": "Interior and Exterior Alterations",
        "description": null,
        "address": "640 & 644 Westminster AVE",
        "applied_date": "2025-09-24T00:00:00.000",
        "issued_date": "2026-03-13T00:00:00.000",
        "completed_date": null,
        "period_date": "2026-03-13T00:00:00.000",
        "longitude": -97.15697451321097,
        "latitude": 49.88156755427003,
        "units_created": 0.0,
        "units_lost": 0.0,
        "net_units": 0.0,
        "is_residential": true,
        "is_active": true,
        "in_period": true,
        "requested_geography": "downtown",
        "in_requested_geography": true,
        "spatial_qa": "point_in_polygon_tested",
        "metric_roles": "active_inventory|period_flow",
        "source_page": "https://data.winnipeg.ca/d/it4w-cpf4",
        "retrieved_at_utc": "2026-07-17T18:30:45.175912+00:00",
        "metric_membership": "both"
      }
    },
    {
      "type": "Feature",
      "id": "detailed_building_permits:25-234927 MU",
      "geometry": {
        "type": "Point",
        "coordinates": [
          -97.1330041705092,
          49.88971544105305
        ]
      },
      "properties": {
        "city": "Winnipeg",
        "dtuid": "602110401",
        "feed": "detailed_building_permits",
        "source_record_id": "25-234927 MU",
        "status": "Issued",
        "permit_type": "Multi-Residential",
        "permit_class": "Apartments",
        "work_type": "Construct New",
        "description": null,
        "address": "68 Israel Asper Way",
        "applied_date": "2025-10-01T00:00:00.000",
        "issued_date": "2026-01-15T00:00:00.000",
        "completed_date": null,
        "period_date": "2026-01-15T00:00:00.000",
        "longitude": -97.1330041705092,
        "latitude": 49.88971544105305,
        "units_created": 6.0,
        "units_lost": 0.0,
        "net_units": 6.0,
        "is_residential": true,
        "is_active": true,
        "in_period": true,
        "requested_geography": "downtown",
        "in_requested_geography": true,
        "spatial_qa": "point_in_polygon_tested",
        "metric_roles": "active_inventory|period_flow",
        "source_page": "https://data.winnipeg.ca/d/it4w-cpf4",
        "retrieved_at_utc": "2026-07-17T18:30:45.175912+00:00",
        "metric_membership": "both"
      }
    },
    {
      "type": "Feature",
      "id": "detailed_building_permits:25-234976 MU",
      "geometry": {
        "type": "Point",
        "coordinates": [
          -97.13237761934454,
          49.89019142157535
        ]
      },
      "properties": {
        "city": "Winnipeg",
        "dtuid": "602110401",
        "feed": "detailed_building_permits",
        "source_record_id": "25-234976 MU",
        "status": "Issued",
        "permit_type": "Multi-Residential",
        "permit_class": "Rooming Houses",
        "work_type": "Construct New",
        "description": null,
        "address": "80 Israel Asper Way",
        "applied_date": "2025-10-01T00:00:00.000",
        "issued_date": "2026-01-15T00:00:00.000",
        "completed_date": null,
        "period_date": "2026-01-15T00:00:00.000",
        "longitude": -97.13237761934454,
        "latitude": 49.89019142157535,
        "units_created": 16.0,
        "units_lost": 0.0,
        "net_units": 16.0,
        "is_residential": true,
        "is_active": true,
        "in_period": true,
        "requested_geography": "downtown",
        "in_requested_geography": true,
        "spatial_qa": "point_in_polygon_tested",
        "metric_roles": "active_inventory|period_flow",
        "source_page": "https://data.winnipeg.ca/d/it4w-cpf4",
        "retrieved_at_utc": "2026-07-17T18:30:45.175912+00:00",
        "metric_membership": "both"
      }
    },
    {
      "type": "Feature",
      "id": "detailed_building_permits:25-243583 AS",
      "geometry": {
        "type": "Point",
        "coordinates": [
          -97.16221463208494,
          49.88374100796787
        ]
      },
      "properties": {
        "city": "Winnipeg",
        "dtuid": "602110401",
        "feed": "detailed_building_permits",
        "source_record_id": "25-243583 AS",
        "status": "Issued",
        "permit_type": "Accessory Structures",
        "permit_class": "Hot Tub/Spa",
        "work_type": "Construct New",
        "description": null,
        "address": "31  Alloway AVE",
        "applied_date": "2025-10-20T00:00:00.000",
        "issued_date": "2025-10-27T00:00:00.000",
        "completed_date": null,
        "period_date": "2025-10-27T00:00:00.000",
        "longitude": -97.16221463208494,
        "latitude": 49.88374100796787,
        "units_created": 0.0,
        "units_lost": 0.0,
        "net_units": 0.0,
        "is_residential": true,
        "is_active": true,
        "in_period": false,
        "requested_geography": "downtown",
        "in_requested_geography": true,
        "spatial_qa": "point_in_polygon_tested",
        "metric_roles": "active_inventory|period_flow",
        "source_page": "https://data.winnipeg.ca/d/it4w-cpf4",
        "retrieved_at_utc": "2026-07-17T18:30:45.175912+00:00",
        "metric_membership": "active"
      }
    },
    {
      "type": "Feature",
      "id": "detailed_building_permits:25-246949 MU",
      "geometry": {
        "type": "Point",
        "coordinates": [
          -97.13680511335828,
          49.887374354965466
        ]
      },
      "properties": {
        "city": "Winnipeg",
        "dtuid": "602110401",
        "feed": "detailed_building_permits",
        "source_record_id": "25-246949 MU",
        "status": "Issued",
        "permit_type": "Multi-Residential",
        "permit_class": "Apartments",
        "work_type": "Alter Exterior",
        "description": null,
        "address": "85  Garry ST 6th - 26th Floor",
        "applied_date": "2025-10-28T00:00:00.000",
        "issued_date": "2025-11-18T00:00:00.000",
        "completed_date": null,
        "period_date": "2025-11-18T00:00:00.000",
        "longitude": -97.13680511335828,
        "latitude": 49.887374354965466,
        "units_created": 0.0,
        "units_lost": 0.0,
        "net_units": 0.0,
        "is_residential": true,
        "is_active": true,
        "in_period": false,
        "requested_geography": "downtown",
        "in_requested_geography": true,
        "spatial_qa": "point_in_polygon_tested",
        "metric_roles": "active_inventory|period_flow",
        "source_page": "https://data.winnipeg.ca/d/it4w-cpf4",
        "retrieved_at_utc": "2026-07-17T18:30:45.175912+00:00",
        "metric_membership": "active"
      }
    },
    {
      "type": "Feature",
      "id": "detailed_building_permits:25-251068 MU",
      "geometry": {
        "type": "Point",
        "coordinates": [
          -97.15387455544555,
          49.884989308774834
        ]
      },
      "properties": {
        "city": "Winnipeg",
        "dtuid": "602110401",
        "feed": "detailed_building_permits",
        "source_record_id": "25-251068 MU",
        "status": "Issued",
        "permit_type": "Multi-Residential",
        "permit_class": "Residential Multi-Use",
        "work_type": "Partial Permit-Foundation",
        "description": null,
        "address": "147  Spence ST",
        "applied_date": "2025-08-06T00:00:00.000",
        "issued_date": "2025-12-01T00:00:00.000",
        "completed_date": null,
        "period_date": "2025-12-01T00:00:00.000",
        "longitude": -97.15387455544555,
        "latitude": 49.884989308774834,
        "units_created": 0.0,
        "units_lost": 0.0,
        "net_units": 0.0,
        "is_residential": true,
        "is_active": true,
        "in_period": false,
        "requested_geography": "downtown",
        "in_requested_geography": true,
        "spatial_qa": "point_in_polygon_tested",
        "metric_roles": "active_inventory|period_flow",
        "source_page": "https://data.winnipeg.ca/d/it4w-cpf4",
        "retrieved_at_utc": "2026-07-17T18:30:45.175912+00:00",
        "metric_membership": "active"
      }
    },
    {
      "type": "Feature",
      "id": "detailed_building_permits:25-251330 MU",
      "geometry": {
        "type": "Point",
        "coordinates": [
          -97.14050234226104,
          49.90047224059881
        ]
      },
      "properties": {
        "city": "Winnipeg",
        "dtuid": "602110401",
        "feed": "detailed_building_permits",
        "source_record_id": "25-251330 MU",
        "status": "Issued",
        "permit_type": "Multi-Residential",
        "permit_class": "Apartments",
        "work_type": "Partial Permit-Foundation",
        "description": null,
        "address": "173 & 175 Princess St",
        "applied_date": "2025-11-03T00:00:00.000",
        "issued_date": "2025-11-28T00:00:00.000",
        "completed_date": null,
        "period_date": "2025-11-28T00:00:00.000",
        "longitude": -97.14050234226104,
        "latitude": 49.90047224059881,
        "units_created": 0.0,
        "units_lost": 0.0,
        "net_units": 0.0,
        "is_residential": true,
        "is_active": true,
        "in_period": false,
        "requested_geography": "downtown",
        "in_requested_geography": true,
        "spatial_qa": "point_in_polygon_tested",
        "metric_roles": "active_inventory|period_flow",
        "source_page": "https://data.winnipeg.ca/d/it4w-cpf4",
        "retrieved_at_utc": "2026-07-17T18:30:45.175912+00:00",
        "metric_membership": "active"
      }
    },
    {
      "type": "Feature",
      "id": "detailed_building_permits:25-251769 MU",
      "geometry": {
        "type": "Point",
        "coordinates": [
          -97.14005700519535,
          49.900012642449795
        ]
      },
      "properties": {
        "city": "Winnipeg",
        "dtuid": "602110401",
        "feed": "detailed_building_permits",
        "source_record_id": "25-251769 MU",
        "status": "Issued",
        "permit_type": "Multi-Residential",
        "permit_class": "Apartments",
        "work_type": "Partial Permit-Foundation",
        "description": null,
        "address": "King Street",
        "applied_date": "2025-11-03T00:00:00.000",
        "issued_date": "2025-11-28T00:00:00.000",
        "completed_date": null,
        "period_date": "2025-11-28T00:00:00.000",
        "longitude": -97.14005700519535,
        "latitude": 49.900012642449795,
        "units_created": 0.0,
        "units_lost": 0.0,
        "net_units": 0.0,
        "is_residential": true,
        "is_active": true,
        "in_period": false,
        "requested_geography": "downtown",
        "in_requested_geography": true,
        "spatial_qa": "point_in_polygon_tested",
        "metric_roles": "active_inventory|period_flow",
        "source_page": "https://data.winnipeg.ca/d/it4w-cpf4",
        "retrieved_at_utc": "2026-07-17T18:30:45.175912+00:00",
        "metric_membership": "active"
      }
    },
    {
      "type": "Feature",
      "id": "detailed_building_permits:25-252667 MU",
      "geometry": {
        "type": "Point",
        "coordinates": [
          -97.16065107952225,
          49.89281818165731
        ]
      },
      "properties": {
        "city": "Winnipeg",
        "dtuid": "602110401",
        "feed": "detailed_building_permits",
        "source_record_id": "25-252667 MU",
        "status": "Issued",
        "permit_type": "Multi-Residential",
        "permit_class": "Apartments",
        "work_type": "Fire Repair",
        "description": null,
        "address": "626 Ellice Avenue Units 301,005,101,201",
        "applied_date": "2025-11-06T00:00:00.000",
        "issued_date": "2025-12-11T00:00:00.000",
        "completed_date": null,
        "period_date": "2025-12-11T00:00:00.000",
        "longitude": -97.16065107952225,
        "latitude": 49.89281818165731,
        "units_created": 0.0,
        "units_lost": 0.0,
        "net_units": 0.0,
        "is_residential": true,
        "is_active": true,
        "in_period": false,
        "requested_geography": "downtown",
        "in_requested_geography": true,
        "spatial_qa": "point_in_polygon_tested",
        "metric_roles": "active_inventory|period_flow",
        "source_page": "https://data.winnipeg.ca/d/it4w-cpf4",
        "retrieved_at_utc": "2026-07-17T18:30:45.175912+00:00",
        "metric_membership": "active"
      }
    },
    {
      "type": "Feature",
      "id": "detailed_building_permits:25-255539 HO",
      "geometry": {
        "type": "Point",
        "coordinates": [
          -97.15425660230973,
          49.903476888495135
        ]
      },
      "properties": {
        "city": "Winnipeg",
        "dtuid": "602110401",
        "feed": "detailed_building_permits",
        "source_record_id": "25-255539 HO",
        "status": "Issued",
        "permit_type": "Housing",
        "permit_class": "SFD",
        "work_type": "Interior and Exterior Alterations",
        "description": null,
        "address": "618 William Avenue",
        "applied_date": "2025-11-13T00:00:00.000",
        "issued_date": "2025-12-04T00:00:00.000",
        "completed_date": null,
        "period_date": "2025-12-04T00:00:00.000",
        "longitude": -97.15425660230973,
        "latitude": 49.903476888495135,
        "units_created": 0.0,
        "units_lost": 0.0,
        "net_units": 0.0,
        "is_residential": true,
        "is_active": true,
        "in_period": false,
        "requested_geography": "downtown",
        "in_requested_geography": true,
        "spatial_qa": "point_in_polygon_tested",
        "metric_roles": "active_inventory|period_flow",
        "source_page": "https://data.winnipeg.ca/d/it4w-cpf4",
        "retrieved_at_utc": "2026-07-17T18:30:45.175912+00:00",
        "metric_membership": "active"
      }
    },
    {
      "type": "Feature",
      "id": "detailed_building_permits:25-256805 HO",
      "geometry": {
        "type": "Point",
        "coordinates": [
          -97.16340572368063,
          49.8844054568607
        ]
      },
      "properties": {
        "city": "Winnipeg",
        "dtuid": "602110401",
        "feed": "detailed_building_permits",
        "source_record_id": "25-256805 HO",
        "status": "Closed",
        "permit_type": "Housing",
        "permit_class": "SFD",
        "work_type": "Foundation Repair",
        "description": null,
        "address": "203  Walnut ST",
        "applied_date": "2025-11-15T00:00:00.000",
        "issued_date": "2026-04-13T00:00:00.000",
        "completed_date": "2026-05-08T00:00:00.000",
        "period_date": "2026-04-13T00:00:00.000",
        "longitude": -97.16340572368063,
        "latitude": 49.8844054568607,
        "units_created": 0.0,
        "units_lost": 0.0,
        "net_units": 0.0,
        "is_residential": true,
        "is_active": false,
        "in_period": true,
        "requested_geography": "downtown",
        "in_requested_geography": true,
        "spatial_qa": "point_in_polygon_tested",
        "metric_roles": "active_inventory|period_flow",
        "source_page": "https://data.winnipeg.ca/d/it4w-cpf4",
        "retrieved_at_utc": "2026-07-17T18:30:45.175912+00:00",
        "metric_membership": "period"
      }
    },
    {
      "type": "Feature",
      "id": "detailed_building_permits:25-259882 AS",
      "geometry": {
        "type": "Point",
        "coordinates": [
          -97.16212191743634,
          49.89984175010791
        ]
      },
      "properties": {
        "city": "Winnipeg",
        "dtuid": "602110401",
        "feed": "detailed_building_permits",
        "source_record_id": "25-259882 AS",
        "status": "Issued",
        "permit_type": "Accessory Structures",
        "permit_class": "Deck",
        "work_type": "Construct New",
        "description": null,
        "address": "676  Wellington AVE",
        "applied_date": "2025-11-17T00:00:00.000",
        "issued_date": "2026-04-22T00:00:00.000",
        "completed_date": null,
        "period_date": "2026-04-22T00:00:00.000",
        "longitude": -97.16212191743634,
        "latitude": 49.89984175010791,
        "units_created": 0.0,
        "units_lost": 0.0,
        "net_units": 0.0,
        "is_residential": true,
        "is_active": true,
        "in_period": true,
        "requested_geography": "downtown",
        "in_requested_geography": true,
        "spatial_qa": "point_in_polygon_tested",
        "metric_roles": "active_inventory|period_flow",
        "source_page": "https://data.winnipeg.ca/d/it4w-cpf4",
        "retrieved_at_utc": "2026-07-17T18:30:45.175912+00:00",
        "metric_membership": "both"
      }
    },
    {
      "type": "Feature",
      "id": "detailed_building_permits:25-262373 MU",
      "geometry": {
        "type": "Point",
        "coordinates": [
          -97.13452149268554,
          49.8987220184757
        ]
      },
      "properties": {
        "city": "Winnipeg",
        "dtuid": "602110401",
        "feed": "detailed_building_permits",
        "source_record_id": "25-262373 MU",
        "status": "Issued",
        "permit_type": "Multi-Residential",
        "permit_class": "Residential Multi-Use",
        "work_type": "Construct Addition",
        "description": null,
        "address": "120/128 James Avenue",
        "applied_date": "2025-11-19T00:00:00.000",
        "issued_date": "2026-06-08T00:00:00.000",
        "completed_date": null,
        "period_date": "2026-06-08T00:00:00.000",
        "longitude": -97.13452149268554,
        "latitude": 49.8987220184757,
        "units_created": 87.0,
        "units_lost": 0.0,
        "net_units": 87.0,
        "is_residential": true,
        "is_active": true,
        "in_period": true,
        "requested_geography": "downtown",
        "in_requested_geography": true,
        "spatial_qa": "point_in_polygon_tested",
        "metric_roles": "active_inventory|period_flow",
        "source_page": "https://data.winnipeg.ca/d/it4w-cpf4",
        "retrieved_at_utc": "2026-07-17T18:30:45.175912+00:00",
        "metric_membership": "both"
      }
    },
    {
      "type": "Feature",
      "id": "detailed_building_permits:25-262401 MU",
      "geometry": {
        "type": "Point",
        "coordinates": [
          -97.13452149268554,
          49.8987220184757
        ]
      },
      "properties": {
        "city": "Winnipeg",
        "dtuid": "602110401",
        "feed": "detailed_building_permits",
        "source_record_id": "25-262401 MU",
        "status": "Issued",
        "permit_type": "Multi-Residential",
        "permit_class": "Residential Multi-Use",
        "work_type": "Partial Permit-Foundation",
        "description": null,
        "address": "120/128 James Avenue",
        "applied_date": "2025-11-19T00:00:00.000",
        "issued_date": "2026-01-08T00:00:00.000",
        "completed_date": null,
        "period_date": "2026-01-08T00:00:00.000",
        "longitude": -97.13452149268554,
        "latitude": 49.8987220184757,
        "units_created": 0.0,
        "units_lost": 0.0,
        "net_units": 0.0,
        "is_residential": true,
        "is_active": true,
        "in_period": true,
        "requested_geography": "downtown",
        "in_requested_geography": true,
        "spatial_qa": "point_in_polygon_tested",
        "metric_roles": "active_inventory|period_flow",
        "source_page": "https://data.winnipeg.ca/d/it4w-cpf4",
        "retrieved_at_utc": "2026-07-17T18:30:45.175912+00:00",
        "metric_membership": "both"
      }
    },
    {
      "type": "Feature",
      "id": "detailed_building_permits:25-263537 MU",
      "geometry": {
        "type": "Point",
        "coordinates": [
          -97.13208329670336,
          49.88928053754672
        ]
      },
      "properties": {
        "city": "Winnipeg",
        "dtuid": "602110401",
        "feed": "detailed_building_permits",
        "source_record_id": "25-263537 MU",
        "status": "Issued",
        "permit_type": "Multi-Residential",
        "permit_class": "Apartments",
        "work_type": "Construct New",
        "description": null,
        "address": "50 Israel Asper Way",
        "applied_date": "2025-11-24T00:00:00.000",
        "issued_date": "2026-05-12T00:00:00.000",
        "completed_date": null,
        "period_date": "2026-05-12T00:00:00.000",
        "longitude": -97.13208329670336,
        "latitude": 49.88928053754672,
        "units_created": 46.0,
        "units_lost": 0.0,
        "net_units": 46.0,
        "is_residential": true,
        "is_active": true,
        "in_period": true,
        "requested_geography": "downtown",
        "in_requested_geography": true,
        "spatial_qa": "point_in_polygon_tested",
        "metric_roles": "active_inventory|period_flow",
        "source_page": "https://data.winnipeg.ca/d/it4w-cpf4",
        "retrieved_at_utc": "2026-07-17T18:30:45.175912+00:00",
        "metric_membership": "both"
      }
    },
    {
      "type": "Feature",
      "id": "detailed_building_permits:25-264099 MU",
      "geometry": {
        "type": "Point",
        "coordinates": [
          -97.14968454205068,
          49.89499451760477
        ]
      },
      "properties": {
        "city": "Winnipeg",
        "dtuid": "602110401",
        "feed": "detailed_building_permits",
        "source_record_id": "25-264099 MU",
        "status": "Issued",
        "permit_type": "Multi-Residential",
        "permit_class": "Apartments",
        "work_type": "Alter Exterior",
        "description": null,
        "address": "404 Qu'appelle Avenue",
        "applied_date": "2025-11-24T00:00:00.000",
        "issued_date": "2026-02-02T00:00:00.000",
        "completed_date": null,
        "period_date": "2026-02-02T00:00:00.000",
        "longitude": -97.14968454205068,
        "latitude": 49.89499451760477,
        "units_created": 0.0,
        "units_lost": 0.0,
        "net_units": 0.0,
        "is_residential": true,
        "is_active": true,
        "in_period": true,
        "requested_geography": "downtown",
        "in_requested_geography": true,
        "spatial_qa": "point_in_polygon_tested",
        "metric_roles": "active_inventory|period_flow",
        "source_page": "https://data.winnipeg.ca/d/it4w-cpf4",
        "retrieved_at_utc": "2026-07-17T18:30:45.175912+00:00",
        "metric_membership": "both"
      }
    },
    {
      "type": "Feature",
      "id": "detailed_building_permits:25-266331 HO",
      "geometry": {
        "type": "Point",
        "coordinates": [
          -97.14087164935863,
          49.87821411224631
        ]
      },
      "properties": {
        "city": "Winnipeg",
        "dtuid": "602110401",
        "feed": "detailed_building_permits",
        "source_record_id": "25-266331 HO",
        "status": "Issued",
        "permit_type": "Housing",
        "permit_class": "Row Housing",
        "work_type": "Construct New",
        "description": null,
        "address": "363  Wardlaw AVE Units 1-4",
        "applied_date": "2025-12-01T00:00:00.000",
        "issued_date": "2026-04-22T00:00:00.000",
        "completed_date": null,
        "period_date": "2026-04-22T00:00:00.000",
        "longitude": -97.14087164935863,
        "latitude": 49.87821411224631,
        "units_created": 4.0,
        "units_lost": 0.0,
        "net_units": 4.0,
        "is_residential": true,
        "is_active": true,
        "in_period": true,
        "requested_geography": "downtown",
        "in_requested_geography": true,
        "spatial_qa": "point_in_polygon_tested",
        "metric_roles": "active_inventory|period_flow",
        "source_page": "https://data.winnipeg.ca/d/it4w-cpf4",
        "retrieved_at_utc": "2026-07-17T18:30:45.175912+00:00",
        "metric_membership": "both"
      }
    },
    {
      "type": "Feature",
      "id": "detailed_building_permits:25-266775 HO",
      "geometry": {
        "type": "Point",
        "coordinates": [
          -97.15569199135072,
          49.887072057495644
        ]
      },
      "properties": {
        "city": "Winnipeg",
        "dtuid": "602110401",
        "feed": "detailed_building_permits",
        "source_record_id": "25-266775 HO",
        "status": "Issued",
        "permit_type": "Housing",
        "permit_class": "Duplex / Side by Side",
        "work_type": "Change of Use",
        "description": null,
        "address": "226 & 228 Young ST",
        "applied_date": "2025-12-01T00:00:00.000",
        "issued_date": "2026-03-04T00:00:00.000",
        "completed_date": null,
        "period_date": "2026-03-04T00:00:00.000",
        "longitude": -97.15569199135072,
        "latitude": 49.887072057495644,
        "units_created": 1.0,
        "units_lost": 0.0,
        "net_units": 1.0,
        "is_residential": true,
        "is_active": true,
        "in_period": true,
        "requested_geography": "downtown",
        "in_requested_geography": true,
        "spatial_qa": "point_in_polygon_tested",
        "metric_roles": "active_inventory|period_flow",
        "source_page": "https://data.winnipeg.ca/d/it4w-cpf4",
        "retrieved_at_utc": "2026-07-17T18:30:45.175912+00:00",
        "metric_membership": "both"
      }
    },
    {
      "type": "Feature",
      "id": "detailed_building_permits:25-268462 HO",
      "geometry": {
        "type": "Point",
        "coordinates": [
          -97.15368670060167,
          49.903850603413446
        ]
      },
      "properties": {
        "city": "Winnipeg",
        "dtuid": "602110401",
        "feed": "detailed_building_permits",
        "source_record_id": "25-268462 HO",
        "status": "Issued",
        "permit_type": "Housing",
        "permit_class": "SFD",
        "work_type": "Fire Repair",
        "description": null,
        "address": "607 William Avenue",
        "applied_date": "2025-12-02T00:00:00.000",
        "issued_date": "2025-12-19T00:00:00.000",
        "completed_date": null,
        "period_date": "2025-12-19T00:00:00.000",
        "longitude": -97.15368670060167,
        "latitude": 49.903850603413446,
        "units_created": 0.0,
        "units_lost": 0.0,
        "net_units": 0.0,
        "is_residential": true,
        "is_active": true,
        "in_period": false,
        "requested_geography": "downtown",
        "in_requested_geography": true,
        "spatial_qa": "point_in_polygon_tested",
        "metric_roles": "active_inventory|period_flow",
        "source_page": "https://data.winnipeg.ca/d/it4w-cpf4",
        "retrieved_at_utc": "2026-07-17T18:30:45.175912+00:00",
        "metric_membership": "active"
      }
    },
    {
      "type": "Feature",
      "id": "detailed_building_permits:25-268874 HO",
      "geometry": {
        "type": "Point",
        "coordinates": [
          -97.14087164935863,
          49.87821411224631
        ]
      },
      "properties": {
        "city": "Winnipeg",
        "dtuid": "602110401",
        "feed": "detailed_building_permits",
        "source_record_id": "25-268874 HO",
        "status": "Closed",
        "permit_type": "Housing",
        "permit_class": "SFD",
        "work_type": "Demolish",
        "description": null,
        "address": "363  Wardlaw AVE",
        "applied_date": "2025-12-05T00:00:00.000",
        "issued_date": "2026-03-12T00:00:00.000",
        "completed_date": "2026-04-29T00:00:00.000",
        "period_date": "2026-03-12T00:00:00.000",
        "longitude": -97.14087164935863,
        "latitude": 49.87821411224631,
        "units_created": 0.0,
        "units_lost": 1.0,
        "net_units": -1.0,
        "is_residential": true,
        "is_active": false,
        "in_period": true,
        "requested_geography": "downtown",
        "in_requested_geography": true,
        "spatial_qa": "point_in_polygon_tested",
        "metric_roles": "active_inventory|period_flow",
        "source_page": "https://data.winnipeg.ca/d/it4w-cpf4",
        "retrieved_at_utc": "2026-07-17T18:30:45.175912+00:00",
        "metric_membership": "period"
      }
    },
    {
      "type": "Feature",
      "id": "detailed_building_permits:25-271183 HO",
      "geometry": {
        "type": "Point",
        "coordinates": [
          -97.14087164935863,
          49.87821411224631
        ]
      },
      "properties": {
        "city": "Winnipeg",
        "dtuid": "602110401",
        "feed": "detailed_building_permits",
        "source_record_id": "25-271183 HO",
        "status": "Issued",
        "permit_type": "Housing",
        "permit_class": "Row Housing",
        "work_type": "Construct New",
        "description": null,
        "address": "363 Wardlaw Avenue Unit 1",
        "applied_date": "2025-12-11T00:00:00.000",
        "issued_date": "2026-04-22T00:00:00.000",
        "completed_date": null,
        "period_date": "2026-04-22T00:00:00.000",
        "longitude": -97.14087164935863,
        "latitude": 49.87821411224631,
        "units_created": 0.0,
        "units_lost": 0.0,
        "net_units": 0.0,
        "is_residential": true,
        "is_active": true,
        "in_period": true,
        "requested_geography": "downtown",
        "in_requested_geography": true,
        "spatial_qa": "point_in_polygon_tested",
        "metric_roles": "active_inventory|period_flow",
        "source_page": "https://data.winnipeg.ca/d/it4w-cpf4",
        "retrieved_at_utc": "2026-07-17T18:30:45.175912+00:00",
        "metric_membership": "both"
      }
    },
    {
      "type": "Feature",
      "id": "detailed_building_permits:25-271192 HO",
      "geometry": {
        "type": "Point",
        "coordinates": [
          -97.14087164935863,
          49.87821411224631
        ]
      },
      "properties": {
        "city": "Winnipeg",
        "dtuid": "602110401",
        "feed": "detailed_building_permits",
        "source_record_id": "25-271192 HO",
        "status": "Issued",
        "permit_type": "Housing",
        "permit_class": "Row Housing",
        "work_type": "Construct New",
        "description": null,
        "address": "363 Wardlaw Avenue Unit 2",
        "applied_date": "2025-12-11T00:00:00.000",
        "issued_date": "2026-04-22T00:00:00.000",
        "completed_date": null,
        "period_date": "2026-04-22T00:00:00.000",
        "longitude": -97.14087164935863,
        "latitude": 49.87821411224631,
        "units_created": 0.0,
        "units_lost": 0.0,
        "net_units": 0.0,
        "is_residential": true,
        "is_active": true,
        "in_period": true,
        "requested_geography": "downtown",
        "in_requested_geography": true,
        "spatial_qa": "point_in_polygon_tested",
        "metric_roles": "active_inventory|period_flow",
        "source_page": "https://data.winnipeg.ca/d/it4w-cpf4",
        "retrieved_at_utc": "2026-07-17T18:30:45.175912+00:00",
        "metric_membership": "both"
      }
    },
    {
      "type": "Feature",
      "id": "detailed_building_permits:25-271196 HO",
      "geometry": {
        "type": "Point",
        "coordinates": [
          -97.14087164935863,
          49.87821411224631
        ]
      },
      "properties": {
        "city": "Winnipeg",
        "dtuid": "602110401",
        "feed": "detailed_building_permits",
        "source_record_id": "25-271196 HO",
        "status": "Issued",
        "permit_type": "Housing",
        "permit_class": "Row Housing",
        "work_type": "Construct New",
        "description": null,
        "address": "363 Wardlaw Avenue Unit 3",
        "applied_date": "2025-12-11T00:00:00.000",
        "issued_date": "2026-04-22T00:00:00.000",
        "completed_date": null,
        "period_date": "2026-04-22T00:00:00.000",
        "longitude": -97.14087164935863,
        "latitude": 49.87821411224631,
        "units_created": 0.0,
        "units_lost": 0.0,
        "net_units": 0.0,
        "is_residential": true,
        "is_active": true,
        "in_period": true,
        "requested_geography": "downtown",
        "in_requested_geography": true,
        "spatial_qa": "point_in_polygon_tested",
        "metric_roles": "active_inventory|period_flow",
        "source_page": "https://data.winnipeg.ca/d/it4w-cpf4",
        "retrieved_at_utc": "2026-07-17T18:30:45.175912+00:00",
        "metric_membership": "both"
      }
    },
    {
      "type": "Feature",
      "id": "detailed_building_permits:25-271203 HO",
      "geometry": {
        "type": "Point",
        "coordinates": [
          -97.14087164935863,
          49.87821411224631
        ]
      },
      "properties": {
        "city": "Winnipeg",
        "dtuid": "602110401",
        "feed": "detailed_building_permits",
        "source_record_id": "25-271203 HO",
        "status": "Issued",
        "permit_type": "Housing",
        "permit_class": "Row Housing",
        "work_type": "Construct New",
        "description": null,
        "address": "363 Wardlaw Avenue Unit 4",
        "applied_date": "2025-12-11T00:00:00.000",
        "issued_date": "2026-04-22T00:00:00.000",
        "completed_date": null,
        "period_date": "2026-04-22T00:00:00.000",
        "longitude": -97.14087164935863,
        "latitude": 49.87821411224631,
        "units_created": 0.0,
        "units_lost": 0.0,
        "net_units": 0.0,
        "is_residential": true,
        "is_active": true,
        "in_period": true,
        "requested_geography": "downtown",
        "in_requested_geography": true,
        "spatial_qa": "point_in_polygon_tested",
        "metric_roles": "active_inventory|period_flow",
        "source_page": "https://data.winnipeg.ca/d/it4w-cpf4",
        "retrieved_at_utc": "2026-07-17T18:30:45.175912+00:00",
        "metric_membership": "both"
      }
    },
    {
      "type": "Feature",
      "id": "detailed_building_permits:25-272312 MU",
      "geometry": {
        "type": "Point",
        "coordinates": [
          -97.15261745623185,
          49.90139032267708
        ]
      },
      "properties": {
        "city": "Winnipeg",
        "dtuid": "602110401",
        "feed": "detailed_building_permits",
        "source_record_id": "25-272312 MU",
        "status": "Issued",
        "permit_type": "Multi-Residential",
        "permit_class": "Residential Multi-Use",
        "work_type": "Construct Addition",
        "description": null,
        "address": "83 Kate Street",
        "applied_date": "2025-12-15T00:00:00.000",
        "issued_date": "2026-06-19T00:00:00.000",
        "completed_date": null,
        "period_date": "2026-06-19T00:00:00.000",
        "longitude": -97.15261745623185,
        "latitude": 49.90139032267708,
        "units_created": 96.0,
        "units_lost": 0.0,
        "net_units": 96.0,
        "is_residential": true,
        "is_active": true,
        "in_period": true,
        "requested_geography": "downtown",
        "in_requested_geography": true,
        "spatial_qa": "point_in_polygon_tested",
        "metric_roles": "active_inventory|period_flow",
        "source_page": "https://data.winnipeg.ca/d/it4w-cpf4",
        "retrieved_at_utc": "2026-07-17T18:30:45.175912+00:00",
        "metric_membership": "both"
      }
    },
    {
      "type": "Feature",
      "id": "detailed_building_permits:25-272448 MU",
      "geometry": {
        "type": "Point",
        "coordinates": [
          -97.13994049086682,
          49.88806705091279
        ]
      },
      "properties": {
        "city": "Winnipeg",
        "dtuid": "602110401",
        "feed": "detailed_building_permits",
        "source_record_id": "25-272448 MU",
        "status": "Issued",
        "permit_type": "Multi-Residential",
        "permit_class": "Apartments",
        "work_type": "Interior Alteration",
        "description": null,
        "address": "301  Broadway - Unit A1-A12, 14-31",
        "applied_date": "2025-12-16T00:00:00.000",
        "issued_date": "2026-03-04T00:00:00.000",
        "completed_date": null,
        "period_date": "2026-03-04T00:00:00.000",
        "longitude": -97.13994049086682,
        "latitude": 49.88806705091279,
        "units_created": 0.0,
        "units_lost": 0.0,
        "net_units": 0.0,
        "is_residential": true,
        "is_active": true,
        "in_period": true,
        "requested_geography": "downtown",
        "in_requested_geography": true,
        "spatial_qa": "point_in_polygon_tested",
        "metric_roles": "active_inventory|period_flow",
        "source_page": "https://data.winnipeg.ca/d/it4w-cpf4",
        "retrieved_at_utc": "2026-07-17T18:30:45.175912+00:00",
        "metric_membership": "both"
      }
    },
    {
      "type": "Feature",
      "id": "detailed_building_permits:25-274302 HO",
      "geometry": {
        "type": "Point",
        "coordinates": [
          -97.1533138372824,
          49.89516799261426
        ]
      },
      "properties": {
        "city": "Winnipeg",
        "dtuid": "602110401",
        "feed": "detailed_building_permits",
        "source_record_id": "25-274302 HO",
        "status": "Closed",
        "permit_type": "Housing",
        "permit_class": "SFD",
        "work_type": "Interior and Exterior Alterations",
        "description": null,
        "address": "507  Spence ST",
        "applied_date": "2025-12-19T00:00:00.000",
        "issued_date": "2026-01-06T00:00:00.000",
        "completed_date": "2026-05-21T00:00:00.000",
        "period_date": "2026-01-06T00:00:00.000",
        "longitude": -97.1533138372824,
        "latitude": 49.89516799261426,
        "units_created": 0.0,
        "units_lost": 0.0,
        "net_units": 0.0,
        "is_residential": true,
        "is_active": false,
        "in_period": true,
        "requested_geography": "downtown",
        "in_requested_geography": true,
        "spatial_qa": "point_in_polygon_tested",
        "metric_roles": "active_inventory|period_flow",
        "source_page": "https://data.winnipeg.ca/d/it4w-cpf4",
        "retrieved_at_utc": "2026-07-17T18:30:45.175912+00:00",
        "metric_membership": "period"
      }
    },
    {
      "type": "Feature",
      "id": "detailed_building_permits:25-275680 HO",
      "geometry": {
        "type": "Point",
        "coordinates": [
          -97.15736947741628,
          49.8982386141996
        ]
      },
      "properties": {
        "city": "Winnipeg",
        "dtuid": "602110401",
        "feed": "detailed_building_permits",
        "source_record_id": "25-275680 HO",
        "status": "Issued",
        "permit_type": "Housing",
        "permit_class": "SFD",
        "work_type": "Construct New",
        "description": null,
        "address": "658 & 658A Furby Street",
        "applied_date": "2025-12-22T00:00:00.000",
        "issued_date": "2026-05-25T00:00:00.000",
        "completed_date": null,
        "period_date": "2026-05-25T00:00:00.000",
        "longitude": -97.15736947741628,
        "latitude": 49.8982386141996,
        "units_created": 1.0,
        "units_lost": 0.0,
        "net_units": 1.0,
        "is_residential": true,
        "is_active": true,
        "in_period": true,
        "requested_geography": "downtown",
        "in_requested_geography": true,
        "spatial_qa": "point_in_polygon_tested",
        "metric_roles": "active_inventory|period_flow",
        "source_page": "https://data.winnipeg.ca/d/it4w-cpf4",
        "retrieved_at_utc": "2026-07-17T18:30:45.175912+00:00",
        "metric_membership": "both"
      }
    },
    {
      "type": "Feature",
      "id": "detailed_building_permits:25-276925 MU",
      "geometry": {
        "type": "Point",
        "coordinates": [
          -97.13208329670336,
          49.88928053754672
        ]
      },
      "properties": {
        "city": "Winnipeg",
        "dtuid": "602110401",
        "feed": "detailed_building_permits",
        "source_record_id": "25-276925 MU",
        "status": "Issued",
        "permit_type": "Multi-Residential",
        "permit_class": "Apartments",
        "work_type": "Partial Permit-Foundation",
        "description": null,
        "address": "50 Israel Asper Way",
        "applied_date": "2025-10-09T00:00:00.000",
        "issued_date": "2026-01-21T00:00:00.000",
        "completed_date": null,
        "period_date": "2026-01-21T00:00:00.000",
        "longitude": -97.13208329670336,
        "latitude": 49.88928053754672,
        "units_created": 0.0,
        "units_lost": 0.0,
        "net_units": 0.0,
        "is_residential": true,
        "is_active": true,
        "in_period": true,
        "requested_geography": "downtown",
        "in_requested_geography": true,
        "spatial_qa": "point_in_polygon_tested",
        "metric_roles": "active_inventory|period_flow",
        "source_page": "https://data.winnipeg.ca/d/it4w-cpf4",
        "retrieved_at_utc": "2026-07-17T18:30:45.175912+00:00",
        "metric_membership": "both"
      }
    },
    {
      "type": "Feature",
      "id": "detailed_building_permits:26-101867 HO",
      "geometry": {
        "type": "Point",
        "coordinates": [
          -97.15462517041948,
          49.88668618456398
        ]
      },
      "properties": {
        "city": "Winnipeg",
        "dtuid": "602110401",
        "feed": "detailed_building_permits",
        "source_record_id": "26-101867 HO",
        "status": "Issued",
        "permit_type": "Housing",
        "permit_class": "SFD",
        "work_type": "Change of Use",
        "description": null,
        "address": "200/200A Spence Street",
        "applied_date": "2026-01-04T00:00:00.000",
        "issued_date": "2026-03-06T00:00:00.000",
        "completed_date": null,
        "period_date": "2026-03-06T00:00:00.000",
        "longitude": -97.15462517041948,
        "latitude": 49.88668618456398,
        "units_created": 0.0,
        "units_lost": 0.0,
        "net_units": 0.0,
        "is_residential": true,
        "is_active": true,
        "in_period": true,
        "requested_geography": "downtown",
        "in_requested_geography": true,
        "spatial_qa": "point_in_polygon_tested",
        "metric_roles": "active_inventory|period_flow",
        "source_page": "https://data.winnipeg.ca/d/it4w-cpf4",
        "retrieved_at_utc": "2026-07-17T18:30:45.175912+00:00",
        "metric_membership": "both"
      }
    },
    {
      "type": "Feature",
      "id": "detailed_building_permits:26-102859 MU",
      "geometry": {
        "type": "Point",
        "coordinates": [
          -97.1531376640682,
          49.88218799908097
        ]
      },
      "properties": {
        "city": "Winnipeg",
        "dtuid": "602110401",
        "feed": "detailed_building_permits",
        "source_record_id": "26-102859 MU",
        "status": "Issued",
        "permit_type": "Multi-Residential",
        "permit_class": "Apartments",
        "work_type": "Interior and Exterior Alterations",
        "description": null,
        "address": "35  Balmoral ST",
        "applied_date": "2026-01-13T00:00:00.000",
        "issued_date": "2026-03-24T00:00:00.000",
        "completed_date": null,
        "period_date": "2026-03-24T00:00:00.000",
        "longitude": -97.1531376640682,
        "latitude": 49.88218799908097,
        "units_created": 0.0,
        "units_lost": 0.0,
        "net_units": 0.0,
        "is_residential": true,
        "is_active": true,
        "in_period": true,
        "requested_geography": "downtown",
        "in_requested_geography": true,
        "spatial_qa": "point_in_polygon_tested",
        "metric_roles": "active_inventory|period_flow",
        "source_page": "https://data.winnipeg.ca/d/it4w-cpf4",
        "retrieved_at_utc": "2026-07-17T18:30:45.175912+00:00",
        "metric_membership": "both"
      }
    },
    {
      "type": "Feature",
      "id": "detailed_building_permits:26-102886 HO",
      "geometry": {
        "type": "Point",
        "coordinates": [
          -97.16383260207489,
          49.89376296655416
        ]
      },
      "properties": {
        "city": "Winnipeg",
        "dtuid": "602110401",
        "feed": "detailed_building_permits",
        "source_record_id": "26-102886 HO",
        "status": "Issued",
        "permit_type": "Housing",
        "permit_class": "SFD",
        "work_type": "Demolish",
        "description": null,
        "address": "475 Toronto Street",
        "applied_date": "2026-01-06T00:00:00.000",
        "issued_date": "2026-05-20T00:00:00.000",
        "completed_date": null,
        "period_date": "2026-05-20T00:00:00.000",
        "longitude": -97.16383260207489,
        "latitude": 49.89376296655416,
        "units_created": 0.0,
        "units_lost": 1.0,
        "net_units": -1.0,
        "is_residential": true,
        "is_active": true,
        "in_period": true,
        "requested_geography": "downtown",
        "in_requested_geography": true,
        "spatial_qa": "point_in_polygon_tested",
        "metric_roles": "active_inventory|period_flow",
        "source_page": "https://data.winnipeg.ca/d/it4w-cpf4",
        "retrieved_at_utc": "2026-07-17T18:30:45.175912+00:00",
        "metric_membership": "both"
      }
    },
    {
      "type": "Feature",
      "id": "detailed_building_permits:26-105385 HO",
      "geometry": {
        "type": "Point",
        "coordinates": [
          -97.15545636768296,
          49.8969795516728
        ]
      },
      "properties": {
        "city": "Winnipeg",
        "dtuid": "602110401",
        "feed": "detailed_building_permits",
        "source_record_id": "26-105385 HO",
        "status": "Issued",
        "permit_type": "Housing",
        "permit_class": "SFD",
        "work_type": "Foundation Repair",
        "description": null,
        "address": "613 Langside Street",
        "applied_date": "2026-01-09T00:00:00.000",
        "issued_date": "2026-01-21T00:00:00.000",
        "completed_date": null,
        "period_date": "2026-01-21T00:00:00.000",
        "longitude": -97.15545636768296,
        "latitude": 49.8969795516728,
        "units_created": 0.0,
        "units_lost": 0.0,
        "net_units": 0.0,
        "is_residential": true,
        "is_active": true,
        "in_period": true,
        "requested_geography": "downtown",
        "in_requested_geography": true,
        "spatial_qa": "point_in_polygon_tested",
        "metric_roles": "active_inventory|period_flow",
        "source_page": "https://data.winnipeg.ca/d/it4w-cpf4",
        "retrieved_at_utc": "2026-07-17T18:30:45.175912+00:00",
        "metric_membership": "both"
      }
    },
    {
      "type": "Feature",
      "id": "detailed_building_permits:26-106056 MU",
      "geometry": {
        "type": "Point",
        "coordinates": [
          -97.15048313014066,
          49.87883946042237
        ]
      },
      "properties": {
        "city": "Winnipeg",
        "dtuid": "602110401",
        "feed": "detailed_building_permits",
        "source_record_id": "26-106056 MU",
        "status": "Issued",
        "permit_type": "Multi-Residential",
        "permit_class": "Apartments",
        "work_type": "Interior Alteration",
        "description": null,
        "address": "55 Nassau Street N, Unit 2508",
        "applied_date": "2026-01-13T00:00:00.000",
        "issued_date": "2026-01-29T00:00:00.000",
        "completed_date": null,
        "period_date": "2026-01-29T00:00:00.000",
        "longitude": -97.15048313014066,
        "latitude": 49.87883946042237,
        "units_created": 0.0,
        "units_lost": 0.0,
        "net_units": 0.0,
        "is_residential": true,
        "is_active": true,
        "in_period": true,
        "requested_geography": "downtown",
        "in_requested_geography": true,
        "spatial_qa": "point_in_polygon_tested",
        "metric_roles": "active_inventory|period_flow",
        "source_page": "https://data.winnipeg.ca/d/it4w-cpf4",
        "retrieved_at_utc": "2026-07-17T18:30:45.175912+00:00",
        "metric_membership": "both"
      }
    },
    {
      "type": "Feature",
      "id": "detailed_building_permits:26-106266 MU",
      "geometry": {
        "type": "Point",
        "coordinates": [
          -97.14465911986315,
          49.88573530142115
        ]
      },
      "properties": {
        "city": "Winnipeg",
        "dtuid": "602110401",
        "feed": "detailed_building_permits",
        "source_record_id": "26-106266 MU",
        "status": "Issued",
        "permit_type": "Multi-Residential",
        "permit_class": "Apartments",
        "work_type": "Alter Exterior",
        "description": null,
        "address": "75  Kennedy ST",
        "applied_date": "2026-01-16T00:00:00.000",
        "issued_date": "2026-03-24T00:00:00.000",
        "completed_date": null,
        "period_date": "2026-03-24T00:00:00.000",
        "longitude": -97.14465911986315,
        "latitude": 49.88573530142115,
        "units_created": 0.0,
        "units_lost": 0.0,
        "net_units": 0.0,
        "is_residential": true,
        "is_active": true,
        "in_period": true,
        "requested_geography": "downtown",
        "in_requested_geography": true,
        "spatial_qa": "point_in_polygon_tested",
        "metric_roles": "active_inventory|period_flow",
        "source_page": "https://data.winnipeg.ca/d/it4w-cpf4",
        "retrieved_at_utc": "2026-07-17T18:30:45.175912+00:00",
        "metric_membership": "both"
      }
    },
    {
      "type": "Feature",
      "id": "detailed_building_permits:26-108045 HO",
      "geometry": {
        "type": "Point",
        "coordinates": [
          -97.15673027992236,
          49.8957931867684
        ]
      },
      "properties": {
        "city": "Winnipeg",
        "dtuid": "602110401",
        "feed": "detailed_building_permits",
        "source_record_id": "26-108045 HO",
        "status": "Issued",
        "permit_type": "Housing",
        "permit_class": "SFD",
        "work_type": "Construct New",
        "description": null,
        "address": "577 & 577A Furby Street",
        "applied_date": "2026-01-16T00:00:00.000",
        "issued_date": "2026-02-09T00:00:00.000",
        "completed_date": null,
        "period_date": "2026-02-09T00:00:00.000",
        "longitude": -97.15673027992236,
        "latitude": 49.8957931867684,
        "units_created": 1.0,
        "units_lost": 0.0,
        "net_units": 1.0,
        "is_residential": true,
        "is_active": true,
        "in_period": true,
        "requested_geography": "downtown",
        "in_requested_geography": true,
        "spatial_qa": "point_in_polygon_tested",
        "metric_roles": "active_inventory|period_flow",
        "source_page": "https://data.winnipeg.ca/d/it4w-cpf4",
        "retrieved_at_utc": "2026-07-17T18:30:45.175912+00:00",
        "metric_membership": "both"
      }
    },
    {
      "type": "Feature",
      "id": "detailed_building_permits:26-108432 MU",
      "geometry": {
        "type": "Point",
        "coordinates": [
          -97.15139028075693,
          49.89666081406902
        ]
      },
      "properties": {
        "city": "Winnipeg",
        "dtuid": "602110401",
        "feed": "detailed_building_permits",
        "source_record_id": "26-108432 MU",
        "status": "Closed",
        "permit_type": "Multi-Residential",
        "permit_class": "Apartments",
        "work_type": "Interior and Exterior Alterations",
        "description": null,
        "address": "444  Kennedy ST - Unit 1001",
        "applied_date": "2026-01-20T00:00:00.000",
        "issued_date": "2026-02-03T00:00:00.000",
        "completed_date": "2026-05-19T00:00:00.000",
        "period_date": "2026-02-03T00:00:00.000",
        "longitude": -97.15139028075693,
        "latitude": 49.89666081406902,
        "units_created": 0.0,
        "units_lost": 0.0,
        "net_units": 0.0,
        "is_residential": true,
        "is_active": false,
        "in_period": true,
        "requested_geography": "downtown",
        "in_requested_geography": true,
        "spatial_qa": "point_in_polygon_tested",
        "metric_roles": "active_inventory|period_flow",
        "source_page": "https://data.winnipeg.ca/d/it4w-cpf4",
        "retrieved_at_utc": "2026-07-17T18:30:45.175912+00:00",
        "metric_membership": "period"
      }
    },
    {
      "type": "Feature",
      "id": "detailed_building_permits:26-110649 MU",
      "geometry": {
        "type": "Point",
        "coordinates": [
          -97.1530600254849,
          49.901840765092984
        ]
      },
      "properties": {
        "city": "Winnipeg",
        "dtuid": "602110401",
        "feed": "detailed_building_permits",
        "source_record_id": "26-110649 MU",
        "status": "Issued",
        "permit_type": "Multi-Residential",
        "permit_class": "Boarding Houses",
        "work_type": "Interior Alteration",
        "description": null,
        "address": "566 Bannatyne Avenue",
        "applied_date": "2026-01-26T00:00:00.000",
        "issued_date": "2026-03-04T00:00:00.000",
        "completed_date": null,
        "period_date": "2026-03-04T00:00:00.000",
        "longitude": -97.1530600254849,
        "latitude": 49.901840765092984,
        "units_created": 0.0,
        "units_lost": 0.0,
        "net_units": 0.0,
        "is_residential": true,
        "is_active": true,
        "in_period": true,
        "requested_geography": "downtown",
        "in_requested_geography": true,
        "spatial_qa": "point_in_polygon_tested",
        "metric_roles": "active_inventory|period_flow",
        "source_page": "https://data.winnipeg.ca/d/it4w-cpf4",
        "retrieved_at_utc": "2026-07-17T18:30:45.175912+00:00",
        "metric_membership": "both"
      }
    },
    {
      "type": "Feature",
      "id": "detailed_building_permits:26-111878 MU",
      "geometry": {
        "type": "Point",
        "coordinates": [
          -97.14830426443812,
          49.889951484998704
        ]
      },
      "properties": {
        "city": "Winnipeg",
        "dtuid": "602110401",
        "feed": "detailed_building_permits",
        "source_record_id": "26-111878 MU",
        "status": "Issued",
        "permit_type": "Multi-Residential",
        "permit_class": "Apartments",
        "work_type": "Repair",
        "description": null,
        "address": "225 Vaughan Street, Unit 101-105",
        "applied_date": "2026-01-28T00:00:00.000",
        "issued_date": "2026-02-05T00:00:00.000",
        "completed_date": null,
        "period_date": "2026-02-05T00:00:00.000",
        "longitude": -97.14830426443812,
        "latitude": 49.889951484998704,
        "units_created": 0.0,
        "units_lost": 0.0,
        "net_units": 0.0,
        "is_residential": true,
        "is_active": true,
        "in_period": true,
        "requested_geography": "downtown",
        "in_requested_geography": true,
        "spatial_qa": "point_in_polygon_tested",
        "metric_roles": "active_inventory|period_flow",
        "source_page": "https://data.winnipeg.ca/d/it4w-cpf4",
        "retrieved_at_utc": "2026-07-17T18:30:45.175912+00:00",
        "metric_membership": "both"
      }
    },
    {
      "type": "Feature",
      "id": "detailed_building_permits:26-112123 MU",
      "geometry": {
        "type": "Point",
        "coordinates": [
          -97.14060334965463,
          49.88399660061423
        ]
      },
      "properties": {
        "city": "Winnipeg",
        "dtuid": "602110401",
        "feed": "detailed_building_permits",
        "source_record_id": "26-112123 MU",
        "status": "Issued",
        "permit_type": "Multi-Residential",
        "permit_class": "Apartments",
        "work_type": "Interior Alteration",
        "description": null,
        "address": "390 Assiniboine Avenue Unit 2402",
        "applied_date": "2026-01-29T00:00:00.000",
        "issued_date": "2026-03-04T00:00:00.000",
        "completed_date": null,
        "period_date": "2026-03-04T00:00:00.000",
        "longitude": -97.14060334965463,
        "latitude": 49.88399660061423,
        "units_created": 0.0,
        "units_lost": 0.0,
        "net_units": 0.0,
        "is_residential": true,
        "is_active": true,
        "in_period": true,
        "requested_geography": "downtown",
        "in_requested_geography": true,
        "spatial_qa": "point_in_polygon_tested",
        "metric_roles": "active_inventory|period_flow",
        "source_page": "https://data.winnipeg.ca/d/it4w-cpf4",
        "retrieved_at_utc": "2026-07-17T18:30:45.175912+00:00",
        "metric_membership": "both"
      }
    },
    {
      "type": "Feature",
      "id": "detailed_building_permits:26-112533 MU",
      "geometry": {
        "type": "Point",
        "coordinates": [
          -97.14058243017676,
          49.88479368193391
        ]
      },
      "properties": {
        "city": "Winnipeg",
        "dtuid": "602110401",
        "feed": "detailed_building_permits",
        "source_record_id": "26-112533 MU",
        "status": "Issued",
        "permit_type": "Multi-Residential",
        "permit_class": "Apartments",
        "work_type": "Interior and Exterior Alterations",
        "description": null,
        "address": "375 Assiniboine Avenue",
        "applied_date": "2026-01-30T00:00:00.000",
        "issued_date": "2026-03-10T00:00:00.000",
        "completed_date": null,
        "period_date": "2026-03-10T00:00:00.000",
        "longitude": -97.14058243017676,
        "latitude": 49.88479368193391,
        "units_created": 0.0,
        "units_lost": 0.0,
        "net_units": 0.0,
        "is_residential": true,
        "is_active": true,
        "in_period": true,
        "requested_geography": "downtown",
        "in_requested_geography": true,
        "spatial_qa": "point_in_polygon_tested",
        "metric_roles": "active_inventory|period_flow",
        "source_page": "https://data.winnipeg.ca/d/it4w-cpf4",
        "retrieved_at_utc": "2026-07-17T18:30:45.175912+00:00",
        "metric_membership": "both"
      }
    },
    {
      "type": "Feature",
      "id": "detailed_building_permits:26-112880 MU",
      "geometry": {
        "type": "Point",
        "coordinates": [
          -97.14572816491558,
          49.888868689288266
        ]
      },
      "properties": {
        "city": "Winnipeg",
        "dtuid": "602110401",
        "feed": "detailed_building_permits",
        "source_record_id": "26-112880 MU",
        "status": "Issued",
        "permit_type": "Multi-Residential",
        "permit_class": "Apartments",
        "work_type": "Interior and Exterior Alterations",
        "description": null,
        "address": "172  Edmonton ST",
        "applied_date": "2026-02-02T00:00:00.000",
        "issued_date": "2026-03-18T00:00:00.000",
        "completed_date": null,
        "period_date": "2026-03-18T00:00:00.000",
        "longitude": -97.14572816491558,
        "latitude": 49.888868689288266,
        "units_created": 0.0,
        "units_lost": 0.0,
        "net_units": 0.0,
        "is_residential": true,
        "is_active": true,
        "in_period": true,
        "requested_geography": "downtown",
        "in_requested_geography": true,
        "spatial_qa": "point_in_polygon_tested",
        "metric_roles": "active_inventory|period_flow",
        "source_page": "https://data.winnipeg.ca/d/it4w-cpf4",
        "retrieved_at_utc": "2026-07-17T18:30:45.175912+00:00",
        "metric_membership": "both"
      }
    },
    {
      "type": "Feature",
      "id": "detailed_building_permits:26-112940 MU",
      "geometry": {
        "type": "Point",
        "coordinates": [
          -97.13177052980535,
          49.888647911550386
        ]
      },
      "properties": {
        "city": "Winnipeg",
        "dtuid": "602110401",
        "feed": "detailed_building_permits",
        "source_record_id": "26-112940 MU",
        "status": "Issued",
        "permit_type": "Multi-Residential",
        "permit_class": "Apartments",
        "work_type": "Construct New",
        "description": null,
        "address": "26  Israel Asper WAY",
        "applied_date": "2026-02-03T00:00:00.000",
        "issued_date": "2026-04-07T00:00:00.000",
        "completed_date": null,
        "period_date": "2026-04-07T00:00:00.000",
        "longitude": -97.13177052980535,
        "latitude": 49.888647911550386,
        "units_created": 33.0,
        "units_lost": 0.0,
        "net_units": 33.0,
        "is_residential": true,
        "is_active": true,
        "in_period": true,
        "requested_geography": "downtown",
        "in_requested_geography": true,
        "spatial_qa": "point_in_polygon_tested",
        "metric_roles": "active_inventory|period_flow",
        "source_page": "https://data.winnipeg.ca/d/it4w-cpf4",
        "retrieved_at_utc": "2026-07-17T18:30:45.175912+00:00",
        "metric_membership": "both"
      }
    },
    {
      "type": "Feature",
      "id": "detailed_building_permits:26-114825 MU",
      "geometry": {
        "type": "Point",
        "coordinates": [
          -97.13229890795489,
          49.88989948965858
        ]
      },
      "properties": {
        "city": "Winnipeg",
        "dtuid": "602110401",
        "feed": "detailed_building_permits",
        "source_record_id": "26-114825 MU",
        "status": "Issued",
        "permit_type": "Multi-Residential",
        "permit_class": "Apartments",
        "work_type": "Construct New",
        "description": null,
        "address": "72 Israel Asper Way",
        "applied_date": "2026-02-04T00:00:00.000",
        "issued_date": "2026-02-12T00:00:00.000",
        "completed_date": null,
        "period_date": "2026-02-12T00:00:00.000",
        "longitude": -97.13229890795489,
        "latitude": 49.88989948965858,
        "units_created": 91.0,
        "units_lost": 0.0,
        "net_units": 91.0,
        "is_residential": true,
        "is_active": true,
        "in_period": true,
        "requested_geography": "downtown",
        "in_requested_geography": true,
        "spatial_qa": "point_in_polygon_tested",
        "metric_roles": "active_inventory|period_flow",
        "source_page": "https://data.winnipeg.ca/d/it4w-cpf4",
        "retrieved_at_utc": "2026-07-17T18:30:45.175912+00:00",
        "metric_membership": "both"
      }
    },
    {
      "type": "Feature",
      "id": "detailed_building_permits:26-115474 HO",
      "geometry": {
        "type": "Point",
        "coordinates": [
          -97.1537812397123,
          49.903880937116774
        ]
      },
      "properties": {
        "city": "Winnipeg",
        "dtuid": "602110401",
        "feed": "detailed_building_permits",
        "source_record_id": "26-115474 HO",
        "status": "Issued",
        "permit_type": "Housing",
        "permit_class": "SFD",
        "work_type": "Fire Repair",
        "description": null,
        "address": "613  William AVE",
        "applied_date": "2026-02-08T00:00:00.000",
        "issued_date": "2026-02-23T00:00:00.000",
        "completed_date": null,
        "period_date": "2026-02-23T00:00:00.000",
        "longitude": -97.1537812397123,
        "latitude": 49.903880937116774,
        "units_created": 0.0,
        "units_lost": 0.0,
        "net_units": 0.0,
        "is_residential": true,
        "is_active": true,
        "in_period": true,
        "requested_geography": "downtown",
        "in_requested_geography": true,
        "spatial_qa": "point_in_polygon_tested",
        "metric_roles": "active_inventory|period_flow",
        "source_page": "https://data.winnipeg.ca/d/it4w-cpf4",
        "retrieved_at_utc": "2026-07-17T18:30:45.175912+00:00",
        "metric_membership": "both"
      }
    },
    {
      "type": "Feature",
      "id": "detailed_building_permits:26-115552 MU",
      "geometry": {
        "type": "Point",
        "coordinates": [
          -97.15909172396853,
          49.89409035188847
        ]
      },
      "properties": {
        "city": "Winnipeg",
        "dtuid": "602110401",
        "feed": "detailed_building_permits",
        "source_record_id": "26-115552 MU",
        "status": "Issued",
        "permit_type": "Multi-Residential",
        "permit_class": "Apartments",
        "work_type": "Repair",
        "description": null,
        "address": "508  Sherbrook ST",
        "applied_date": "2026-02-09T00:00:00.000",
        "issued_date": "2026-02-12T00:00:00.000",
        "completed_date": null,
        "period_date": "2026-02-12T00:00:00.000",
        "longitude": -97.15909172396853,
        "latitude": 49.89409035188847,
        "units_created": 0.0,
        "units_lost": 0.0,
        "net_units": 0.0,
        "is_residential": true,
        "is_active": true,
        "in_period": true,
        "requested_geography": "downtown",
        "in_requested_geography": true,
        "spatial_qa": "point_in_polygon_tested",
        "metric_roles": "active_inventory|period_flow",
        "source_page": "https://data.winnipeg.ca/d/it4w-cpf4",
        "retrieved_at_utc": "2026-07-17T18:30:45.175912+00:00",
        "metric_membership": "both"
      }
    },
    {
      "type": "Feature",
      "id": "detailed_building_permits:26-116002 AS",
      "geometry": {
        "type": "Point",
        "coordinates": [
          -97.16405660876721,
          49.89072203915223
        ]
      },
      "properties": {
        "city": "Winnipeg",
        "dtuid": "602110401",
        "feed": "detailed_building_permits",
        "source_record_id": "26-116002 AS",
        "status": "Closed",
        "permit_type": "Accessory Structures",
        "permit_class": "Deck",
        "work_type": "Construct New",
        "description": null,
        "address": "371 Toronto Street",
        "applied_date": "2026-02-06T00:00:00.000",
        "issued_date": "2026-02-11T00:00:00.000",
        "completed_date": "2026-04-21T00:00:00.000",
        "period_date": "2026-02-11T00:00:00.000",
        "longitude": -97.16405660876721,
        "latitude": 49.89072203915223,
        "units_created": 0.0,
        "units_lost": 0.0,
        "net_units": 0.0,
        "is_residential": true,
        "is_active": false,
        "in_period": true,
        "requested_geography": "downtown",
        "in_requested_geography": true,
        "spatial_qa": "point_in_polygon_tested",
        "metric_roles": "active_inventory|period_flow",
        "source_page": "https://data.winnipeg.ca/d/it4w-cpf4",
        "retrieved_at_utc": "2026-07-17T18:30:45.175912+00:00",
        "metric_membership": "period"
      }
    },
    {
      "type": "Feature",
      "id": "detailed_building_permits:26-116070 MU",
      "geometry": {
        "type": "Point",
        "coordinates": [
          -97.15354231130874,
          49.87966588341927
        ]
      },
      "properties": {
        "city": "Winnipeg",
        "dtuid": "602110401",
        "feed": "detailed_building_permits",
        "source_record_id": "26-116070 MU",
        "status": "Issued",
        "permit_type": "Multi-Residential",
        "permit_class": "Apartments",
        "work_type": "Alter Exterior",
        "description": null,
        "address": "300  Roslyn RD",
        "applied_date": "2026-02-11T00:00:00.000",
        "issued_date": "2026-03-19T00:00:00.000",
        "completed_date": null,
        "period_date": "2026-03-19T00:00:00.000",
        "longitude": -97.15354231130874,
        "latitude": 49.87966588341927,
        "units_created": 0.0,
        "units_lost": 0.0,
        "net_units": 0.0,
        "is_residential": true,
        "is_active": true,
        "in_period": true,
        "requested_geography": "downtown",
        "in_requested_geography": true,
        "spatial_qa": "point_in_polygon_tested",
        "metric_roles": "active_inventory|period_flow",
        "source_page": "https://data.winnipeg.ca/d/it4w-cpf4",
        "retrieved_at_utc": "2026-07-17T18:30:45.175912+00:00",
        "metric_membership": "both"
      }
    },
    {
      "type": "Feature",
      "id": "detailed_building_permits:26-116284 MU",
      "geometry": {
        "type": "Point",
        "coordinates": [
          -97.1512785670777,
          49.895071778774195
        ]
      },
      "properties": {
        "city": "Winnipeg",
        "dtuid": "602110401",
        "feed": "detailed_building_permits",
        "source_record_id": "26-116284 MU",
        "status": "Closed",
        "permit_type": "Multi-Residential",
        "permit_class": "Apartments",
        "work_type": "Interior and Exterior Alterations",
        "description": null,
        "address": "429 Qu'appelle Avenue Unit 25",
        "applied_date": "2026-02-09T00:00:00.000",
        "issued_date": "2026-03-10T00:00:00.000",
        "completed_date": "2026-04-29T00:00:00.000",
        "period_date": "2026-03-10T00:00:00.000",
        "longitude": -97.1512785670777,
        "latitude": 49.895071778774195,
        "units_created": 0.0,
        "units_lost": 0.0,
        "net_units": 0.0,
        "is_residential": true,
        "is_active": false,
        "in_period": true,
        "requested_geography": "downtown",
        "in_requested_geography": true,
        "spatial_qa": "point_in_polygon_tested",
        "metric_roles": "active_inventory|period_flow",
        "source_page": "https://data.winnipeg.ca/d/it4w-cpf4",
        "retrieved_at_utc": "2026-07-17T18:30:45.175912+00:00",
        "metric_membership": "period"
      }
    },
    {
      "type": "Feature",
      "id": "detailed_building_permits:26-117771 MU",
      "geometry": {
        "type": "Point",
        "coordinates": [
          -97.15250614851071,
          49.878723859463705
        ]
      },
      "properties": {
        "city": "Winnipeg",
        "dtuid": "602110401",
        "feed": "detailed_building_permits",
        "source_record_id": "26-117771 MU",
        "status": "Issued",
        "permit_type": "Multi-Residential",
        "permit_class": "Apartments",
        "work_type": "Structural Alteration",
        "description": null,
        "address": "246  Roslyn RD",
        "applied_date": "2026-02-13T00:00:00.000",
        "issued_date": "2026-04-16T00:00:00.000",
        "completed_date": null,
        "period_date": "2026-04-16T00:00:00.000",
        "longitude": -97.15250614851071,
        "latitude": 49.878723859463705,
        "units_created": 0.0,
        "units_lost": 0.0,
        "net_units": 0.0,
        "is_residential": true,
        "is_active": true,
        "in_period": true,
        "requested_geography": "downtown",
        "in_requested_geography": true,
        "spatial_qa": "point_in_polygon_tested",
        "metric_roles": "active_inventory|period_flow",
        "source_page": "https://data.winnipeg.ca/d/it4w-cpf4",
        "retrieved_at_utc": "2026-07-17T18:30:45.175912+00:00",
        "metric_membership": "both"
      }
    },
    {
      "type": "Feature",
      "id": "detailed_building_permits:26-124307 AS",
      "geometry": {
        "type": "Point",
        "coordinates": [
          -97.15133651741394,
          49.9025459393305
        ]
      },
      "properties": {
        "city": "Winnipeg",
        "dtuid": "602110401",
        "feed": "detailed_building_permits",
        "source_record_id": "26-124307 AS",
        "status": "Issued",
        "permit_type": "Accessory Structures",
        "permit_class": "Detached Garage",
        "work_type": "Demolish",
        "description": null,
        "address": "540 William Avenue",
        "applied_date": "2026-02-25T00:00:00.000",
        "issued_date": "2026-03-23T00:00:00.000",
        "completed_date": null,
        "period_date": "2026-03-23T00:00:00.000",
        "longitude": -97.15133651741394,
        "latitude": 49.9025459393305,
        "units_created": 0.0,
        "units_lost": 0.0,
        "net_units": 0.0,
        "is_residential": true,
        "is_active": true,
        "in_period": true,
        "requested_geography": "downtown",
        "in_requested_geography": true,
        "spatial_qa": "point_in_polygon_tested",
        "metric_roles": "active_inventory|period_flow",
        "source_page": "https://data.winnipeg.ca/d/it4w-cpf4",
        "retrieved_at_utc": "2026-07-17T18:30:45.175912+00:00",
        "metric_membership": "both"
      }
    },
    {
      "type": "Feature",
      "id": "detailed_building_permits:26-127243 MU",
      "geometry": {
        "type": "Point",
        "coordinates": [
          -97.15161308306469,
          49.90088273823504
        ]
      },
      "properties": {
        "city": "Winnipeg",
        "dtuid": "602110401",
        "feed": "detailed_building_permits",
        "source_record_id": "26-127243 MU",
        "status": "Closed",
        "permit_type": "Multi-Residential",
        "permit_class": "Rooming Houses",
        "work_type": "Fire Repair",
        "description": null,
        "address": "521 McDermot AVE, 3rd Floor",
        "applied_date": "2026-03-11T00:00:00.000",
        "issued_date": "2026-05-26T00:00:00.000",
        "completed_date": "2026-06-17T00:00:00.000",
        "period_date": "2026-05-26T00:00:00.000",
        "longitude": -97.15161308306469,
        "latitude": 49.90088273823504,
        "units_created": 0.0,
        "units_lost": 0.0,
        "net_units": 0.0,
        "is_residential": true,
        "is_active": false,
        "in_period": true,
        "requested_geography": "downtown",
        "in_requested_geography": true,
        "spatial_qa": "point_in_polygon_tested",
        "metric_roles": "active_inventory|period_flow",
        "source_page": "https://data.winnipeg.ca/d/it4w-cpf4",
        "retrieved_at_utc": "2026-07-17T18:30:45.175912+00:00",
        "metric_membership": "period"
      }
    },
    {
      "type": "Feature",
      "id": "detailed_building_permits:26-129049 MU",
      "geometry": {
        "type": "Point",
        "coordinates": [
          -97.15155247815954,
          49.89310034874286
        ]
      },
      "properties": {
        "city": "Winnipeg",
        "dtuid": "602110401",
        "feed": "detailed_building_permits",
        "source_record_id": "26-129049 MU",
        "status": "Issued",
        "permit_type": "Multi-Residential",
        "permit_class": "Residential Multi-Use",
        "work_type": "Interior Alteration",
        "description": null,
        "address": "447 Webb Place",
        "applied_date": "2026-03-13T00:00:00.000",
        "issued_date": "2026-06-22T00:00:00.000",
        "completed_date": null,
        "period_date": "2026-06-22T00:00:00.000",
        "longitude": -97.15155247815954,
        "latitude": 49.89310034874286,
        "units_created": 0.0,
        "units_lost": 0.0,
        "net_units": 0.0,
        "is_residential": true,
        "is_active": true,
        "in_period": true,
        "requested_geography": "downtown",
        "in_requested_geography": true,
        "spatial_qa": "point_in_polygon_tested",
        "metric_roles": "active_inventory|period_flow",
        "source_page": "https://data.winnipeg.ca/d/it4w-cpf4",
        "retrieved_at_utc": "2026-07-17T18:30:45.175912+00:00",
        "metric_membership": "both"
      }
    },
    {
      "type": "Feature",
      "id": "detailed_building_permits:26-129786 HO",
      "geometry": {
        "type": "Point",
        "coordinates": [
          -97.14671674673932,
          49.89978810959575
        ]
      },
      "properties": {
        "city": "Winnipeg",
        "dtuid": "602110401",
        "feed": "detailed_building_permits",
        "source_record_id": "26-129786 HO",
        "status": "Issued",
        "permit_type": "Housing",
        "permit_class": "SFD",
        "work_type": "Demolish",
        "description": null,
        "address": "404 Bannatyne Avenue",
        "applied_date": "2026-03-12T00:00:00.000",
        "issued_date": "2026-06-24T00:00:00.000",
        "completed_date": null,
        "period_date": "2026-06-24T00:00:00.000",
        "longitude": -97.14671674673932,
        "latitude": 49.89978810959575,
        "units_created": 0.0,
        "units_lost": 1.0,
        "net_units": -1.0,
        "is_residential": true,
        "is_active": true,
        "in_period": true,
        "requested_geography": "downtown",
        "in_requested_geography": true,
        "spatial_qa": "point_in_polygon_tested",
        "metric_roles": "active_inventory|period_flow",
        "source_page": "https://data.winnipeg.ca/d/it4w-cpf4",
        "retrieved_at_utc": "2026-07-17T18:30:45.175912+00:00",
        "metric_membership": "both"
      }
    },
    {
      "type": "Feature",
      "id": "detailed_building_permits:26-130936 HO",
      "geometry": {
        "type": "Point",
        "coordinates": [
          -97.16100173784946,
          49.895597493717695
        ]
      },
      "properties": {
        "city": "Winnipeg",
        "dtuid": "602110401",
        "feed": "detailed_building_permits",
        "source_record_id": "26-130936 HO",
        "status": "Issued",
        "permit_type": "Housing",
        "permit_class": "SFD",
        "work_type": "Develop Lower Level",
        "description": null,
        "address": "560  McGee ST",
        "applied_date": "2026-03-18T00:00:00.000",
        "issued_date": "2026-03-23T00:00:00.000",
        "completed_date": null,
        "period_date": "2026-03-23T00:00:00.000",
        "longitude": -97.16100173784946,
        "latitude": 49.895597493717695,
        "units_created": 0.0,
        "units_lost": 0.0,
        "net_units": 0.0,
        "is_residential": true,
        "is_active": true,
        "in_period": true,
        "requested_geography": "downtown",
        "in_requested_geography": true,
        "spatial_qa": "point_in_polygon_tested",
        "metric_roles": "active_inventory|period_flow",
        "source_page": "https://data.winnipeg.ca/d/it4w-cpf4",
        "retrieved_at_utc": "2026-07-17T18:30:45.175912+00:00",
        "metric_membership": "both"
      }
    },
    {
      "type": "Feature",
      "id": "detailed_building_permits:26-131172 MU",
      "geometry": {
        "type": "Point",
        "coordinates": [
          -97.13767771767742,
          49.8834091061063
        ]
      },
      "properties": {
        "city": "Winnipeg",
        "dtuid": "602110401",
        "feed": "detailed_building_permits",
        "source_record_id": "26-131172 MU",
        "status": "Issued",
        "permit_type": "Multi-Residential",
        "permit_class": "Residential Multi-Use",
        "work_type": "Interior Alteration",
        "description": null,
        "address": "1 Mayfair Place",
        "applied_date": "2026-03-18T00:00:00.000",
        "issued_date": "2026-04-01T00:00:00.000",
        "completed_date": null,
        "period_date": "2026-04-01T00:00:00.000",
        "longitude": -97.13767771767742,
        "latitude": 49.8834091061063,
        "units_created": 0.0,
        "units_lost": 0.0,
        "net_units": 0.0,
        "is_residential": true,
        "is_active": true,
        "in_period": true,
        "requested_geography": "downtown",
        "in_requested_geography": true,
        "spatial_qa": "point_in_polygon_tested",
        "metric_roles": "active_inventory|period_flow",
        "source_page": "https://data.winnipeg.ca/d/it4w-cpf4",
        "retrieved_at_utc": "2026-07-17T18:30:45.175912+00:00",
        "metric_membership": "both"
      }
    },
    {
      "type": "Feature",
      "id": "detailed_building_permits:26-134003 AS",
      "geometry": {
        "type": "Point",
        "coordinates": [
          -97.15672540996033,
          49.89586109626551
        ]
      },
      "properties": {
        "city": "Winnipeg",
        "dtuid": "602110401",
        "feed": "detailed_building_permits",
        "source_record_id": "26-134003 AS",
        "status": "Closed",
        "permit_type": "Accessory Structures",
        "permit_class": "Detached Garage",
        "work_type": "Demolish",
        "description": null,
        "address": "579 Furby Street",
        "applied_date": "2026-03-23T00:00:00.000",
        "issued_date": "2026-04-13T00:00:00.000",
        "completed_date": "2026-06-08T00:00:00.000",
        "period_date": "2026-04-13T00:00:00.000",
        "longitude": -97.15672540996033,
        "latitude": 49.89586109626551,
        "units_created": 0.0,
        "units_lost": 0.0,
        "net_units": 0.0,
        "is_residential": true,
        "is_active": false,
        "in_period": true,
        "requested_geography": "downtown",
        "in_requested_geography": true,
        "spatial_qa": "point_in_polygon_tested",
        "metric_roles": "active_inventory|period_flow",
        "source_page": "https://data.winnipeg.ca/d/it4w-cpf4",
        "retrieved_at_utc": "2026-07-17T18:30:45.175912+00:00",
        "metric_membership": "period"
      }
    },
    {
      "type": "Feature",
      "id": "detailed_building_permits:26-139478 MU",
      "geometry": {
        "type": "Point",
        "coordinates": [
          -97.1590632367416,
          49.88232881226085
        ]
      },
      "properties": {
        "city": "Winnipeg",
        "dtuid": "602110401",
        "feed": "detailed_building_permits",
        "source_record_id": "26-139478 MU",
        "status": "Issued",
        "permit_type": "Multi-Residential",
        "permit_class": "Apartments",
        "work_type": "Interior Alteration",
        "description": null,
        "address": "115  Sherbrook ST - Unit A, 1, 21, 31",
        "applied_date": "2026-04-08T00:00:00.000",
        "issued_date": "2026-04-24T00:00:00.000",
        "completed_date": null,
        "period_date": "2026-04-24T00:00:00.000",
        "longitude": -97.1590632367416,
        "latitude": 49.88232881226085,
        "units_created": 0.0,
        "units_lost": 0.0,
        "net_units": 0.0,
        "is_residential": true,
        "is_active": true,
        "in_period": true,
        "requested_geography": "downtown",
        "in_requested_geography": true,
        "spatial_qa": "point_in_polygon_tested",
        "metric_roles": "active_inventory|period_flow",
        "source_page": "https://data.winnipeg.ca/d/it4w-cpf4",
        "retrieved_at_utc": "2026-07-17T18:30:45.175912+00:00",
        "metric_membership": "both"
      }
    },
    {
      "type": "Feature",
      "id": "detailed_building_permits:26-158030 HO",
      "geometry": {
        "type": "Point",
        "coordinates": [
          -97.15387766178102,
          49.88257595664726
        ]
      },
      "properties": {
        "city": "Winnipeg",
        "dtuid": "602110401",
        "feed": "detailed_building_permits",
        "source_record_id": "26-158030 HO",
        "status": "Issued",
        "permit_type": "Housing",
        "permit_class": "SFD",
        "work_type": "Construct Addition",
        "description": null,
        "address": "36  Balmoral ST",
        "applied_date": "2026-05-13T00:00:00.000",
        "issued_date": "2026-06-08T00:00:00.000",
        "completed_date": null,
        "period_date": "2026-06-08T00:00:00.000",
        "longitude": -97.15387766178102,
        "latitude": 49.88257595664726,
        "units_created": 0.0,
        "units_lost": 0.0,
        "net_units": 0.0,
        "is_residential": true,
        "is_active": true,
        "in_period": true,
        "requested_geography": "downtown",
        "in_requested_geography": true,
        "spatial_qa": "point_in_polygon_tested",
        "metric_roles": "active_inventory|period_flow",
        "source_page": "https://data.winnipeg.ca/d/it4w-cpf4",
        "retrieved_at_utc": "2026-07-17T18:30:45.175912+00:00",
        "metric_membership": "both"
      }
    },
    {
      "type": "Feature",
      "id": "detailed_building_permits:26-160274 MU",
      "geometry": {
        "type": "Point",
        "coordinates": [
          -97.15171585701582,
          49.88629035696203
        ]
      },
      "properties": {
        "city": "Winnipeg",
        "dtuid": "602110401",
        "feed": "detailed_building_permits",
        "source_record_id": "26-160274 MU",
        "status": "Issued",
        "permit_type": "Multi-Residential",
        "permit_class": "Apartments",
        "work_type": "Repair",
        "description": null,
        "address": "188 Colony Street",
        "applied_date": "2026-05-19T00:00:00.000",
        "issued_date": "2026-05-27T00:00:00.000",
        "completed_date": null,
        "period_date": "2026-05-27T00:00:00.000",
        "longitude": -97.15171585701582,
        "latitude": 49.88629035696203,
        "units_created": 0.0,
        "units_lost": 0.0,
        "net_units": 0.0,
        "is_residential": true,
        "is_active": true,
        "in_period": true,
        "requested_geography": "downtown",
        "in_requested_geography": true,
        "spatial_qa": "point_in_polygon_tested",
        "metric_roles": "active_inventory|period_flow",
        "source_page": "https://data.winnipeg.ca/d/it4w-cpf4",
        "retrieved_at_utc": "2026-07-17T18:30:45.175912+00:00",
        "metric_membership": "both"
      }
    },
    {
      "type": "Feature",
      "id": "detailed_building_permits:26-160294 MU",
      "geometry": {
        "type": "Point",
        "coordinates": [
          -97.15170096923731,
          49.886457282142
        ]
      },
      "properties": {
        "city": "Winnipeg",
        "dtuid": "602110401",
        "feed": "detailed_building_permits",
        "source_record_id": "26-160294 MU",
        "status": "Issued",
        "permit_type": "Multi-Residential",
        "permit_class": "Apartments",
        "work_type": "Repair",
        "description": null,
        "address": "190 Colony Street",
        "applied_date": "2026-05-19T00:00:00.000",
        "issued_date": "2026-05-27T00:00:00.000",
        "completed_date": null,
        "period_date": "2026-05-27T00:00:00.000",
        "longitude": -97.15170096923731,
        "latitude": 49.886457282142,
        "units_created": 0.0,
        "units_lost": 0.0,
        "net_units": 0.0,
        "is_residential": true,
        "is_active": true,
        "in_period": true,
        "requested_geography": "downtown",
        "in_requested_geography": true,
        "spatial_qa": "point_in_polygon_tested",
        "metric_roles": "active_inventory|period_flow",
        "source_page": "https://data.winnipeg.ca/d/it4w-cpf4",
        "retrieved_at_utc": "2026-07-17T18:30:45.175912+00:00",
        "metric_membership": "both"
      }
    },
    {
      "type": "Feature",
      "id": "detailed_building_permits:26-160378 MU",
      "geometry": {
        "type": "Point",
        "coordinates": [
          -97.13868099788266,
          49.88068279598833
        ]
      },
      "properties": {
        "city": "Winnipeg",
        "dtuid": "602110401",
        "feed": "detailed_building_permits",
        "source_record_id": "26-160378 MU",
        "status": "Issued",
        "permit_type": "Multi-Residential",
        "permit_class": "Apartments",
        "work_type": "Fire Repair",
        "description": null,
        "address": "115  Clarke ST - Unit 503",
        "applied_date": "2026-05-19T00:00:00.000",
        "issued_date": "2026-06-03T00:00:00.000",
        "completed_date": null,
        "period_date": "2026-06-03T00:00:00.000",
        "longitude": -97.13868099788266,
        "latitude": 49.88068279598833,
        "units_created": 0.0,
        "units_lost": 0.0,
        "net_units": 0.0,
        "is_residential": true,
        "is_active": true,
        "in_period": true,
        "requested_geography": "downtown",
        "in_requested_geography": true,
        "spatial_qa": "point_in_polygon_tested",
        "metric_roles": "active_inventory|period_flow",
        "source_page": "https://data.winnipeg.ca/d/it4w-cpf4",
        "retrieved_at_utc": "2026-07-17T18:30:45.175912+00:00",
        "metric_membership": "both"
      }
    },
    {
      "type": "Feature",
      "id": "detailed_building_permits:26-160409 MU",
      "geometry": {
        "type": "Point",
        "coordinates": [
          -97.13868099788266,
          49.88068279598833
        ]
      },
      "properties": {
        "city": "Winnipeg",
        "dtuid": "602110401",
        "feed": "detailed_building_permits",
        "source_record_id": "26-160409 MU",
        "status": "Issued",
        "permit_type": "Multi-Residential",
        "permit_class": "Apartments",
        "work_type": "Fire Repair",
        "description": null,
        "address": "115  Clarke ST - Unit 401",
        "applied_date": "2026-05-19T00:00:00.000",
        "issued_date": "2026-06-03T00:00:00.000",
        "completed_date": null,
        "period_date": "2026-06-03T00:00:00.000",
        "longitude": -97.13868099788266,
        "latitude": 49.88068279598833,
        "units_created": 0.0,
        "units_lost": 0.0,
        "net_units": 0.0,
        "is_residential": true,
        "is_active": true,
        "in_period": true,
        "requested_geography": "downtown",
        "in_requested_geography": true,
        "spatial_qa": "point_in_polygon_tested",
        "metric_roles": "active_inventory|period_flow",
        "source_page": "https://data.winnipeg.ca/d/it4w-cpf4",
        "retrieved_at_utc": "2026-07-17T18:30:45.175912+00:00",
        "metric_membership": "both"
      }
    },
    {
      "type": "Feature",
      "id": "detailed_building_permits:26-165397 HO",
      "geometry": {
        "type": "Point",
        "coordinates": [
          -97.1490670263476,
          49.89957905922192
        ]
      },
      "properties": {
        "city": "Winnipeg",
        "dtuid": "602110401",
        "feed": "detailed_building_permits",
        "source_record_id": "26-165397 HO",
        "status": "Issued",
        "permit_type": "Housing",
        "permit_class": "SFD",
        "work_type": "Fire Repair",
        "description": null,
        "address": "442 McDermot Avenue",
        "applied_date": "2026-05-21T00:00:00.000",
        "issued_date": "2026-06-24T00:00:00.000",
        "completed_date": null,
        "period_date": "2026-06-24T00:00:00.000",
        "longitude": -97.1490670263476,
        "latitude": 49.89957905922192,
        "units_created": 0.0,
        "units_lost": 0.0,
        "net_units": 0.0,
        "is_residential": true,
        "is_active": true,
        "in_period": true,
        "requested_geography": "downtown",
        "in_requested_geography": true,
        "spatial_qa": "point_in_polygon_tested",
        "metric_roles": "active_inventory|period_flow",
        "source_page": "https://data.winnipeg.ca/d/it4w-cpf4",
        "retrieved_at_utc": "2026-07-17T18:30:45.175912+00:00",
        "metric_membership": "both"
      }
    },
    {
      "type": "Feature",
      "id": "detailed_building_permits:26-179695 MU",
      "geometry": {
        "type": "Point",
        "coordinates": [
          -97.15670203351594,
          49.88852266310489
        ]
      },
      "properties": {
        "city": "Winnipeg",
        "dtuid": "602110401",
        "feed": "detailed_building_permits",
        "source_record_id": "26-179695 MU",
        "status": "Issued",
        "permit_type": "Multi-Residential",
        "permit_class": "Apartments",
        "work_type": "Alter Exterior",
        "description": null,
        "address": "610 Portage Avenue",
        "applied_date": "2026-06-17T00:00:00.000",
        "issued_date": "2026-06-30T00:00:00.000",
        "completed_date": null,
        "period_date": "2026-06-30T00:00:00.000",
        "longitude": -97.15670203351594,
        "latitude": 49.88852266310489,
        "units_created": 0.0,
        "units_lost": 0.0,
        "net_units": 0.0,
        "is_residential": true,
        "is_active": true,
        "in_period": true,
        "requested_geography": "downtown",
        "in_requested_geography": true,
        "spatial_qa": "point_in_polygon_tested",
        "metric_roles": "active_inventory|period_flow",
        "source_page": "https://data.winnipeg.ca/d/it4w-cpf4",
        "retrieved_at_utc": "2026-07-17T18:30:45.175912+00:00",
        "metric_membership": "both"
      }
    }
  ]
}